sr,business_name,business_type,address,tehsil,phone,map_link
"1","private","Kite Flying - Seller","Street 6C, Siddiqia Colony Badami Bagh, Lahore, Pakistan, Ravi Town","Ravi Town","03094291412","https://www.google.com/maps?q=31.6043980,74.3285940"
"2","Kashi Kite Maker","Kite Flying - Manufacturer","C8J3+33X, Bagrian Lahore, Pakistan, Model Town","Model Town","03097277136","https://www.google.com/maps?q=31.4304420,74.3027720"
"3","Kite Craft","Kite Flying - Seller","H9PQ+9GG, Shalamar Town, Lahore, Pakistan, Shalimar Town","Shalimar Town","03248004444","https://www.google.com/maps?q=31.5859400,74.3883260"
"4","Bala kite house","Kite Flying - Manufacturer","Nishat Colony Main Rd, Nishat Colony, Lahore, Pakistan, Lahore Cantt","Lahore Cantt","03234924984","https://www.google.com/maps?q=31.4946680,74.3912520"
"5","Al Hamad kite shop","Kite Flying - Seller","Plot 127, Block J Gulberg III, Lahore, Pakistan, Allama Iqbal","Allama Iqbal","03054339804","https://www.google.com/maps?q=31.5200000,74.3500000"
"6","Safe Kite Flying Association of Punjab","Kite Flying Association","180, Mamdoot Block Mustafa Town, Lahore, 54000, Pakistan, Allama Iqbal","Allama Iqbal","03454029746","https://www.google.com/maps?q=31.4982870,74.2764830"
"7","Safe Kite Manufacturer","Kite Flying - Manufacturer","Mughalpura Road, Mughalpura, Lahore, Pakistan, Shalimar Town","Shalimar Town","03284985929","https://www.google.com/maps?q=31.5642990,74.3753490"
"8","David com","Kite Flying - Seller","China Rd, Bhagatpura, Lahore, Pakistan, Shalimar Town","Shalimar Town","03079638843","https://www.google.com/maps?q=31.6012020,74.3581290"
"9","Khurram Kite","Kite Flying - Manufacturer","Badar St, Garhi Shahu, Lahore, 54000, Pakistan, Shalimar Town","Shalimar Town","03217792254","https://www.google.com/maps?q=31.5606550,74.3517580"
"10","Bala kite house","Kite Flying - Seller","Nishat Colony Main Rd, Nishat Colony, Lahore, Pakistan, Lahore Cantt","Lahore Cantt","03234924984","https://www.google.com/maps?q=31.4946680,74.3912520"
"11","World Kite Store 🇵🇰","Kite Flying - Seller","J83C+5FC, Badami Bagh, Lahore, Pakistan, Ravi Town","Ravi Town","03030042765","https://www.google.com/maps?q=31.6027130,74.3213200"
"12","Kashi Kite Saler","Kite Flying - Seller","C8J3+33X, Bagrian Lahore, Pakistan, Model Town","Model Town","03030982389","https://www.google.com/maps?q=31.4304460,74.3027760"
"13","ASIF KITE TRADER","Kite Flying - Seller","H8J3+CHM, Shish Mahal Rd, Data Gunj Buksh Town, Lahore, Pakistan, Lahore City","Lahore City","03249420201","https://www.google.com/maps?q=31.5813550,74.3037770"
"14","Kite Manufacturer","Kite Flying - Manufacturer","G8C4+967, Shuja Rd, Combo Colony, Lahore, 54000, Pakistan, Lahore Cantt","Lahore Cantt","03334539873","https://www.google.com/maps?q=31.5208960,74.3055580"
"15","RI kite Manufurers","Kite Flying - Manufacturer","Band Rd, Lahore, 54000, Pakistan, Lahore City","Lahore City","03044308649","https://www.google.com/maps?q=31.5472540,74.2677750"
"16","KK international","Kite Flying - Trader","H8F8+9R7, Baans Bazar, Anarkali Bazaar Gawalmandi, Lahore, 54000, Pakistan, Lahore City","Lahore City","03244496238","https://www.google.com/maps?q=31.5734930,74.3170900"
"17","private","Kite Flying - Seller","54500 Rustam Park Rd, Samanabad Town, Lahore, 54000, Pakistan, Lahore City","Lahore City","03034062369","https://www.google.com/maps?q=31.5444990,74.2896650"
"18","B.S kite's","Kite Flying - Trader","10 Fane Rd, Mozang Chungi, Lahore, 54000, Pakistan, Lahore City","Lahore City","03222224002","https://www.google.com/maps?q=31.5610570,74.3145260"
"19","BZ Kites & Strings","Kite Flying - Seller","H8M5+GCM, Kucha Faqirkhana Walled City of Lahore, Lahore, 54000, Pakistan, Lahore City","Lahore City","03364441005","https://www.google.com/maps?q=31.5840690,74.3085780"
"20","JUNIOISKIDS store","Kite Flying - Seller","H9MF+7C5, Baghbanpura, Lahore, 54000, Pakistan, Shalimar Town","Shalimar Town","03201045799","https://www.google.com/maps?q=31.5831860,74.3737150"
"21","Nexa kite","Kite Flying - Manufacturer","G7PX+RW8, Samanabad Town, Lahore, 54000, Pakistan, Lahore City","Lahore City","03244649466","https://www.google.com/maps?q=31.5370260,74.2995670"
"22","Rana Enterprises","Kite Flying - Manufacturer","Band Rd, Shera Kot Lahore, 54000, Pakistan, Lahore City","Lahore City","03224876414","https://www.google.com/maps?q=31.5441600,74.2667850"
"23","Mk company","Kite Flying - Trader","China Rd, Bhagatpura, Lahore, Pakistan, Shalimar Town","Shalimar Town","03078672937","https://www.google.com/maps?q=31.6012020,74.3581290"
"24","FM Kite Club","Kite Flying - Seller","H9XW+5M7, Dilshad St, Bhagwal Nawan Mehmood Booti, Lahore, Pakistan, Shalimar Town","Shalimar Town","03084388582","https://www.google.com/maps?q=31.5980590,74.3962850"
"25","Ali kites Dealor","Kite Flying - Seller","Thokar Niaz Baig Flyover, Irrigation Colony, Lahore, Pakistan, Allama Iqbal","Allama Iqbal","03228741187","https://www.google.com/maps?q=31.4721270,74.2450290"
"26","Safe Kite Manufacturer","Kite Flying - Trader","Street 7, Madina Colony, Lahore, Pakistan, Shalimar Town","Shalimar Town","03284985929","https://www.google.com/maps?q=31.4919750,74.3597490"
"27","sajeel kites","Kite Flying - Trader","C6WJ+C5, Sheikh Zayed Palace Shiekh Zayed Palace, Lahore, Pakistan, Allama Iqbal","Allama Iqbal","03283999938","https://www.google.com/maps?q=31.4460130,74.2304090"
"28","A&U Traders","Kite Flying - Trader","H8G9+PW5, Mochi Gate Walled City of Lahore, Lahore, 54000, Pakistan, Lahore City","Lahore City","03234723053","https://www.google.com/maps?q=31.5767450,74.3198010"
"29","Butt kite door point","Kite Flying - Seller","Main Bazar Siddiqia Colony, Siddiqia Colony Badami Bagh, Lahore, Pakistan, Ravi Town","Ravi Town","03174646003","https://www.google.com/maps?q=31.6037550,74.3298140"
"30","World Kite Store 🇵🇰","Kite Flying - Trader","J839+4G2, Badami Bagh, Lahore, Pakistan, Ravi Town","Ravi Town","03030042765","https://www.google.com/maps?q=31.6026980,74.3183150"
"31","Paint manufacturer","Kite Flying - Seller","Salamat Pura Rd, Fatehgarh, Lahore, Pakistan, Shalimar Town","Shalimar Town","03238454363","https://www.google.com/maps?q=31.5724840,74.4102370"
"32","Hs textile","Kite Flying - Manufacturer","Kot Khawaja Saeed Rd, Bhogiwal Kot Khawaja Saeed, Lahore, Pakistan, Shalimar Town","Shalimar Town","03224016444","https://www.google.com/maps?q=31.5863790,74.3566550"
"33","Hafiz Kite's","Kite Flying - Seller","F9VR+RGJ, Nishat Colony Main Rd, Nishat Colony Lahore, Pakistan, Lahore Cantt","Lahore Cantt","03454225769","https://www.google.com/maps?q=31.4946680,74.3912520"
"34","Azeem Butt kite store","Kite Flying - Seller","H8Q2+X39, 19 Sufian Street, Karim Park Lahore, Pakistan, Lahore City","Lahore City","03219643966","https://www.google.com/maps?q=31.5900000,74.3000000"
"35","Lahore Kite House","Kite Flying - Seller","Plot 249 C, Maraghzar Colony Block H Marghzar Housing Scheme, Lahore, Pakistan, Allama Iqbal","Allama Iqbal","03344007202","https://www.google.com/maps?q=31.5000330,74.2446170"
"36","S&Co. International","Kite Flying - Seller","F7FX+264, Bhalla Rd, Block E Phase 1 BOR Society, Lahore, Pakistan, Model Town","Model Town","03318432021","https://www.google.com/maps?q=31.4726530,74.2981500"
"37","K.K international","Kite Flying - Trader","Chowk Shah Alam, H8F8+GRG, Baans Bazar, Anarkali Bazaar Lahore, 54000, Pakistan, Lahore City","Lahore City","03214153111","https://www.google.com/maps?q=31.5736730,74.3171150"
"38","Butt foods","Kite Flying - Manufacturer","H9JX+PJ Lahore, Pakistan, Shalimar Town","Shalimar Town","03004300236","https://www.google.com/maps?q=31.5818110,74.3990250"
"39","Shakeel kaite","Kite Flying - Seller","54-A2 Street Number 69, Samanabad Town, Lahore, 54000, Pakistan, Lahore City","Lahore City","03214191124","https://www.google.com/maps?q=31.5327620,74.2925070"
"40","Ali Enterprises","Kite Flying - Seller","J767+QGM, Mian Rd, Shahdara Town, Lahore, Pakistan, Ravi Town","Ravi Town","03355821567","https://www.google.com/maps?q=31.6117820,74.2637460"
"41","Malik Traders Raiwind","Kite Flying - Seller","Malik Traders Raiwind Abdullah Gee Road, Raiwind","Raiwind","03104038780","https://www.google.com/maps?q=31.5180830,74.3607380"
"42","MH Enterprises","Kite Flying - Seller","F955+HPH, Shoukat Town Gul Colony, Lahore, Pakistan, Model Town","Model Town","03214007676","https://www.google.com/maps?q=31.4589150,74.3593420"
"43","BZ Kites & Strings","Kite Flying - Manufacturer","H8M5+GCM, Kucha Faqirkhana Walled City of Lahore, Lahore, 54000, Pakistan, Lahore City","Lahore City","03364441005","https://www.google.com/maps?q=31.5840690,74.3085780"
"44","KHAWAJA & CO","Kite Flying - Manufacturer","G7MR+26H, Zubaida Park Street 1, Samanabad Town, Lahore, 54000, Pakistan, Lahore City","Lahore City","03214897278","https://www.google.com/maps?q=31.5324670,74.2906620"
"45","Hadi Kite","Kite Flying - Manufacturer","HFHM+W48, Jallo Park Access Rd, Phase 4 Al Rehman Garden, Lahore, Pakistan, Wahgah Town","Wahgah Town","03244849720","https://www.google.com/maps?q=31.5797810,74.4828380"
"46","New opend","Kite Flying - Seller","C77Q+23J, Nasheman-e-Iqbal Phase 2, Lahore, Pakistan, Nishter Town","Nishter Town","03234290084","https://www.google.com/maps?q=31.4127250,74.2877960"
"47","Farooq Traders","Kite Flying - Trader","Mochi Gate Bazaar, Mohalla Porbian Mochi Gate Walled City of Lahore, Lahore, 54000, Pakistan, Lahore City","Lahore City","03094476076","https://www.google.com/maps?q=31.5777730,74.3220350"
"48","Mughal Kite","Kite Flying - Trader","24 j Union Park Rd, Samanabad Town, Lahore, 54000, Pakistan, Lahore City","Lahore City","03111457616","https://www.google.com/maps?q=31.5291739,74.3051760"
"49","Najaf Kite and Dor Traders","Kite Flying - Trader","J767+JGW, Tariq Colony, Shahdara, 54950, Pakistan, Ravi Town","Ravi Town","03355090020","https://www.google.com/maps?q=31.6116840,74.2636790"
"50","Ellahi - Baksh Enterprises","Kite Flying - Manufacturer","House No E-38/A Street no 2 Main Beluvard DHA Lahore Cantt, Lahore Cantt","Lahore Cantt","03214122535","https://www.google.com/maps?q=31.4899950,74.3771310"
"51","Imran Trader","Kite Flying - Seller","Street 7, Madina Colony, Lahore, Pakistan, Shalimar Town","Shalimar Town","03238489925","https://www.google.com/maps?q=31.4919750,74.3597490"
"52","A&U Traders","Kite Flying - Seller","H8G9+PW5, Mochi Gate Walled City of Lahore, Lahore, 54000, Pakistan, Lahore City","Lahore City","03234723053","https://www.google.com/maps?q=31.5767500,74.3198040"
"53","Happy friend maker","Kite Flying - Seller","J8J5+FPC, Shahdara Town, Shahdara, Pakistan, Ravi Town","Ravi Town","03124503231","https://www.google.com/maps?q=31.6304760,74.3090110"
"54","Farooq Traders","Kite Flying - Manufacturer","H8GC+PPM Miyawaki, Circular Garden Park, Tung Bazar, Mochi Gate Walled City of Lahore, Lahore, 54000, Pakistan, Lahore City","Lahore City","03094476076","https://www.google.com/maps?q=31.5768860,74.3215470"
"55","A&U Traders","Kite Flying - Manufacturer","H8G9+PW5, Mochi Gate Walled City of Lahore, Lahore, 54000, Pakistan, Lahore City","Lahore City","03234723053","https://www.google.com/maps?q=31.5767440,74.3197970"
"56","ALNOOR KITE SHOP","Kite Flying - Seller","G7JM+GHH, Dholanwal Rd, Dholanwal Nagra Town, Lahore, 54000, Pakistan, Lahore City","Lahore City","03224348076","https://www.google.com/maps?q=31.5315740,74.2841730"
"57","Farooq Traders","Kite Flying - Seller","H8GC+MHG, Circular Rd, Mochi Gate Walled City of Lahore, Lahore, 54000, Pakistan, Lahore City","Lahore City","03094476076","https://www.google.com/maps?q=31.5768750,74.3215340"
"58","Shani ice cream and kite sealer","Kite Flying - Seller","Jamal Colony Ext, Ahbab Colony, Lahore, Pakistan, Allama Iqbal","Allama Iqbal","03204032560","https://www.google.com/maps?q=31.4879890,74.2517920"
"59","CoreBuild Enterprises","Kite Flying - Seller","51 Circular Rd, Naulakha, Lahore, 54000, Pakistan, Lahore City","Lahore City","03229444414","https://www.google.com/maps?q=31.5794570,74.3260810"
"60","Anosh's shop","Kite Flying - Seller","89 Grand Trunk Rd, opposite PR st Andrew high school, Shahdara Town, Lahore, 54000, Pakistan, Ravi Town","Ravi Town","03060423119","https://www.google.com/maps?q=31.6264820,74.2886710"
"61","TAJ DIN STORE","Kite Flying - Seller","91/13 Grand Trunk Rd, Shahdara Town, Shahdara, Pakistan, Ravi Town","Ravi Town","03244784004","https://www.google.com/maps?q=31.6274910,74.2880460"
"62","Kites Hub","Kite Flying - Seller","GFP2+8MF Suleman Park, Paragon City, Lahore, Pakistan, Lahore Cantt","Lahore Cantt","03222332888","https://www.google.com/maps?q=31.5367470,74.4520830"
"63","AHMER KITE HOUSE","Kite Flying - Seller","2-A Gulshan-e-Ravi, Lahore, 54000, Pakistan, Lahore City","Lahore City","03218859926","https://www.google.com/maps?q=31.5501720,74.2826650"
"64","Kite seller","Kite Flying - Seller","H9JF+76X, Baghbanpura, Lahore, 54000, Pakistan, Shalimar Town","Shalimar Town","03234531109","https://www.google.com/maps?q=31.5808760,74.3731730"
"65","AAA KITE'S","Kite Flying - Seller","Swami Nagar Rd, Swami Nagar Lahore, Pakistan, Shalimar Town","Shalimar Town","03424798527","https://www.google.com/maps?q=31.5789820,74.3478630"
"66","Kite seller","Kite Flying - Seller","Wali Park Rd, Tauheed Park, Lahore, Pakistan, Shalimar Town","Shalimar Town","03224484312","https://www.google.com/maps?q=31.5782450,74.3984930"
"67","Mayo brothers","Kite Flying - Seller","F85X+6JX, Ayub Rd, Ismail Nagar, Lahore, Pakistan, Model Town","Model Town","03244247577","https://www.google.com/maps?q=31.4579630,74.3491630"
"68","AZAN MOBILE","Kite Flying - Seller","HCQJ+Q37, Service Rd, Wara Sittar, Lahore, Pakistan, Wahgah Town","Wahgah Town","03224400349","https://www.google.com/maps?q=31.5893880,74.4297650"
"69","Khurram Kite","Kite Flying - Seller","Badar St, Garhi Shahu, Lahore, 54000, Pakistan, Shalimar Town","Shalimar Town","03217792254","https://www.google.com/maps?q=31.5606550,74.3517580"
"70","Ishfaq Associates","Kite Flying - Seller","8-E, Mansoorah society, Multan Rd, Waris Colony Karamat Colony, Lahore, Pakistan, Allama Iqbal","Allama Iqbal","03014867621","https://www.google.com/maps?q=31.4935790,74.2668080"
"71","T.Z Kites","Kite Flying - Trader","H9PC+5Q4, Baghbanpura, Lahore, 54000, Pakistan, Shalimar Town","Shalimar Town","03334040092","https://www.google.com/maps?q=31.5853580,74.3720200"
"72","Hadi Kite","Kite Flying - Seller","Jallo Park Access Rd, Lahore, Pakistan, Wahgah Town","Wahgah Town","03244849720","https://www.google.com/maps?q=31.5797810,74.4828380"
"73","Core build Enterprises","Kite Flying - Manufacturer","51 Circular Rd, Naulakha, Lahore, 54000, Pakistan, Lahore City","Lahore City","03229444414","https://www.google.com/maps?q=31.5794570,74.3260810"
"74","Azan","Kite Flying - Seller","Shahdara Flyover, Shahdara Town, Lahore, Pakistan, Ravi Town","Ravi Town","03248691938","https://www.google.com/maps?q=31.6167310,74.2908760"
"75","Thekadar Kite maker","Kite Flying - Manufacturer","G7VR+X4X, Usman St, Gulzaib Colony Samanabad Town, Lahore, 54000, Pakistan, Lahore City","Lahore City","03211049837","https://www.google.com/maps?q=31.5450730,74.2901110"
"76","Kite- selling","Kite Flying - Seller","Lal Khoo Bazaar, Sher Galiyan Mohalla Takia Sadhu Walled City of Lahore, Lahore, 54000, Pakistan, Lahore City","Lahore City","03224433320","https://www.google.com/maps?q=31.5786340,74.3225880"
"77","Bilu panag farous","Kite Flying - Manufacturer","G7PX+RW8, Samanabad Town, Lahore, 54000, Pakistan, Lahore City","Lahore City","03004632716","https://www.google.com/maps?q=31.5369660,74.2998360"
"78","Hamza kite seller","Kite Flying - Seller","J756+HFW, Elam Din Block Shahdara Town, Lahore, Pakistan, Ravi Town","Ravi Town","03100407810","https://www.google.com/maps?q=31.6088280,74.2610600"
"79","Shan kite house","Kite Flying - Seller","St 9, Samanabad Town, Lahore, Pakistan, Lahore City","Lahore City","03214367339","https://www.google.com/maps?q=31.5257440,74.2951580"
"80","AHMER KITE HOUSE","Kite Flying - Manufacturer","2-A-GULSHAN-E-RAVI LAHORE., Lahore City","Lahore City","03218859926","https://www.google.com/maps?q=31.5501720,74.2826650"
"81","Bilal Diaper House","Kite Flying - Seller","Shamnagar Rd, Block B New Chauburji Park, Lahore, 54000, Pakistan, Lahore City","Lahore City","03444568847","https://www.google.com/maps?q=31.5545390,74.2981520"
"82","T.Z Kites","Kite Flying - Manufacturer","H9PC+5Q4, Baghbanpura, Lahore, 54000, Pakistan, Shalimar Town","Shalimar Town","03334040092","https://www.google.com/maps?q=31.5852550,74.3720180"
"83","JABBAR KITES","Kite Flying - Seller","47 LDA Gurumangat Rd, near SUI GAS OFFICE, Gulberg III, Lahore, Pakistan, Model Town","Model Town","03214555520","https://www.google.com/maps?q=31.5088470,74.3577130"
"84","M. Azeem Butt kite store","Kite Flying - Manufacturer","H8Q2+X39, 19 Sufian Street, Karim Park Lahore, Pakistan, Lahore City","Lahore City","03219643966","https://www.google.com/maps?q=31.5900000,74.3000000"
"85","Amanat Traders","Kite Flying - Trader","F933+H8H, Gul Colony, Lahore, 54000, Pakistan, Model Town","Model Town","03224991446","https://www.google.com/maps?q=31.4539180,74.3534300"
"86","T.Z Kites","Kite Flying - Seller","H9PC+5Q4, Baghbanpura, Lahore, 54000, Pakistan, Shalimar Town","Shalimar Town","03334040092","https://www.google.com/maps?q=31.5852000,74.3719980"
"87","Seeyakhan enterprise","Kite Flying - Seller","House number 11/57 jinnahroad, Krishan Nagar, Lahore, 54000, Pakistan, Lahore City","Lahore City","03350645254","https://www.google.com/maps?q=31.5648380,74.2973800"
"88","Taimoor Kite House","Kite Flying - Seller","F Block Rd, Sabzazar Block F Sabzazar Housing Scheme Phase 1 & 2 Lahore, Pakistan, Lahore City","Lahore City","03205944370","https://www.google.com/maps?q=31.5234560,74.2613960"
"89","UR Enterprises","Kite Flying - Seller","20 Multan Rd, Sabzazar Block H Sabzazar Housing Scheme Phase 1 & 2 Lahore, 54000, Pakistan, Lahore City","Lahore City","03234406531","https://www.google.com/maps?q=31.5110220,74.2726810"
"90","Taimoor Kite House","Kite Flying - Manufacturer","F Block Rd, Sabzazar Block F Sabzazar Housing Scheme Phase 1 & 2 Lahore, Pakistan, Lahore City","Lahore City","03205944370","https://www.google.com/maps?q=31.5234560,74.2613960"
"91","Zaid Kite House","Kite Flying - Seller","F Block Rd, Sabzazar Block F Sabzazar Housing Scheme Phase 1 & 2 Lahore, Pakistan, Lahore City","Lahore City","03054431720","https://www.google.com/maps?q=31.5234560,74.2613960"
"92","Bhatti Brothers","Kite Flying - Trader","Street 7, Madina Colony, Lahore, Pakistan, Shalimar Town","Shalimar Town","03414177762","https://www.google.com/maps?q=31.4919750,74.3597490"
"93","UR Enterprises","Kite Flying - Manufacturer","20 Multan Rd, Sabzazar Block H Sabzazar Housing Scheme Phase 1 & 2 Lahore, 54000, Pakistan, Lahore City","Lahore City","03234406531","https://www.google.com/maps?q=31.5110100,74.2727110"
"94","Rahmani kite","Kite Flying - Manufacturer","Main Bazar, Muft pura Gul Colony, Lahore, Pakistan, Model Town","Model Town","03236143728","https://www.google.com/maps?q=31.4514860,74.3551080"
"95","niaz mobile center","Kite Flying - Seller","Mominpura Rd, Mominpur, Lahore, Pakistan, Lahore Cantt","Lahore Cantt","03024547445","https://www.google.com/maps?q=31.6030710,74.4143560"
"96","Meharaa Di Hatti","Kite Flying - Seller","H9JF+935, Baghbanpura, Lahore, 54000, Pakistan, Shalimar Town","Shalimar Town","03244565286","https://www.google.com/maps?q=31.5808663,74.3726533"
"97","A&A","Kite Flying - Seller","F834+248, Township Twp Commercial Area Lahore, 54770, Pakistan, Model Town","Model Town","03074402672","https://www.google.com/maps?q=31.4524397,74.3056199"
"98","Shah Kites","Kite Flying - Seller","H9CP+7G3, Ramgarh Lahore, Pakistan, Shalimar Town","Shalimar Town","03234575993","https://www.google.com/maps?q=31.5707100,74.3864980"
"99","KHAWAJA & CO","Kite Flying - Seller","G7MR+27V, Samanabad Town, Lahore, 54000, Pakistan, Lahore City","Lahore City","03214897278","https://www.google.com/maps?q=31.5326780,74.2907670"
"100","Umer Kite House","Kite Flying - Seller","F85P+PJ2, Kot Lakhpat, Lahore, Pakistan, Model Town","Model Town","03064632662","https://www.google.com/maps?q=31.4593671,74.3361391"
"101","Meharaa Di Hatti","Kite Flying - Manufacturer","H9JF+935, Baghbanpura, Lahore, 54000, Pakistan, Shalimar Town","Shalimar Town","03244565286","https://www.google.com/maps?q=31.5808663,74.3726533"
"102","Mughal kite house","Kite Flying - Seller","F82X+23M, Kacha Jail Rd, Quaid e Millat Colony, Lahore, Pakistan, Nishter Town","Nishter Town","03084432205","https://www.google.com/maps?q=31.4500750,74.3477780"
"103","Fahad Mobile and Computer Accesories","Kite Flying - Seller","H9JM+8R Lahore, Pakistan, Shalimar Town","Shalimar Town","03124968204","https://www.google.com/maps?q=31.5807520,74.3845742"
"104","WEALTHA","Kite Flying - Seller","F967+P6Q, Javed Colony Gul Colony, Lahore, Pakistan, Lahore Cantt","Lahore Cantt","03064737540","https://www.google.com/maps?q=31.4619260,74.3631460"
"105","Khan brothers","Kite Flying - Seller","H8CF+8M2, Main Bazaar, Gawalmandi, Lahore, 54000, Pakistan, Shalimar Town","Shalimar Town","03074791767","https://www.google.com/maps?q=31.5708020,74.3240680"
"106","Kite making","Kite Flying - Manufacturer","3, Township Block 3 Sector B 2 Lahore, Pakistan, Model Town","Model Town","03004479136","https://www.google.com/maps?q=31.4529090,74.3073090"
"107","Liaqat ali kits","Kite Flying - Seller","H986+M7R, Mughalpura, Lahore, 54840, Pakistan, Shalimar Town","Shalimar Town","03244942044","https://www.google.com/maps?q=31.5664150,74.3594900"
"108","Garment","Kite Flying - Seller","J93J+GJC, Alia Town Rd, Mehmood Booti, Lahore, Pakistan, Shalimar Town","Shalimar Town","03234769518","https://www.google.com/maps?q=31.6036800,74.3816880"
"109","Kite saleer","Kite Flying - Seller","Akram Rd, Faiz Bagh Misri Shah, Lahore, Pakistan, Lahore City","Lahore City","03224600490","https://www.google.com/maps?q=31.5829050,74.3387310"
"110","SOURCEFIXX","Kite Flying - Trader","F849+7GW, Sector A1 Sector A 1 Lahore, Pakistan, Model Town","Model Town","03095378797","https://www.google.com/maps?q=31.4558780,74.3187670"
"111","Garmat","Kite Flying - Seller","H9HX+6WP, Street No. 5, Mehar Fiaz Colony Bb, Lahore, 54000, Pakistan, Shalimar Town","Shalimar Town","03235565220","https://www.google.com/maps?q=31.5780250,74.3997270"
"112","Moazzam Stationery and Gift Center","Kite Flying - Seller","Shoukat Twon, Butt chowk , Ghazi Road Lahore, Lahore Cantonment, Lahore Cantt","Lahore Cantt","03020483651","https://www.google.com/maps?q=31.4604130,74.3585780"
"113","Ihtisham kite","Kite Flying - Seller","H96G+7JC, Canal Rd, Kumharpura, Lahore, 54840, Pakistan, Lahore Cantt","Lahore Cantt","03218869045","https://www.google.com/maps?q=31.5606710,74.3758970"
"114","S&S traders","Kite Flying - Seller","G7PQ+W5P, Abu-Buker St, Sodiwal Sodhiwal, Lahore, 54000, Pakistan, Allama Iqbal","Allama Iqbal","03266556677","https://www.google.com/maps?q=31.5374460,74.2879860"
"115","ABDULLAH TRADERS","Kite Flying - Seller","H9JF+H4Q, Baghbanpura, Lahore, 54000, Pakistan, Shalimar Town","Shalimar Town","03000857374","https://www.google.com/maps?q=31.5814420,74.3729950"
"116","USTAD BILLA","Kite Flying - Manufacturer","H93X+8X7, Main Bazar Nizamabad, Ghaziabad, Lahore, Pakistan, Shalimar Town","Shalimar Town","03285181764","https://www.google.com/maps?q=31.5531730,74.3999210"
"117","Chishti store","Kite Flying - Seller","109 Haq Nawaz Rd, Baghbanpura, Lahore, 54000, Pakistan, Shalimar Town","Shalimar Town","03224210200","https://www.google.com/maps?q=31.5832230,74.3767530"
"118","Excel","Kite Flying - Seller","Shop 14, Noor Chambers, Bengali street, Ganpat Rd, Anarkali Bazaar Lahore, 54000, Pakistan, Lahore City","Lahore City","03219555510","https://www.google.com/maps?q=31.5757150,74.3120550"
"119","Super Kite House","Kite Flying - Seller","893, Block M Phase 2 Johar Town, Lahore, Pakistan, Allama Iqbal","Allama Iqbal","03034853527","https://www.google.com/maps?q=31.4697000,74.2728000"
"120","Adil Store","Kite Flying - Seller","Nishat Colony Main Rd, Nishat Colony, Lahore, Pakistan, Lahore Cantt","Lahore Cantt","03034142440, 03227541975","https://www.google.com/maps?q=31.4946680,74.3912520"
"121","Ehsan kite maker","Kite Flying - Manufacturer","H9X5+JVG, China Scheme, Lahore, Pakistan, Shalimar Town","Shalimar Town","03204997201","https://www.google.com/maps?q=31.5990530,74.3596960"
"122","Al Janat General store","Kite Flying - Seller","Main Bazar, Muft pura Gul Colony, Lahore, Pakistan, Model Town","Model Town","03134811144","https://www.google.com/maps?q=31.4514860,74.3551080"
"123","HZ kite shop","Kite Flying - Seller","C9V5+FRV, Main Bazar, Amer Sidhu Gulshan Yaseen Colony, Lahore, Pakistan, Model Town","Model Town","03066777878","https://www.google.com/maps?q=31.4437510,74.3595300"
"124","Super kite maker","Kite Flying - Manufacturer","443 H2 Johar Town Lahore, Allama Iqbal","Allama Iqbal","03228852407","https://www.google.com/maps?q=31.4763660,74.2820250"
"125","Buttkite house","Kite Flying - Manufacturer","500c Shadbagh Rd, Shad Bagh, Lahore, Pakistan, Ravi Town","Ravi Town","03067442018","https://www.google.com/maps?q=31.5940680,74.3382790"
"126","Silk kite","Kite Flying - Seller","Model Town Link Rd, Phase 3 GECH Society, Lahore, Pakistan, Model Town","Model Town","03244466557","https://www.google.com/maps?q=31.4657670,74.3157250"
"127","T&T kites","Kite Flying - Trader","8 Walton Rd, Super Town, Lahore, Pakistan, Lahore Cantt","Lahore Cantt","03214207675","https://www.google.com/maps?q=31.4936540,74.3736210"
"128","Guddi Dor","Kite Flying - Seller","Sanda Rd, Islampura, Lahore, 54000, Pakistan, Lahore City","Lahore City","03054402940","https://www.google.com/maps?q=31.5618470,74.3005740"
"129","Umar","Kite Flying - Manufacturer","Wahdat E Ave, Wahdat Colony, Lahore, 54000, Pakistan, Allama Iqbal","Allama Iqbal","03219439168","https://www.google.com/maps?q=31.5162250,74.3136640"
"130","The Sky Riders","Kite Flying - Seller","74a Alhamd Rd, Al-Hamad Colony Combo Colony, Lahore, 54000, Pakistan, Model Town","Model Town","03225204676","https://www.google.com/maps?q=31.5230600,74.3046380"
"131","Arman kite house","Kite Flying - Seller","9979+RF5, Shahzada Rd, Kahna Nau, Kahna, Pakistan, Nishter Town","Nishter Town","03047516739","https://www.google.com/maps?q=31.3647880,74.3688640"
"132","Kite","Kite Flying - Seller","Shahdara Flyover, Shahdara Town, Lahore, Pakistan, Ravi Town","Ravi Town","03344047717","https://www.google.com/maps?q=31.6167310,74.2908760"
"133","Office Automation Service Group ,Shahzad Hashmi computer composing center","Kite Flying - Seller","Shahdara Flyover, Shahdara Town, Shahdara, Pakistan, Ravi Town","Ravi Town","03089288008","https://www.google.com/maps?q=31.6167310,74.2908760"
"134","Sadiq sports","Kite Flying - Seller","Main China Rd, near wapda wali gali, Bhagatpura, Lahore, 54000, Pakistan, Shalimar Town","Shalimar Town","03008821840","https://www.google.com/maps?q=31.5963350,74.3566740"
"135","Butt Kite House","Kite Flying - Seller","Attari Saroba Rd, Sufiabad, Lahore, Pakistan, Nishter Town","Nishter Town","03063306045, 03224993974","https://www.google.com/maps?q=31.4304370,74.3596120"
"136","Qamar Kite","Kite Flying - Trader","F75G+7X7, Samsani Rd, Block A Revenue Employees Cooperative Housing Society, Lahore, Pakistan, Allama Iqbal","Allama Iqbal","03214681246","https://www.google.com/maps?q=31.4581750,74.2774730"
"137","Rana Kite House","Kite Flying - Seller","H9C3+JW4, Mughalpura, Lahore, Pakistan, Shalimar Town","Shalimar Town","03227267272","https://www.google.com/maps?q=31.5718680,74.3549290"
"138","Kabeer traders","Kite Flying - Seller","G8G3+QM6, Shah Kamal Rd, Combo Colony, Lahore, 54000, Pakistan, Model Town","Model Town","03467479213, 03244963335","https://www.google.com/maps?q=31.5268660,74.3041970"
"139","Rehman kite maker and seller","Kite Flying - Seller","Main Bazar Tajpura, Shad Bagh, Lahore, Pakistan, Lahore City","Lahore City","03006439118","https://www.google.com/maps?q=31.5940830,74.3366220"
"140","Ahsan kite seller","Kite Flying - Seller","89XF+QPV, Old Kahna, Lahore, Pakistan, Nishter Town","Nishter Town","03084559429","https://www.google.com/maps?q=31.3495200,74.3742620"
"141","Butt Kites","Kite Flying - Manufacturer","H78X+VX2, Naseeruddin Rd, Islampura, Lahore, 54000, Pakistan, Lahore City","Lahore City","03020426121","https://www.google.com/maps?q=31.5671400,74.2996500"
"142","F&D kite shop","Kite Flying - Seller","Ravi Rd, Karim Park Lahore, Pakistan, Lahore City","Lahore City","03114350593","https://www.google.com/maps?q=31.5918320,74.3045560"
"143","Nabeel kite house","Kite Flying - Seller","Kahna Kacha Rd, Kahna Nau, Lahore, Pakistan, Nishter Town","Nishter Town","03238483809","https://www.google.com/maps?q=31.3746220,74.3544850"
"144","Arshad kite","Kite Flying - Seller","J7WV+753, Jameel Park, Shahdara, 54950, Pakistan, Ravi Town","Ravi Town","03224021057","https://www.google.com/maps?q=31.6455820,74.2928770"
"145","Zulfiqar asghar teaders","Kite Flying - Seller","88 College Rd, Eden Boulevard Block C Eden Residencia, Lahore, 54600, Pakistan, Model Town","Model Town","03470463237","https://www.google.com/maps?q=31.4155310,74.2879160"
"146","Qamar Kite","Kite Flying - Seller","F75G+7X7, Samsani Rd, Block A Revenue Employees Cooperative Housing Society, Lahore, Pakistan, Allama Iqbal","Allama Iqbal","03214681246","https://www.google.com/maps?q=31.4581750,74.2774730"
"147","ASIF KITE MAKER","Kite Flying - Manufacturer","H8J3+7WF, Shish Mahal Rd, Data Gunj Buksh Town, Lahore, Pakistan, Lahore City","Lahore City","03249420201","https://www.google.com/maps?q=31.5807740,74.3046890"
"148","Shah G Kite","Kite Flying - Trader","NS Tailors 6 Wahdat Link Road, 328, Rehmanpura Colony, Lahore, Province of Punjab, Model Town","Model Town","03239619633","https://www.google.com/maps?q=31.5195130,74.3576590"
"149","Excel","Kite Flying - Trader","Shop 14, Noor Chambers, Bengali street, Ganpat Rd, Anarkali Bazaar Lahore, 54000, Pakistan, Lahore City","Lahore City","03219555510","https://www.google.com/maps?q=31.5757150,74.3120550"
"150","Qamar Kite","Kite Flying - Manufacturer","F75G+7X7, Samsani Rd, Block A Revenue Employees Cooperative Housing Society, Lahore, Pakistan, Allama Iqbal","Allama Iqbal","03214681246","https://www.google.com/maps?q=31.4581750,74.2774730"
"151","Sutureline Kites","Kite Flying - Manufacturer","H9JR+CH5 Allah-ho park, Sue Wala Rd, Baghban Pura Housing Scheme Shahid Park, Lahore, Pakistan, Shalimar Town","Shalimar Town","03201492458","https://www.google.com/maps?q=31.5809660,74.3911750"
"152","Excel","Kite Flying - Manufacturer","Shop 14, Noor Chambers, Bengali street, Ganpat Rd, Anarkali Bazaar Lahore, 54000, Pakistan, Lahore City","Lahore City","03219555510","https://www.google.com/maps?q=31.5757160,74.3120550"
"153","Asif Store","Kite Flying - Seller","H9M5+RP5, Ghoray Shah Rd, Bhogiwal Kot Khawaja Saeed, Lahore, 54000, Pakistan, Shalimar Town","Shalimar Town","03234983120","https://www.google.com/maps?q=31.5846250,74.3719430"
"154","Excel","Kite Flying Association","Shop 14, Noor Chambers, Bengali street, Ganpat Rd, Anarkali Bazaar Lahore, 54000, Pakistan, Lahore City","Lahore City","03219555510","https://www.google.com/maps?q=31.5757150,74.3120550"
"155","Hafiz Trader","Kite Flying - Manufacturer","J7QX+756, Qaiser Town-Shahdara Town Rd, Shahdara Town, Lahore, Pakistan, Ravi Town","Ravi Town","03244792968","https://www.google.com/maps?q=31.6380150,74.2979770"
"156","Shah G Kite","Kite Flying - Seller","NS Tailors Lahore, Rehmanpura Colony, 6 Wahdat Link Road, 328, Model Town","Model Town","03239619633","https://www.google.com/maps?q=31.5199150,74.3148540"
"157","Sahil Bhatti","Kite Flying - Seller","C8WR+FP4, Kot Lakhpat, Lahore, Pakistan, Model Town","Model Town","03085176989","https://www.google.com/maps?q=31.4465650,74.3420800"
"158","Ustad badshah","Kite Flying - Manufacturer","Main Bazar Nizamabad, Ghaziabad, Lahore, Pakistan, Shalimar Town","Shalimar Town","03234347140","https://www.google.com/maps?q=31.5542690,74.4000790"
"159","Waqar bhai","Kite Flying - Manufacturer","F84W+8XM, behind General Hospital, Jahangir Park Ismail Nagar, Lahore, Pakistan, Model Town","Model Town","03238091212","https://www.google.com/maps?q=31.4556680,74.3470570"
"160","Shah G Kite","Kite Flying - Manufacturer","NS Tailors 328 6 - Wahdat Link Road, Rehmanpura Colony, Lahore, 54000, Pakistan, Model Town","Model Town","03239619633","https://www.google.com/maps?q=31.5216120,74.3155180"
"161","RazaMehmood","Kite Flying - Seller","G8W8+M4V, Jinnah Town, Lahore, 54000, Pakistan, Model Town","Model Town","03234179801","https://www.google.com/maps?q=31.5467220,74.3155670"
"162","Khokhar G kites","Kite Flying - Manufacturer","F9X4+CRW, Makkah Colony Lahore, Pakistan, Lahore Cantt","Lahore Cantt","03086397676","https://www.google.com/maps?q=31.4986050,74.3570270"
"163","Shafi sons","Kite Flying - Manufacturer","996J+3JC, al jannat, HOUSING SOCIETY Immad Garden Housing Scheme, Kahna, 56000, Pakistan, Model Town","Model Town","03136630671","https://www.google.com/maps?q=31.3601860,74.3815000"
"164","ABC (Al-Rahman Book Center)","Kite Flying - Seller","19 Abu Bakar Rd, Karnalpora Combo Colony, Lahore, 54000, Pakistan, Model Town","Model Town","03114290882","https://www.google.com/maps?q=31.5234730,74.3022800"
"165","AA Trader","Kite Flying - Manufacturer","50, Rachna Block Allama Iqbal Town, Lahore, 54000, Pakistan, Allama Iqbal","Allama Iqbal","03027555547","https://www.google.com/maps?q=31.5129390,74.2842560"
"166","Ellahi - Baksh Enterprises","Kite Flying - Trader","House no E - 38/A Street no 2, Rifle Range Rd, Iqbal Park Lahore, Pakistan, Lahore Cantt","Lahore Cantt","03214122535","https://www.google.com/maps?q=31.4897690,74.3766560"
"167","New kite shop","Kite Flying - Seller","st#3 Walton Rd, Peer Colony Madina Colony, Lahore, 54750, Pakistan, Model Town","Model Town","03114716108","https://www.google.com/maps?q=31.4910030,74.3699990"
"168","Talha traders","Kite Flying - Trader","H8GX+P23, Road, Swami Nagar Lahore, Pakistan, Shalimar Town","Shalimar Town","03164692277","https://www.google.com/maps?q=31.5767280,74.3474590"
"169","Zahid kits","Kite Flying - Manufacturer","H9HR+G59, Street 4, Nabi Pura, Lahore, Pakistan, Shalimar Town","Shalimar Town","03234702980","https://www.google.com/maps?q=31.5788740,74.3906340"
"170","shine kite","Kite Flying - Manufacturer","HC52+V3M, Tajpura Main Rd, Tajpura, Lahore, Pakistan, Lahore Cantt","Lahore Cantt","03211688587","https://www.google.com/maps?q=31.5597040,74.4001620"
"171","Golden Traders","Kite Flying - Trader","H8WQ+Q5P,Street no 15 , Shop no 2 , Amir Rd, Shad Bagh, Lahore, Pakistan, Ravi Town","Ravi Town","03345599064","https://www.google.com/maps?q=31.5969710,74.3379620"
"172","Shakeel ahmad","Kite Flying - Seller","Chah Miran Rd, Chah Miran, Lahore, Pakistan, Ravi Town","Ravi Town","03249431135","https://www.google.com/maps?q=31.5880130,74.3445070"
"173","Lala Billu Kite Centre","Kite Flying - Seller","G7VW+86X, Samanabad Town, Lahore, 54000, Pakistan, Lahore City","Lahore City","03004248241","https://www.google.com/maps?q=31.5434010,74.2955130"
"174","Golden Kite House","Kite Flying - Seller","H828+79M, Mozang Chungi, Lahore, 54000, Pakistan, Lahore City","Lahore City","03234189425","https://www.google.com/maps?q=31.5507580,74.3158212"
"175","Ellahi - Baksh Enterprises","Kite Flying - Seller","House E-38/A Street No 2, Iqbal Park Lahore, Pakistan, Lahore Cantt","Lahore Cantt","03214122535","https://www.google.com/maps?q=31.4899950,74.3771310"
"176","Bamboo Merchant","Kite Flying - Seller","H8F8+JR4, Baans Bazar, Gawalmandi, Lahore, 54000, Pakistan, Lahore City","Lahore City","03227624271","https://www.google.com/maps?q=31.5739720,74.3171410"
"177","BILAL COSMETICS","Kite Flying - Seller","Lahore Ring Rd, Lahore, Pakistan, Wahgah Town","Wahgah Town","03129571924","https://www.google.com/maps?q=31.5388350,74.2648890"
"178","786 kite house","Kite Flying - Trader","Band Rd, Shera Kot, Lahore, 54000, Pakistan, Allama Iqbal","Allama Iqbal","03000846370","https://www.google.com/maps?q=31.5362300,74.2756530"
"179","Dogar Kites","Kite Flying - Manufacturer","C9M7+XW8, Awan Market Rd, Usman park, Lahore, Pakistan, Model Town","Model Town","03064090001","https://www.google.com/maps?q=31.4348600,74.3647300"
"180","city Graphics","Kite Flying - Trader","322 Ravi Rd, near Azam Shaddi Hall, Data Gunj Buksh Town, Lahore, 54000, Pakistan, Lahore City","Lahore City","03234495555","https://www.google.com/maps?q=31.5903680,74.3063480"
"181","ABS Trader's","Kite Flying - Seller","F87Q+CWF، Bostan Colony، کوٹ لکھپت، لاہور، Pakistan, Model Town","Model Town","03124204538, 03054005001","https://www.google.com/maps?q=31.4635880,74.3398700"
"182","Jaffar kite","Kite Flying - Manufacturer","Shahdara Flyover, Shahdara Town, Shahdara, Pakistan, Ravi Town","Ravi Town","03054402940","https://www.google.com/maps?q=31.6167310,74.2908760"
"183","Shahid kite House","Kite Flying - Manufacturer","house# 12 Street 83 muhalla rasool park ichhra lahore, Model Town","Model Town","03244501825","https://www.google.com/maps?q=31.5327690,74.3201280"
"184","Subhani Kite house","Kite Flying - Seller","Kot Lakhpat Station, PECO Rd, Kot Lakhpat, Lahore, Punjab, F86Q+552, Quaid e Azam Industrial Estate, Lahore, Pakistan, Model Town","Model Town","03214536318","https://www.google.com/maps?q=31.4603260,74.3377700"
"185","Vip kite store","Kite Flying - Seller","G7RM+WHH, Nonarian Bazar, Shera Kot Lahore, 54000, Pakistan, Lahore City","Lahore City","03156602085","https://www.google.com/maps?q=31.5422560,74.2840310"
"186","Ayaz kite flying and pan shop","Kite Flying - Seller","HCX2+HMV, Shadipura, Lahore, Pakistan, Shalimar Town","Shalimar Town","03164379719","https://www.google.com/maps?q=31.5990030,74.4015260"
"187","CHAUDHARY SPORTSWEAR AND GARMENTS","Kite Flying - Seller","Shope 82-G, Panorama Shopping Centre, Shahrah-e-Quaid-e-Azam, Garhi Shahu, Lahore, 54000, Pakistan, Lahore City","Lahore City","03099868226","https://www.google.com/maps?q=31.5618070,74.3211580"
"188","city Graphics","Kite Flying - Manufacturer","322 Ravi Rd, near Azam Shaddi Hall, Data Gunj Buksh Town, Lahore, 54000, Pakistan, Lahore City","Lahore City","03234495555","https://www.google.com/maps?q=31.5903680,74.3063480"
"189","Paris Kite Club","Kite Flying - Seller","240 Allama Iqbal Rd, Mustafabad, Lahore, Pakistan, Shalimar Town","Shalimar Town","03700090914","https://www.google.com/maps?q=31.5504370,74.3682540"
"190","ABDULLAH REHAN SAFE KITE HOUSE","Kite Flying - Seller","H8PR+F6Q, Chah Miran, Lahore, Pakistan, Lahore City","Lahore City","03227724176","https://www.google.com/maps?q=31.5862860,74.3403460"
"191","city Graphics","Kite Flying - Seller","322 Ravi Rd, near Azam Shaddi Hall, Data Gunj Buksh Town, Lahore, 54000, Pakistan, Lahore City","Lahore City","03234495555","https://www.google.com/maps?q=31.5903680,74.3063480"
"192","Zaid Kite House","Kite Flying - Trader","L Block Rd, Sabzazar Block L Sabzazar Housing Scheme Phase 1 & 2 Lahore, Pakistan, Lahore City","Lahore City","03054431720","https://www.google.com/maps?q=31.5189540,74.2543320"
"193","Kabeer traders","Kite Flying - Seller","G8G3+QJM, Shah Kamal Rd, Combo Colony Lahore, 54000, Pakistan, Model Town","Model Town","03244963335","https://www.google.com/maps?q=31.5204730,74.3604680"
"194","corebuild enterpsrises","Kite Flying - Trader","51 Circular Rd, Naulakha, Lahore, 54000, Pakistan, Lahore City","Lahore City","03229444414","https://www.google.com/maps?q=31.5794570,74.3260810"
"195","Geo Kite Center","Kite Flying - Manufacturer","Band Rd, Lahore, 54000, Pakistan, Lahore City","Lahore City","03234101933","https://www.google.com/maps?q=31.5472540,74.2677750"
"196","Mini Dollar shop","Kite Flying - Seller","F9H9+X34, Nasrullah St, Walton, Lahore, Pakistan, Model Town","Model Town","03234900475","https://www.google.com/maps?q=31.4800830,74.3676160"
"197","Najeeb Kite Seller","Kite Flying - Seller","najeebassociates@hotmail.com, Model Town","Model Town","03150442339","https://www.google.com/maps?q=31.5288480,74.2762640"
"198","Rao kite house","Kite Flying - Seller","H8CX+GJ2, Garhi Shahu, Lahore, Pakistan, Shalimar Town","Shalimar Town","03474353184","https://www.google.com/maps?q=31.5712600,74.3490100"
"199","A&W","Kite Flying - Seller","J77R+7F8, Service Rd, Shahdara Town, Shahdara, Pakistan, Ravi Town","Ravi Town","03324748950","https://www.google.com/maps?q=31.6128547,74.2910103"
"200","Majestic Showcase","Kite Flying - Seller","Thokar Niaz Baig Station, Irrigation Colony, Lahore, Pakistan, Allama Iqbal","Allama Iqbal","03014683173","https://www.google.com/maps?q=31.4734190,74.2417000"
"201","Farhan kite sellar","Kite Flying - Seller","Yakki Gate Bazar, Kucha Khair Din Kucha Meher Ghous Walled City of Lahore, Lahore, Pakistan, Lahore City","Lahore City","03234468164","https://www.google.com/maps?q=31.5834940,74.3276710"
"202","ABDULLAH REHAN SAFE KITE HOUSE","Kite Flying - Manufacturer","H8PR+F6Q, Chah Miran, Lahore, Pakistan, Lahore City","Lahore City","03227724176","https://www.google.com/maps?q=31.5862860,74.3403460"
"203","Kite sale & purchase","Kite Flying - Trader","Street H, Upper Mall Scheme, Lahore, Pakistan, Lahore City","Lahore City","03204829033","https://www.google.com/maps?q=31.5462970,74.3570690"
"204","Master Ramzan Electric and Departmental Store.","Kite Flying - Seller","ST:12 dari ،, Jahman, Pakistan, Lahore Saddar","Lahore Saddar","03238439285","https://www.google.com/maps?q=31.3570090,74.5275270"
"205","BismilaAllah Holesale","Kite Flying - Manufacturer","G7HR+8VV, Millat Rd, Baitul Raza Colony, Lahore, 54000, Pakistan, Model Town","Model Town","03224720380","https://www.google.com/maps?q=31.5281170,74.2922680"
"206","Hassan Kite Centre","Kite Flying - Seller","Civic Centre, Gulshan-e-Ravi, Lahore, Lahore City","Lahore City","03074193336","https://www.google.com/maps?q=31.5400000,74.2900000"
"207","Faiq Kite House","Kite Flying - Seller","Main Gazi Road Near Bantii Hotel, Lahore, Pakistan, Lahore Cantt","Lahore Cantt","03004217963","https://www.google.com/maps?q=31.4591610,74.3542760"
"208","Basil Butt Kite House","Kite Flying - Seller","C8P3+9W6، چراغ دین روڈ، Sector D2 Sector D 2 Block 3 Green Town, Lahore, 54770, Pakistan, Model Town","Model Town","03214763929","https://www.google.com/maps?q=31.4359070,74.3047670"
"209","Boss","Kite Flying - Seller","JC6F+2FV, Wahga Town, Lahore, Pakistan, Wahgah Town","Wahgah Town","03224626287","https://www.google.com/maps?q=31.6101770,74.4236110"
"210","Emaan associates","Kite Flying - Seller","HC4C+93H, Yazdani Rd, Aziz Bhatti Town, Lahore, Pakistan, Shalimar Town","Shalimar Town","03004332326","https://www.google.com/maps?q=31.5558830,74.4203280"
"211","444/9 zinat block Allama Iqbal town","Kite Flying - Seller","9, Zeenat Block Allama Iqbal Town, Lahore, 54000, Pakistan, Lahore City","Lahore City","03027555547","https://www.google.com/maps?q=31.5187790,74.2857180"
"212","Fayyaz kite house","Kite Flying - Seller","F7X6+V2W, Hajvery Rd, Kakazai, Lahore, Pakistan, Allama Iqbal","Allama Iqbal","03214609751","https://www.google.com/maps?q=31.4997320,74.2600890"
"213","Butt Shop","Kite Flying - Seller","G7WJ+MWF, Rehman Park Block F Gulshan-e-Ravi, Lahore, 54000, Pakistan, Lahore City","Lahore City","03234003925","https://www.google.com/maps?q=31.5464890,74.2823280"
"214","AbuBakar general store","Kite Flying - Seller","F9JC+VW3, Gujjar St, Fort Villas, Lahore, Pakistan, Lahore Cantt","Lahore Cantt","03200539036","https://www.google.com/maps?q=31.4821530,74.3722810"
"215","Umar Kites","Kite Flying - Manufacturer","J7FW+V4J, Qazi Park Shahdara Town, Shahdara, Pakistan, Ravi Town","Ravi Town","03164915843","https://www.google.com/maps?q=31.6297540,74.2960080"
"216","Touseef video games","Kite Flying - Manufacturer","Plot 114, Township Block 8 Sector B 1 Lahore, 54770, Pakistan, Model Town","Model Town","03024224422","https://www.google.com/maps?q=31.4620950,74.3115990"
"217","FAYYAZ KITE MAKER","Kite Flying - Manufacturer","H8HF+F82, Kucha Baghicha Samadhi, Mochi Gate Walled City of Lahore, Lahore, 54000, Pakistan, Lahore City","Lahore City","03467035229","https://www.google.com/maps?q=31.5786410,74.3232800"
"218","shahzad Awan","Kite Flying - Manufacturer","Plot 977, Rehmat Colony, Lahore, Pakistan, Nishter Town","Nishter Town","03225052149","https://www.google.com/maps?q=31.4189620,74.3645610"
"219","Shop","Kite Flying - Manufacturer","F85X+4PC, Ismail Nagar, Lahore, Pakistan, Model Town","Model Town","03244247577","https://www.google.com/maps?q=31.4579220,74.3491410"
"220","Moon Kites","Kite Flying - Manufacturer","H8JW+HPX, Tezab Ahata Swami Nagar, Lahore, Pakistan, Ravi Town","Ravi Town","03241422034","https://www.google.com/maps?q=31.5815030,74.3467950"
"221","Zain Reviews","Kite Flying - Trader","141, Shah Jamal Shahdara Town, Lahore, Pakistan, Ravi Town","Ravi Town","03217946508","https://www.google.com/maps?q=31.6090840,74.2623270"
"222","Fire.net.pk","Kite Flying - Manufacturer","H87Q+G8W, Bibi Pak Daman Rd, Muhammad Nagar Garhi Shahu, Lahore, Pakistan, Shalimar Town","Shalimar Town","03334318942","https://www.google.com/maps?q=31.5638280,74.3385520"
"223","Sky king Associations","Kite Flying - Manufacturer","H8VW+87Q, Makhan Pura Chah Miran, Lahore, Pakistan, Ravi Town","Ravi Town","03096598868","https://www.google.com/maps?q=31.5935240,74.3460060"
"224","Kitflying","Kite Flying - Seller","HFWW+GQQ, GT Rd, Jallo More Lahore, Pakistan, Shalimar Town","Shalimar Town","03074889204","https://www.google.com/maps?q=31.5964300,74.4966710"
"225","Feroz Traders","Kite Flying - Manufacturer","3843/D inside Loahri gate, near urdu bazar, Mohalla Chiri Maran Walled City of Lahore, Lahore, 54000, Pakistan, Lahore City","Lahore City","03224783287, 03238416499","https://www.google.com/maps?q=31.5777860,74.3116780"
"226","Usman Kites","Kite Flying - Seller","G8C4+967, Shuja Rd, Combo Colony, Lahore, 54000, Pakistan, Model Town","Model Town","03224413835","https://www.google.com/maps?q=31.5208960,74.3055580"
"227","HASHMI TRADERS","Kite Flying - Trader","99 Zahid Street, Sanda Rd, opposite Noori Masjid Rajian Wali, near Tariq Building, Sanda Lahore, 54000, Pakistan, Lahore City","Lahore City","03014151232","https://www.google.com/maps?q=31.5633360,74.2829330"
"228","Malik kite sale","Kite Flying - Seller","Bedian Rd, Ali View Garden Lahore, Pakistan, Lahore Saddar","Lahore Saddar","03044602081","https://www.google.com/maps?q=31.4940400,74.4056030"
"229","HASHMI TRADERS","Kite Flying - Seller","H77M+94G, Sanda Rd, Sanda Sanda Khurd, Lahore, 54000, Pakistan, Lahore City","Lahore City","03014151232","https://www.google.com/maps?q=31.5634130,74.2828010"
"230","Boo kaata pk","Kite Flying - Trader","F8QG+JGG, Model Town Circular Rd, Model Town, Lahore, Pakistan, Model Town","Model Town","03454595021","https://www.google.com/maps?q=31.4891530,74.3263480"
"231","Panda Kites","Kite Flying - Seller","G7MW+MPH, Bastami Rd, Samanabad Town, Lahore, 54500, Pakistan, Lahore City","Lahore City","03237393635","https://www.google.com/maps?q=31.5342010,74.2932330"
"232","Mian kites","Kite Flying - Seller","Amin street Shakir Rd, Ichhra Rasool Park, Lahore, 54000, Pakistan, Model Town","Model Town","03277886196","https://www.google.com/maps?q=31.5345280,74.3105770"
"233","Blue sky kites","Kite Flying - Seller","1, Gulberg III, Lahore, Pakistan, Model Town","Model Town","03224395552","https://www.google.com/maps?q=31.4878650,74.3475800"
"234","Mass Kite House","Kite Flying - Seller","H8QW+7FC, Chah Miran Rd, Chah Miran, Lahore, Pakistan, Ravi Town","Ravi Town","03228429969","https://www.google.com/maps?q=31.5881090,74.3463290"
"235","Broker","Kite Flying - Seller","Chitta Gate, inside Delhi Gate, Akbari Mandi Walled City of Lahore, Lahore, 54000, Pakistan, Lahore City","Lahore City","03228020498","https://www.google.com/maps?q=31.5821910,74.3264150"
"236","Muhammad Ijaz","Kite Flying - Manufacturer","J7FV+5V9, Qazi Park Shahdara Town, Lahore, Pakistan, Ravi Town","Ravi Town","03054538266","https://www.google.com/maps?q=31.6229850,74.2945380"
"237","Al Hamad kite shop","Kite Flying - Manufacturer","F6VW+M73, near Cheema apartments, Thokar Niaz Baig, Lahore, Pakistan, Allama Iqbal","Allama Iqbal","03054339804","https://www.google.com/maps?q=31.4943490,74.2457540"
"238","basant mela","Kite Flying - Seller","153, Block A Central Park Housing Scheme, Lahore, Pakistan, Nishter Town","Nishter Town","03228466021","https://www.google.com/maps?q=31.3194100,74.3858450"
"239","Job","Kite Flying - Seller","F7W9+J97, Waris Colony Lahore, Pakistan, Allama Iqbal","Allama Iqbal","03234010564","https://www.google.com/maps?q=31.4965830,74.2685330"
"240","ASA Kites","Kite Flying - Seller","H85X+HC7, Habibullah Rd, Garhi Shahu, Lahore, 54000, Pakistan, Shalimar Town","Shalimar Town","03361601099","https://www.google.com/maps?q=31.5588780,74.3485930"
"241","Pak kite center","Kite Flying - Seller","464, green town Block 4 Sector C 2 Lahore, Pakistan, Model Town","Model Town","03117727472","https://www.google.com/maps?q=31.4340970,74.2971200"
"242","Maira collections","Kite Flying - Seller","229 GT Rd, Baghbanpura, Lahore, 00000, Pakistan, Shalimar Town","Shalimar Town","03213600037","https://www.google.com/maps?q=31.5813670,74.3735720"
"243","Mubeen Kites","Kite Flying - Seller","19 main Urdu Bazar, Anarkali Bazaar Lahore, 54000, Pakistan, Lahore City","Lahore City","03019121188","https://www.google.com/maps?q=31.5759530,74.3089340"
"244","Noble trades","Kite Flying - Manufacturer","G8MQ+4X5, 3 Sikandar Ali Malhi Rd, Canal Park Gulberg 2, Lahore, 54000, Pakistan, Model Town","Model Town","03200200063","https://www.google.com/maps?q=31.5327120,74.3398570"
"245","MH Enterprises","Kite Flying - Seller","F955+HVW, Shoukat Town Gul Colony, Lahore, Pakistan, Model Town","Model Town","03214007676","https://www.google.com/maps?q=31.4589960,74.3598000"
"246","Nazakat kite shop","Kite Flying - Seller","DHA road Iqbal Park, F9J8+CPF, Street No. 4, Pir Colony, Lahore, Pakistan, Lahore Cantt","Lahore Cantt","03214925738","https://www.google.com/maps?q=31.4810310,74.3668180"
"247","baloch gym","Kite Flying - Seller","H838+4F6, Chiragh Din Rd, Mozang Chungi, Lahore, 54000, Pakistan, Lahore City","Lahore City","03214574815","https://www.google.com/maps?q=31.5528320,74.3160990"
"248","Umer kite house","Kite Flying - Trader","H838+336, Temple Rd, Mozang Chungi, Lahore, 54000, Pakistan, Lahore City","Lahore City","03228002965","https://www.google.com/maps?q=31.5527180,74.3151710"
"249","Pappu manufacturer","Kite Flying - Manufacturer","HFMP+8WQ Sozo Water Park, MGCanal Rd, IBL Housing Scheme, Lahore, Pakistan, Wahgah Town","Wahgah Town","03211048379","https://www.google.com/maps?q=31.5833250,74.4874600"
"250","YOUSAF QAMAR KITE SELLER","Kite Flying - Seller","H8M7+WRQ, Walled City of Lahore, Lahore, Pakistan, Lahore City","Lahore City","03054132964","https://www.google.com/maps?q=31.5848390,74.3146020"
"251","Chand Kite Store","Kite Flying - Manufacturer","H7GQ+JCP, Ibrahim Rd, near Mian Munshi Hospital, Data Gunj Buksh Town, Lahore, 54000, Pakistan, Lahore City","Lahore City","03014730132","https://www.google.com/maps?q=31.5765590,74.2884110"
"252","Organica","Kite Flying - Seller","130, Sabzazar Block B Sabzazar Housing Scheme Phase 1 & 2 Lahore, 54000, Pakistan, Lahore City","Lahore City","03016738677","https://www.google.com/maps?q=31.5260020,74.2758850"
"253","Ahmed Kite Maker","Kite Flying - Manufacturer","G759+PJF, St 9, Kharak Awan Town, Lahore, Pakistan, Lahore City","Lahore City","03334831369","https://www.google.com/maps?q=31.5093640,74.2690120"
"254","Majid Stationery Store","Kite Flying - Seller","H9GQ+R2F, Chirag Bibi Rd, Kotli Abdur Rahman Nabi Pura, Lahore, Pakistan, Shalimar Town","Shalimar Town","03079429419","https://www.google.com/maps?q=31.5769650,74.3876220"
"255","Dor bana","Kite Flying - Manufacturer","Kot Abdul Qadir St, Shahdara Town, Lahore, Pakistan, Ravi Town","Ravi Town","03218803565","https://www.google.com/maps?q=31.6264910,74.2821780"
"256","YOUSAF QAMAR KITE MAKER","Kite Flying - Manufacturer","H8M7+WRQ, Walled City of Lahore, Lahore, Pakistan, Lahore City","Lahore City","03054132964","https://www.google.com/maps?q=31.5848300,74.3145990"
"257","ANH Traders","Kite Flying - Trader","Naat St, Shahdara Town, Lahore, Pakistan, Ravi Town","Ravi Town","03238872256","https://www.google.com/maps?q=31.6205670,74.2881470"
"258","WADDY ROLLY PRODUCTION","Kite Flying - Manufacturer","43 Quershi Street No. 12, near Jamia masjid Hanfia, Islampura, Lahore, 54000, Pakistan, Lahore City","Lahore City","03004422604","https://www.google.com/maps?q=31.5644240,74.2987070"
"259","DIVINE MARKETING","Kite Flying - Manufacturer","852W+HJ5, Manak, Baway Di kuttia, Pakistan, Raiwind","Raiwind","03004272603, 03214557020","https://www.google.com/maps?q=31.3001830,74.1964050"
"260","ANH Traders","Kite Flying - Seller","Naat St, Shahdara Town, Lahore, Pakistan, Ravi Town","Ravi Town","03238872256","https://www.google.com/maps?q=31.6205670,74.2881470"
"261","ANH Traders","Kite Flying - Manufacturer","Naat St, Shahdara Town, Lahore, Pakistan, Ravi Town","Ravi Town","03238872256","https://www.google.com/maps?q=31.6205670,74.2881470"
"262","DIVINE MARKETING","Kite Flying - Trader","8627+46 Lahore, Pakistan, Model Town","Model Town","03004272603, 03214557020","https://www.google.com/maps?q=31.3002570,74.2130880"
"263","lux hotels & resorts","Kite Flying Association","Dera mian asim mahmood dha ph 10, Lahore, Pakistan, Nishter Town","Nishter Town","03014477007","https://www.google.com/maps?q=31.4094720,74.4506300"
"264","Innam Traders","Kite Flying - Seller","H8GC+PPM Miyawaki, Circular Garden Park, Tung Bazar, Mochi Gate Walled City of Lahore, Lahore, 54000, Pakistan, Lahore City","Lahore City","03364170568","https://www.google.com/maps?q=31.5768200,74.3217100"
"265","DIVINE MARKETING","Kite Flying - Seller","8627+46 Lahore, Pakistan, Model Town","Model Town","03004272603, 03214557020","https://www.google.com/maps?q=31.3002570,74.2130880"
"266","KITE MASTER","Kite Flying - Manufacturer","J97W+29 Lahore, Pakistan, Wahgah Town","Wahgah Town","03000999000","https://www.google.com/maps?q=31.6125710,74.3958780"
"267","Silk kite","Kite Flying - Trader","F8HF+X7W, Block F Model Town, Lahore, Pakistan, Model Town","Model Town","03244466557","https://www.google.com/maps?q=31.4799060,74.3236190"
"268","KB Traders","Kite Flying - Seller","H9CR+CJM, Lalpul, Nabi Pura Mughalpura, Lahore, Pakistan, Shalimar Town","Shalimar Town","03447525633","https://www.google.com/maps?q=31.5711420,74.3914690"
"269","Majid kite house","Kite Flying - Seller","99C9+5H6, Ahlo Wali Gali, Kahna Nau, Kahna, Pakistan, Nishter Town","Nishter Town","03225069077","https://www.google.com/maps?q=31.3704000,74.3688570"
"270","JUGNU KITE SHOP","Kite Flying - Seller","H8RC+2F5, Data Nagar Badami Bagh, Lahore, Pakistan, Ravi Town","Ravi Town","03030042765","https://www.google.com/maps?q=31.5899450,74.3211770"
"271","USTAD JAMEEL & BROTHERS","Kite Flying - Seller","C9X3+GV Lahore, Pakistan, Lahore Cantt","Lahore Cantt","03008404993","https://www.google.com/maps?q=31.4487730,74.3546980"
"272","Ajyal Kite House","Kite Flying - Seller","461, Ravi Block Allama Iqbal Town, Lahore, 54000, Pakistan, Model Town","Model Town","03224100680","https://www.google.com/maps?q=31.5124100,74.2786810"
"273","SAHAL HAYAT FANCY LIGHTS","Kite Flying - Seller","Main Beadon Rd, Victoria Park Garhi Shahu, Lahore, 54000, Pakistan, Lahore City","Lahore City","03227979211","https://www.google.com/maps?q=31.5641270,74.3218420"
"274","Haziq Kite flying","Kite Flying - Seller","F9X3+QRH, Street No. 4, Makkah Colony Lahore, Pakistan, Lahore Cantt","Lahore Cantt","03214084320","https://www.google.com/maps?q=31.4994510,74.3546020"
"275","Ice Factory","Kite Flying - Manufacturer","HCVF+MR2, Wahga Town, Lahore, Pakistan, Shalimar Town","Shalimar Town","03234531109","https://www.google.com/maps?q=31.5941270,74.4245070"
"276","Abid Kite Seller","Kite Flying - Seller","H # 622 St # 5 Paray wali khoi Qanchi Amar sadhu Lahore, Model Town","Model Town","03014152933","https://www.google.com/maps?q=31.4660370,74.3570200"
"277","Noor Kite House","Kite Flying - Seller","G7PX+RW8, Samanabad Town, Lahore, 54000, Pakistan, Lahore City","Lahore City","03054176717","https://www.google.com/maps?q=31.5370060,74.2997670"
"278","Kite making","Kite Flying - Manufacturer","b Union Park Rd, Chauhdry Colony Samanabad Town, Lahore, 54000, Pakistan, Model Town","Model Town","03217002219","https://www.google.com/maps?q=31.5306570,74.3036690"
"279","KHAWAJA & CO","Kite Flying - Trader","G7MR+27V, Samanabad Town, Lahore, 54000, Pakistan, Lahore City","Lahore City","03214897278","https://www.google.com/maps?q=31.5326800,74.2907500"
"280","Kite Manufacturer","Kite Flying - Manufacturer","wagon last stop., G7VJ+8HC, Shera Kot, Lahore, 54000, Pakistan, Lahore City","Lahore City","03284772954","https://www.google.com/maps?q=31.5431010,74.2815930"
"281","Abdullah kites","Kite Flying - Manufacturer","H9HQ+MV8, Ideal Homes Lahore, Pakistan, Lahore Cantt","Lahore Cantt","03068402177","https://www.google.com/maps?q=31.5791570,74.3898220"
"282","Manufacturing","Kite Flying - Manufacturer","H num 78 ahata shabdiyal, Model Town","Model Town","03218887045","https://www.google.com/maps?q=31.5207510,74.3594740"
"283","Sabir shah Kite centre","Kite Flying - Seller","47 مغلپورہ روڈ، Larechs Colony Mughalpura, Lahore, 54000, Pakistan, Shalimar Town","Shalimar Town","03228089996","https://www.google.com/maps?q=31.5650080,74.3541390"
"284","F. B Traders","Kite Flying - Manufacturer","HFMX+RCG, Khaira Jallo, Pakistan, Wahgah Town","Wahgah Town","03026850001","https://www.google.com/maps?q=31.5845350,74.4988450"
"285","Friends Kite House","Kite Flying - Seller","98Q9+4X6, Kahna Kacha Rd, Kacha Village, Kacha, Pakistan, Nishter Town","Nishter Town","03214446246","https://www.google.com/maps?q=31.3877630,74.3199470"
"286","Iftikhar muzaffar","Kite Flying - Manufacturer","Majeed park Shahdara lahore Pakistan, Ravi Town","Ravi Town","03224545968","https://www.google.com/maps?q=31.6154480,74.2939190"
"287","Hamza Kite Maker","Kite Flying - Manufacturer","F975+6H6, Munawrabad Nishtar Town, Lahore, Pakistan, Model Town","Model Town","03454232139","https://www.google.com/maps?q=31.4631810,74.3586740"
"288","Zahid Store","Kite Flying - Seller","G7QW+2C5, Samanabad Town, Lahore, 54000, Pakistan, Lahore City","Lahore City","03030373508","https://www.google.com/maps?q=31.5373510,74.2962780"
"289","Ahmad Rana","Kite Flying - Seller","96GJ+Q5P, Raiwind Rd, Chamru Pur Lahore, Pakistan, Raiwind","Raiwind","03004566183","https://www.google.com/maps?q=31.3769650,74.2304600"
"290","Waqasmunirpatangmaker","Kite Flying - Manufacturer","J84G+2CF, Badami Bagh, Lahore, Pakistan, Ravi Town","Ravi Town","03164319099","https://www.google.com/maps?q=31.6051890,74.3262090"
"291","Asif Kites","Kite Flying - Manufacturer","Mohalla Janipura gujjarpura, Plot 219 A. 1, Block D. 1, China Scheme Lahore, Lahore Cantt","Lahore Cantt","03104058356","https://www.google.com/maps?q=31.5193480,74.3609120"
"292","Khurram kite","Kite Flying - Seller","G7W9+W42, Band Rd, Block I Gulshan-e-Ravi, Lahore, 54000, Pakistan, Lahore City","Lahore City","03097011002","https://www.google.com/maps?q=31.5472540,74.2677750"
"293","Ahmad traders","Kite Flying - Seller","G7RR+HR2, New Shalimar Rd, Samanabad Town, Lahore, 54000, Pakistan, Lahore City","Lahore City","03320948286","https://www.google.com/maps?q=31.5413640,74.2920980"
"294","NKC KITE","Kite Flying - Manufacturer","H8CF+7JX, Nisbat Rd, Gawalmandi, Lahore, 54000, Pakistan, Shalimar Town","Shalimar Town","03062415349","https://www.google.com/maps?q=31.5707600,74.3241000"
"295","BDAP KITE HUB","Kite Flying - Seller","C8V7+6FV, Township Block 4 Sector D1 Lahore, Pakistan, Model Town","Model Town","03054299990","https://www.google.com/maps?q=31.4430630,74.3137330"
"296","Ahmad traders","Kite Flying - Trader","G7RR+GRQ, Ghulam Nabi Colony Samanabad Town, Lahore, 54000, Pakistan, Lahore City","Lahore City","03320948286","https://www.google.com/maps?q=31.5413640,74.2920980"
"297","Al Jannat Store","Kite Flying - Seller","13 jall rood, Naster Town Quaid e Millat Colony, Lahore, 54800, Pakistan, Model Town","Model Town","03004705676","https://www.google.com/maps?q=31.4481800,74.3445620"
"298","Mayo Brothers","Kite Flying - Manufacturer","F85R+MX5, Ismail Nagar, Lahore, Pakistan, Model Town","Model Town","03244247577","https://www.google.com/maps?q=31.4592990,74.3423320"
"299","Al jannat Entre prises","Kite Flying - Seller","29 Nisbat Rd, Anarkali Bazaar Lahore, 54000, Pakistan, Lahore City","Lahore City","03214500773","https://www.google.com/maps?q=31.5715970,74.3179510"
"300","Mian kites","Kite Flying - Seller","F9WF+4W6, Walton Rd, New Super Town, Lahore, Pakistan, Lahore Cantt","Lahore Cantt","03204192892","https://www.google.com/maps?q=31.4952790,74.3748620"
"301","ghani kite house","Kite Flying - Seller","9 Aynaet Baag St, Angoori Bagh Lahore, 54000, Pakistan, Shalimar Town","Shalimar Town","03234648347","https://www.google.com/maps?q=31.5836910,74.3833630"
"302","Umar Trader","Kite Flying - Trader","Plot 49, Customs Colony Block B 1 Gulberg III, Lahore, Pakistan, Lahore Cantt","Lahore Cantt","03084310878","https://www.google.com/maps?q=31.5173290,74.3541980"
"303","Mayo brothers","Kite Flying - Trader","F85R+MX5, Ismail Nagar, Lahore, Pakistan, Lahore City","Lahore City","03244247577","https://www.google.com/maps?q=31.4591060,74.3424490"
"304","Shah kite House","Kite Flying - Seller","F9W7+2JP, Sheraz Villas Rd, Madina Colony, Lahore, Pakistan, Lahore Cantt","Lahore Cantt","03078888511","https://www.google.com/maps?q=31.4951080,74.3640810"
"305","ghani kite house","Kite Flying - Manufacturer","9 Aynaet Baag St, Angoori Bagh Lahore, 54000, Pakistan, Shalimar Town","Shalimar Town","03234648347","https://www.google.com/maps?q=31.5836910,74.3833630"
"306","Aladdin smd","Kite Flying - Trader","20 Daras Rd, Singhpura, Lahore, 54000, Pakistan, Shalimar Town","Shalimar Town","03211100222","https://www.google.com/maps?q=31.5811790,74.3775460"
"307","Patang sale","Kite Flying - Seller","360 Lahore – Kasur Rd, opposite PEL, Gulshan Colony, Lahore, Pakistan, Lahore City","Lahore City","03004962981","https://www.google.com/maps?q=31.4674780,74.3468020"
"308","Hadi Kite House","Kite Flying - Seller","Malik Munir Rd, H74M+H87, Sanda Kalan, Sanda, Sanda Block D 1 Gulshan-e-Ravi, Lahore, 54000, Pakistan, Lahore City","Lahore City","03226540074","https://www.google.com/maps?q=31.5564550,74.2832560"
"309","Lala kite maker","Kite Flying - Manufacturer","Shahdara Town Underpass, Qazi Park Shahdara Town, Shahdara, Pakistan, Ravi Town","Ravi Town","03214917995","https://www.google.com/maps?q=31.6229850,74.2945380"
"310","T&T kites","Kite Flying - Seller","F9VF+F9X, Service Rd, Super Town Lahore, Pakistan, Lahore Cantt","Lahore Cantt","03214207675","https://www.google.com/maps?q=31.4937790,74.3732880"
"311","Mazdori","Kite Flying - Seller","H87Q+F7G, Muhammad Nagar Garhi Shahu, Lahore, Pakistan, Shalimar Town","Shalimar Town","03248411011","https://www.google.com/maps?q=31.5633650,74.3380610"
"312","Rana Kite Shop","Kite Flying - Seller","H79W+CMQ, Street 29, Sant Nagar St Nagar, Lahore, 54000, Pakistan, Lahore City","Lahore City","03045608847","https://www.google.com/maps?q=31.5686120,74.2970190"
"313","RASHID KIE SHOP","Kite Flying - Manufacturer","J77X+VHQ, Old Ravi Bridge, Shahdara Town, Lahore, Pakistan, Ravi Town","Ravi Town","03437728773","https://www.google.com/maps?q=31.6149980,74.2996350"
"314","MR-AA KITE MAKER & SALLER","Kite Flying - Seller","J77X+VHQ, Old Ravi Bridge, Shahdara Town, Lahore, Pakistan, Ravi Town","Ravi Town","03437728773","https://www.google.com/maps?q=31.6149810,74.2996410"
"315","Butt Kites","Kite Flying - Seller","H78X+VX2, Naseeruddin Rd, Islampura, Lahore, 54000, Pakistan, Lahore City","Lahore City","03020426121","https://www.google.com/maps?q=31.5671380,74.2998910"
"316","Butt Kites 2","Kite Flying - Seller","Plot 930, Block E1 Block E 1 Phase 1 Johar Town, Lahore, Pakistan, Model Town","Model Town","03004343567","https://www.google.com/maps?q=31.4731330,74.2938780"
"317","Shahbaz Kite House","Kite Flying - Manufacturer","H9GG+F2G, Singhpura, Lahore, 54840, Pakistan, Shalimar Town","Shalimar Town","03454288122","https://www.google.com/maps?q=31.5764400,74.3762730"
"318","ikram kite shope","Kite Flying - Seller","99J5+3J6, Kahna Nau, Kahna, Pakistan, Nishter Town","Nishter Town","03227154660","https://www.google.com/maps?q=31.3802350,74.3590760"
"319","Shahbaz Kite House","Kite Flying - Manufacturer","H9GG+F2G, Singhpura, Lahore, 54840, Pakistan, Shalimar Town","Shalimar Town","03054375294","https://www.google.com/maps?q=31.5764400,74.3762730"
"320","William Kite Maker","Kite Flying - Manufacturer","House No. 6, Bahar Colony, Chaudry Lal Street, Lahore, Pakistan, Model Town","Model Town","03086331515","https://www.google.com/maps?q=31.4724000,74.3414480"
"321","Shahbaz Kit Flying","Kite Flying - Manufacturer","House # 16, Street # 84, qila wali gali, Ichhra Lahore, 54000, Pakistan, Model Town","Model Town","03077066263","https://www.google.com/maps?q=31.5329030,74.3147870"
"322","Najaf Kites","Kite Flying - Seller","J767+QGM, Mian Rd, Shahdara Town, Lahore, Pakistan, Ravi Town","Ravi Town","03355090020","https://www.google.com/maps?q=31.6118170,74.2636280"
"323","Musa kite trader","Kite Flying - Manufacturer","H99W+GVF, Nabi Pura Lahore, Pakistan, Shalimar Town","Shalimar Town","03258298287","https://www.google.com/maps?q=31.5688920,74.3971880"
"324","Aliyan Kites","Kite Flying - Manufacturer","HG6G+VW7, Chhapa Chhāpa, Pakistan, Wahgah Town","Wahgah Town","03229055233","https://www.google.com/maps?q=31.5623160,74.5276850"
"325","BDAP","Kite Flying - Manufacturer","Plot 427, Township Block 4 Sector D1 Lahore, Pakistan, Model Town","Model Town","03054299990","https://www.google.com/maps?q=31.4435870,74.3136680"
"326","sherri kite maker","Kite Flying - Manufacturer","H8J6+688, Aurangzeb St, Walled City of Lahore, Lahore, 54000, Pakistan, Lahore City","Lahore City","03026475450","https://www.google.com/maps?q=31.5808313,74.3112710"
"327","Chand Kite Store","Kite Flying - Seller","H7GQ+JCP, Ibrahim Rd, near Mian Munshi Hospital, Data Gunj Buksh Town, Lahore, 54000, Pakistan, Lahore City","Lahore City","03014730132","https://www.google.com/maps?q=31.5765590,74.2884110"
"328","Aliyan Kites","Kite Flying - Seller","HG6G+VW7, Chhapa Chhāpa, Pakistan, Wahgah Town","Wahgah Town","03229055233","https://www.google.com/maps?q=31.5623240,74.5277050"
"329","Khan store","Kite Flying - Manufacturer","4 Lake Rd, Anarkali Bazaar Lahore, 54000, Pakistan, Lahore City","Lahore City","03124114311","https://www.google.com/maps?q=31.5640410,74.3087550"
"330","Musa kite shop","Kite Flying - Seller","HC93+2QV, Fatehgarh, Lahore, Pakistan, Shalimar Town","Shalimar Town","03258298287","https://www.google.com/maps?q=31.5675690,74.4043190"
"331","Crystaline Marketing & Co","Kite Flying - Manufacturer","Shah Alami Bus Stop, H8F8+VVM, Baans Bazar, Anarkali Bazaar Lahore, 54000, Pakistan, Lahore City","Lahore City","03217095743","https://www.google.com/maps?q=31.5748130,74.3172030"
"332","Rafique Kite Seller","Kite Flying - Seller","G7JV+3C3, Baitul Raza Colony, Lahore, 54000, Pakistan, Lahore City","Lahore City","03004767508","https://www.google.com/maps?q=31.5301130,74.2936320"
"333","Taimoor kite's","Kite Flying - Seller","Shop#2 Al-Mumtaz Rd, near buns road station, Samanabad Town, Lahore, 54000, Pakistan, Lahore City","Lahore City","03262773585","https://www.google.com/maps?q=31.5304970,74.2925830"
"334","Maher Kites","Kite Flying - Manufacturer","H9QG+393, Shahi Rd, Baghbanpura, Lahore, 54000, Pakistan, Shalimar Town","Shalimar Town","03228056802","https://www.google.com/maps?q=31.5876210,74.3759510"
"335","Team Rehan & Zubair Kite Maker","Kite Flying - Manufacturer","F984+M82, MOH Malikanwala, Amar Sidhu Qainchi, Lahore, Pakistan, Model Town","Model Town","03044376765","https://www.google.com/maps?q=31.4669370,74.3563850"
"336","FZ","Kite Flying - Seller","F8MG+R23, Model Town, Lahore, 15564, Pakistan, Model Town","Model Town","03143985671","https://www.google.com/maps?q=31.4847200,74.3257620"
"337","Township Kites and Accessories","Kite Flying - Trader","Plot 25, Township Block 5 Sector B 1 Lahore, Pakistan, Model Town","Model Town","03356789015","https://www.google.com/maps?q=31.4577900,74.3114170"
"338","Shahbaz Kit Flying","Kite Flying - Seller","G8M8+75W, Ilem Din St, Ichhra Lahore, 54000, Pakistan, Model Town","Model Town","03077066236","https://www.google.com/maps?q=31.5329230,74.3147750"
"339","real estate","Kite Flying - Seller","F9W4+MWH, St 9D, Makkah Colony Lahore, 54000, Pakistan, Lahore Cantt","Lahore Cantt","03226068678","https://www.google.com/maps?q=31.4967390,74.3573680"
"340","Maher kite","Kite Flying - Manufacturer","J8J5+RW, Shahdara Town, Lahore, Pakistan, Ravi Town","Ravi Town","03224021057","https://www.google.com/maps?q=31.6319230,74.3098050"
"341","Maher Kites","Kite Flying - Seller","H9QG+393, Shahi Rd, Baghbanpura, Lahore, 54000, Pakistan, Shalimar Town","Shalimar Town","03228056802","https://www.google.com/maps?q=31.5876400,74.3759370"
"342","CHAUDHARY SPORTSWEAR AND GARMENTS","Kite Flying - Manufacturer","Panorama Shopping Centre, Shop 85-g, Mall Rd, Mayo Gardens, Garhi Shahu, Lahore, 54000, Pakistan, Lahore City","Lahore City","03099868226","https://www.google.com/maps?q=31.5617530,74.3212220"
"343","Khan Store","Kite Flying - Seller","G93M+824, R A Bazaar Cantt, Lahore, Pakistan, Lahore Cantt","Lahore Cantt","03343028117","https://www.google.com/maps?q=31.5032630,74.3825700"
"344","Hafiz kite center","Kite Flying - Seller","Amar St, Kardar Park Lahore, Pakistan, Lahore City","Lahore City","03224447421","https://www.google.com/maps?q=31.5830610,74.2989110"
"345","AB Kites & Dor","Kite Flying - Seller","G8HC+8JF, Ichhra Lahore, 54000, Pakistan, Model Town","Model Town","03310400066","https://www.google.com/maps?q=31.5282630,74.3215410"
"346","FN Kite Store","Kite Flying - Seller","13 Durand Rd, Muhammad Nagar Garhi Shahu, Lahore, 54000, Pakistan, Shalimar Town","Shalimar Town","03214738083","https://www.google.com/maps?q=31.5629860,74.3400000"
"347","Qasim Kite House","Kite Flying - Manufacturer","H8J2+WWH, Mohni Rd, Bilal Ganj, Lahore, 54000, Pakistan, Lahore City","Lahore City","03233388696","https://www.google.com/maps?q=31.5822810,74.3024480"
"348","Township Kites and Accessories","Kite Flying - Seller","Plot 28, Sector B-1 Block 5 Sector B 1 Lahore, Pakistan, Model Town","Model Town","03356789015","https://www.google.com/maps?q=31.4580250,74.3115920"
"349","Hafiz Trader","Kite Flying - Manufacturer","J7QX+756, Qaiser Town-Shahdara Town Rd, Shahdara Town, Lahore, Pakistan, Ravi Town","Ravi Town","03244792968","https://www.google.com/maps?q=31.6380200,74.2979620"
"350","J.S & TOYS","Kite Flying - Seller","Mochi Gate Sadar, H8HC+57G, Tung Bazar, Kucha Chagtah Walled City of Lahore, Lahore, 54000, Pakistan, Lahore City","Lahore City","03245101432","https://www.google.com/maps?q=31.5780570,74.3207020"
"351","Muhammad Raza","Kite Flying - Seller","H8GC+WJ3, Kucha Chagtah Walled City of Lahore, Lahore, 54000, Pakistan, Lahore City","Lahore City","03218499350","https://www.google.com/maps?q=31.5772200,74.3215670"
"352","ABDULLAH REHAN SAFE KITE HOUSE","Kite Flying - Manufacturer","H8QW+7FC, Chah Miran Rd, Chah Miran, Lahore, Pakistan, Ravi Town","Ravi Town","03007251083","https://www.google.com/maps?q=31.5881950,74.3462530"
"353","Waseem Kite Center","Kite Flying - Manufacturer","Malipura Main Bazaar, Karim Park Lahore, Pakistan, Lahore City","Lahore City","03224076072","https://www.google.com/maps?q=31.5902390,74.2957290"
"354","Muhammad Raza","Kite Flying - Trader","H8HC+2RW, Mochi Gate Bazar, Kucha Chagtah Walled City of Lahore, Lahore, 54000, Pakistan, Lahore City","Lahore City","03218499350","https://www.google.com/maps?q=31.5777440,74.3220510"
"355","Qasim Kite House","Kite Flying - Seller","H8J2+WWH, Mohni Rd, Bilal Ganj, Lahore, 54000, Pakistan, Lahore City","Lahore City","03233388696","https://www.google.com/maps?q=31.5822800,74.3024360"
"356","Afzal Kite House","Kite Flying - Seller","Main China Rd, China Scheme, Lahore, Pakistan, Ravi Town","Ravi Town","03147247986","https://www.google.com/maps?q=31.6036920,74.3583600"
"357","BAO KITE MAKER","Kite Flying - Manufacturer","H9R4+CVP, Kot Khawaja Saeed Rd, Kot Khawaja Saeed, Lahore, Pakistan, Shalimar Town","Shalimar Town","03008194307","https://www.google.com/maps?q=31.5911220,74.3572390"
"358","Abbasi sweet","Kite Flying - Seller","F86X+J6C, Abid Rd, Bostan Colony, Lahore, Pakistan, Model Town","Model Town","03447000288","https://www.google.com/maps?q=31.4615620,74.3480360"
"359","92 Kite Flying","Kite Flying - Trader","H8HF+F82, Kucha Baghicha Samadhi, Mochi Gate Walled City of Lahore, Lahore, 54000, Pakistan, Lahore City","Lahore City","03008099488","https://www.google.com/maps?q=31.5787050,74.3233730"
"360","Kite making","Kite Flying - Manufacturer","House no 1 Street 26 Ahata Hari chand main bazar Sultanpura Lahore, Shalimar Town","Shalimar Town","03234447557","https://www.google.com/maps?q=31.5821950,74.4055940"
"361","Lala Billu Kite Centre","Kite Flying - Trader","G7VW+86X, Samanabad Town, Lahore, 54000, Pakistan, Lahore City","Lahore City","03004248241","https://www.google.com/maps?q=31.5434010,74.2955130"
"362","AHMAD KITE HOUSE","Kite Flying - Manufacturer","H8QW+7FC, Chah Miran Rd, Chah Miran, Lahore, Pakistan, Ravi Town","Ravi Town","03254639206","https://www.google.com/maps?q=31.5881700,74.3462480"
"363","ACHU WORLD STORE","Kite Flying - Seller","395 St 9, Raza Block Allama Iqbal Town, Lahore, Pakistan, Model Town","Model Town","03218888991","https://www.google.com/maps?q=31.5051880,74.2851830"
"364","Mian kites","Kite Flying - Manufacturer","F9VF+WRF Defence Chowk Bus Stop, Khayaban-e-Jinnah, Super Town, Lahore, Pakistan, Lahore Cantt","Lahore Cantt","03204192892","https://www.google.com/maps?q=31.4949270,74.3745810"
"365","Nayyaz kite maker","Kite Flying - Manufacturer","HCG3+28C, Fateh Garh Hameedpura, Lahore, Pakistan, Shalimar Town","Shalimar Town","03224591867","https://www.google.com/maps?q=31.5752370,74.4027690"
"366","Nasir Kite Merchant","Kite Flying - Seller","Bazaar Laal khoh، inside Mochi Gate، Kucha Chagtah Walled City of Lahore, Lahore, 54000, Pakistan, Lahore City","Lahore City","03214292744","https://www.google.com/maps?q=31.5778110,74.3220080"
"367","Mona Kite House","Kite Flying - Seller","H9MF+76P, Baghbanpura, Lahore, 54000, Pakistan, Shalimar Town","Shalimar Town","03228014021","https://www.google.com/maps?q=31.5831160,74.3729520"
"368","Ali kites maker","Kite Flying - Manufacturer","F6CW+P29, Thokar Niaz Baig Flyover, Irrigation Colony, Lahore, Pakistan, Allama Iqbal","Allama Iqbal","03228741187","https://www.google.com/maps?q=31.4721270,74.2450290"
"369","Mona Kite House","Kite Flying - Manufacturer","H9MF+76P, Baghbanpura, Lahore, 54000, Pakistan, Shalimar Town","Shalimar Town","03228014021","https://www.google.com/maps?q=31.5831250,74.3729590"
"370","Nubaa","Kite Flying - Seller","H8RF+CPV, Farooq Gunj Mohalla Badami Bagh, Lahore, Pakistan, Ravi Town","Ravi Town","03174646198","https://www.google.com/maps?q=31.5910130,74.3247480"
"371","Farooq & co","Kite Flying - Seller","J7FX+H5X, Main road, near M,P,E high school, Qazi Park Shahdara Town, Shahdara, 54950, Pakistan, Ravi Town","Ravi Town","03339444600","https://www.google.com/maps?q=31.6239450,74.2981300"
"372","Rana kites","Kite Flying - Manufacturer","H79Q+G3R, St Nagar, Lahore, 54000, Pakistan, Lahore City","Lahore City","03104148433","https://www.google.com/maps?q=31.5688830,74.2876200"
"373","Shah Hussain Kite Manufacturing","Kite Flying - Manufacturer","H9MC+FCF, Baghbanpura, Lahore, 54000, Pakistan, Shalimar Town","Shalimar Town","03259859737","https://www.google.com/maps?q=31.5839420,74.3711320"
"374","Kite Selling","Kite Flying - Seller","H8JV+R78, Road, Sultan Pura Sultanpura Misri Shah, Lahore, Pakistan, Ravi Town","Ravi Town","03234447557","https://www.google.com/maps?q=31.5818610,74.3433200"
"375","Punjab kite centre","Kite Flying - Seller","J8H5+49Q, Main Bazar Rd, Shahdara Town, Lahore, Pakistan, Ravi Town","Ravi Town","03054538266","https://www.google.com/maps?q=31.6276580,74.3084760"
"376","Dr kites","Kite Flying - Seller","31 Umar Rd, Krishan Nagar Islampura, Lahore, 54000, Pakistan, Lahore City","Lahore City","03218858483","https://www.google.com/maps?q=31.5653510,74.2933280"
"377","Shah kite House","Kite Flying - Manufacturer","F9W7+2JP, Sheraz Villas Rd, Madina Colony, Lahore, Pakistan, Shalimar Town","Shalimar Town","03078888511","https://www.google.com/maps?q=31.4951080,74.3640810"
"378","Eagle Trading Co.","Kite Flying - Trader","F9W7+2JP, Sheraz Villas Rd, Madina Colony, Lahore, Pakistan, Shalimar Town","Shalimar Town","03078888511","https://www.google.com/maps?q=31.4951080,74.3640810"
"379","Dr kites","Kite Flying - Trader","31 Umar Rd, Krishan Nagar Islampura, Lahore, 54000, Pakistan, Lahore City","Lahore City","03218858483","https://www.google.com/maps?q=31.5653150,74.2933210"
"380","kite saller","Kite Flying - Seller","J76M+C9, Taragarh Shahdara Town, Lahore, Pakistan, Ravi Town","Ravi Town","03290332404","https://www.google.com/maps?q=31.6107530,74.2835350"
"381","Bilal Diper house","Kite Flying - Manufacturer","H76Q+CJG, Dilkusha Park Krishan Nagar, Lahore, 54000, Pakistan, Lahore City","Lahore City","03444568847","https://www.google.com/maps?q=31.5612530,74.2893430"
"382","KINGDOM KITES","Kite Flying - Seller","Plot 110, Block A1 Block A 1 Pia Housing Scheme, Lahore, 54770, Pakistan, Model Town","Model Town","03395858800","https://www.google.com/maps?q=31.4474140,74.2864100"
"383","PAKISTAN KITE CENTER","Kite Flying - Seller","G8F3+J48, Madni Masjid St, Karnalpora Combo Colony, Lahore, 54000, Pakistan, Model Town","Model Town","03234370733","https://www.google.com/maps?q=31.5239530,74.3030990"
"384","Pak Kite Making","Kite Flying - Manufacturer","C7JV+V98, Muhammad Hussain Road, Bagrian Lahore, Pakistan, Model Town","Model Town","03238474443","https://www.google.com/maps?q=31.4321070,74.2937060"
"385","Beelstep","Kite Flying - Seller","96M3+GJ3, Fateh Singhwala Fateh Singh Wala, Lahore, Pakistan, Raiwind","Raiwind","03224715370","https://www.google.com/maps?q=31.3836630,74.2040780"
"386","Muneeb kite making","Kite Flying - Manufacturer","F942+33Q Neuro Department, Ismail Nagar, Lahore, پاکستان, Model Town","Model Town","03224085960","https://www.google.com/maps?q=31.4550250,74.3506620"
"387","MUSA KITE DEALER","Kite Flying - Seller","137 Krishna Street, Haq Nawaz Rd, Baghbanpura, Lahore, 54000, Pakistan, Shalimar Town","Shalimar Town","03030005036","https://www.google.com/maps?q=31.5828390,74.3742960"
"388","The Sky Riders","Kite Flying - Seller","G8G4+5PF, Shah Kamal Rd, Ichhra Combo Colony, Lahore, 54000, Pakistan, Model Town","Model Town","03225204676","https://www.google.com/maps?q=31.5254360,74.3067850"
"389","Digital Development Lab","Kite Flying Association","3rd Ave, NFC Society, Lahore, Pakistan, Raiwind","Raiwind","03004444210, 03355976929","https://www.google.com/maps?q=31.4146350,74.2694360"
"390","Akhtar Brothers","Kite Flying - Trader","H8G5+XCM, Anarkali Bazaar Lahore, 54000, Pakistan, Lahore City","Lahore City","03330725000","https://www.google.com/maps?q=31.5774680,74.3085350"
"391","Musa kite trader","Kite Flying - Trader","HC83+XHV, Fateh Garh Fatehgarh, Lahore, Pakistan, Shalimar Town","Shalimar Town","03258298287","https://www.google.com/maps?q=31.5674870,74.4039810"
"392","Sultan Ahmad Door seller","Kite Flying - Seller","H8G5+GJC, Anarkali Bazaar Lahore, 54000, Pakistan, Lahore City","Lahore City","03234987387","https://www.google.com/maps?q=31.5762640,74.3090730"
"393","Sirajia","Kite Flying - Seller","4 Raiwind Rd, Pajian, Raiwind, 55050, Pakistan, Raiwind","Raiwind","03271015848","https://www.google.com/maps?q=31.3014040,74.2245550"
"394","Ali kites dealor","Kite Flying - Seller","F6CW+P29, Thokar Niaz Baig Flyover, Irrigation Colony, Lahore, Pakistan, Allama Iqbal","Allama Iqbal","03228741187","https://www.google.com/maps?q=31.4721270,74.2450290"
"395","Naeem Abbas kite flying","Kite Flying - Manufacturer","F6QQ+W27, Thokar Niaz Baig, Lahore, Pakistan, Allama Iqbal","Allama Iqbal","03008859936","https://www.google.com/maps?q=31.4902070,74.2373250"
"396","Boss","Kite Flying - Manufacturer","JC6F+2FV, Wahga Town, Lahore, Pakistan, Wahgah Town","Wahgah Town","03224626287","https://www.google.com/maps?q=31.6101770,74.4236110"
"397","Zafar Kite Store Lahore Cantt","Kite Flying - Manufacturer","184 Allama Iqbal Rd, Mustafabad, Lahore, Pakistan, Lahore Cantt","Lahore Cantt","03004506463","https://www.google.com/maps?q=31.5511370,74.3639940"
"398","Xkitehouse","Kite Flying - Seller","F73V+QC6, 1, Highcourt Society Block C 1 Phase 1 Johar Town, Lahore, 54600, Pakistan, Model Town","Model Town","03194275766","https://www.google.com/maps?q=31.4543890,74.2935100"
"399","Dee Tech","Kite Flying - Seller","55 Main Boulevard Gulberg, Block E1 Block E 1 Gulberg III, Lahore, Pakistan, Model Town","Model Town","03218454613","https://www.google.com/maps?q=31.5166750,74.3435200"
"400","M.W kite house","Kite Flying - Manufacturer","J8G4+Q59, Road, Shahdara Town, Lahore, Pakistan, Ravi Town","Ravi Town","03235959580","https://www.google.com/maps?q=31.6269560,74.3053970"
"401","Sheikh kites","Kite Flying - Seller","Bazaar Laal khoh، inside Mochi Gate، Kucha Chagtah Walled City of Lahore, Lahore, 54000, Pakistan, Lahore City","Lahore City","03244686240","https://www.google.com/maps?q=31.5777730,74.3220350"
"402","AK Kite House","Kite Flying - Seller","10bearth road Azeem Electric Market Rd, Gawalmandi, Lahore, 54000, Pakistan, Shalimar Town","Shalimar Town","03091974808","https://www.google.com/maps?q=31.5758670,74.3245950"
"403","PAKISTAN KITE CENTER","Kite Flying - Trader","G8F3+J48, Madni Masjid St, Karnalpora Combo Colony, Lahore, 54000, Pakistan, Model Town","Model Town","03234370733","https://www.google.com/maps?q=31.5239690,74.3031010"
"404","Shakeel","Kite Flying - Manufacturer","H8QV+5RR, Chah Miran Rd, Chah Miran, Lahore, Pakistan, Ravi Town","Ravi Town","03249431135","https://www.google.com/maps?q=31.5880130,74.3445070"
"405","PAKISTAN KITE CENTER","Kite Flying - Manufacturer","G8F3+J48, Madni Masjid St, Karnalpora Combo Colony, Lahore, 54000, Pakistan, Model Town","Model Town","03234370733","https://www.google.com/maps?q=31.5239790,74.3031030"
"406","Najaf Kite Maker","Kite Flying - Manufacturer","House no.41 Block C1 Johar Town,Lahore, Model Town","Model Town","03054786194","https://www.google.com/maps?q=31.4542330,74.2922710"
"407","Bilal Diaper and Kite house","Kite Flying - Trader","Shamnagar Rd, H832+Q35, Rajgarh, Sanda, Sham Nagar Block B New Chauburji Park, Lahore, 54000, Pakistan, Lahore City","Lahore City","03444568847","https://www.google.com/maps?q=31.5543400,74.3002660"
"408","IDEAL KITE CENTER","Kite Flying - Seller","32 Bilal St, Islamia Park, Lahore, 54000, Pakistan, Lahore City","Lahore City","03214600945","https://www.google.com/maps?q=31.5440230,74.3046280"
"409","Madina kite house","Kite Flying - Seller","G9F5+7XF, Street No. 7, Jinnah Park Lahore, 54660, Pakistan, Lahore Cantt","Lahore Cantt","03454156252","https://www.google.com/maps?q=31.5230070,74.3598590"
"410","Adnan Enterprises","Kite Flying - Seller","C9VQ+P79, Kamahan Village, Lahore, Pakistan, Model Town","Model Town","03047050132","https://www.google.com/maps?q=31.4440830,74.3877930"
"411","Madina kite house","Kite Flying - Manufacturer","F82Q+RW2, Kacha Jail Rd, Quaid e Millat Colony, Lahore, Pakistan, Model Town","Model Town","03454156252","https://www.google.com/maps?q=31.4521050,74.3396060"
"412","Sardar g kite","Kite Flying - Manufacturer","HCF3+3RP, Dispensary Rd, Fateh Garh Fatehgarh, Lahore, Pakistan, Shalimar Town","Shalimar Town","03224591867","https://www.google.com/maps?q=31.5727100,74.4045660"
"413","Rajpoot","Kite Flying - Manufacturer","C5JJ+R8X, Multan Rd, Manowal, Lahore, 54000, Pakistan, Allama Iqbal","Allama Iqbal","03249008907, 03044937823","https://www.google.com/maps?q=31.4316200,74.1801340"
"414","Up kite","Kite Flying - Seller","F88W+3Q5, Bostan Colony, Lahore, Pakistan, Model Town","Model Town","03187947607","https://www.google.com/maps?q=31.4649220,74.3470290"
"415","Karigar","Kite Flying - Manufacturer","G7MC+357, Kot Kamboh Lahore, 54000, Pakistan, Lahore City","Lahore City","03094450040","https://www.google.com/maps?q=31.5326320,74.2704320"
"416","Karigar","Kite Flying - Seller","G7MC+357, Kot Kamboh Lahore, 54000, Pakistan, Lahore City","Lahore City","03094450040","https://www.google.com/maps?q=31.5326250,74.2704320"
"417","Liberty Builders","Kite Flying - Seller","H87H+27R, Garhi Shahu, Lahore, 54000, Pakistan, Shalimar Town","Shalimar Town","03339555888","https://www.google.com/maps?q=31.5627450,74.3280310"
"418","BISMILLAH CHICKEN SALE CENTER","Kite Flying - Seller","CFX3+MJ5, Bedian Rd, Mota Singh Wala, Lahore, Pakistan, Lahore Saddar","Lahore Saddar","03035062311","https://www.google.com/maps?q=31.4491090,74.4541500"
"419","Lala Billu Kite Centre","Kite Flying - Manufacturer","G7VW+86X, Samanabad Town, Lahore, 54000, Pakistan, Lahore City","Lahore City","03004248241","https://www.google.com/maps?q=31.5434010,74.2955130"
"420","F N kite shop","Kite Flying - Seller","188 main Lahore – Kasur Rd, Ichhra Lahore, 54000, Pakistan, Model Town","Model Town","03034445051","https://www.google.com/maps?q=31.5276840,74.3221880"
"421","Taj kites","Kite Flying - Seller","H7CW+357, Sant Nagar St Nagar, Lahore, 54000, Pakistan, Lahore City","Lahore City","03154212077","https://www.google.com/maps?q=31.5700960,74.2954500"
"422","Adnan Traders","Kite Flying - Seller","H9FF+4WM, rana clinak road, Mughalpura, Lahore, 54840, Pakistan, Shalimar Town","Shalimar Town","03228051283","https://www.google.com/maps?q=31.5728100,74.3748100"
"423","MA Kites","Kite Flying - Seller","Main Harbanspura Rd, Hajipura, Lahore, Pakistan, Shalimar Town","Shalimar Town","03056666894","https://www.google.com/maps?q=31.5661590,74.4277030"
"424","BM Super Store","Kite Flying - Seller","J7JR+Q4F, Shahdara Town, Lahore, Pakistan, Ravi Town","Ravi Town","03054731502","https://www.google.com/maps?q=31.6321910,74.2903180"
"425","Township Kites and Accessories","Kite Flying - Manufacturer","Plot 28, Township Block 5 Sector B 1 Lahore, Pakistan, Model Town","Model Town","03356789015","https://www.google.com/maps?q=31.4578610,74.3114900"
"426","Haseeb Kite Maker","Kite Flying - Manufacturer","G7WJ+5CF, Block F Gulshan-e-Ravi, Lahore, 54000, Pakistan, Lahore City","Lahore City","03314205080","https://www.google.com/maps?q=31.5451530,74.2807280"
"427","Bismillah chicken sale center","Kite Flying - Trader","Bedian Rd, Mota Singh Wala, Lahore, Pakistan, Lahore Saddar","Lahore Saddar","03035062311","https://www.google.com/maps?q=31.4499680,74.4533050"
"428","Hassan kite shop","Kite Flying - Seller","9C74+97, Lahore, Pakistan, Nishter Town","Nishter Town","03237300326","https://www.google.com/maps?q=31.3631210,74.4060400"
"429","Nadeem Kite Maker","Kite Flying - Manufacturer","17 AH1, Tamhara Kot Pind, Lahore, Pakistan, Wahgah Town","Wahgah Town","03213431233","https://www.google.com/maps?q=31.5907560,74.4506920"
"430","Shahid Kites","Kite Flying - Seller","H97R+989, MuhammadPura Lalpul Canal View Park, Lahore, Pakistan, Shalimar Town","Shalimar Town","03054814728","https://www.google.com/maps?q=31.5634420,74.3909100"
"431","Ice Factory","Kite Flying - Trader","HCVF+64H, Mominpura Rd, behind Siddiquia Mosque، Wahga Town, Lahore, Pakistan, Shalimar Town","Shalimar Town","03234531109","https://www.google.com/maps?q=31.5935640,74.4229730"
"432","Mehar kites","Kite Flying - Seller","F86V+PV4, Qainchee Bazar Rd, Bostan Colony, Lahore, Pakistan, Model Town","Model Town","03180429006","https://www.google.com/maps?q=31.4617090,74.3448470"
"433","Zahid Kite Maker","Kite Flying - Manufacturer","H9CG+98P, Shalimar Larechs Colony, Lahore, 54840, Pakistan, Shalimar Town","Shalimar Town","03224212660","https://www.google.com/maps?q=31.5708240,74.3753890"
"434","Aslam Babu Kite House","Kite Flying - Seller","The Grill planet 17 Q, near ayoob Chowk, Block P Block Q Phase 2 Johar Town, Lahore, Pakistan, Allama Iqbal","Allama Iqbal","03074763771","https://www.google.com/maps?q=31.4595100,74.2669620"
"435","Imran and Son's","Kite Flying - Seller","H9R2+66M, Nasir Bhutt Rd, Scheme No 2, Lahore, Pakistan, Shalimar Town","Shalimar Town","03256038152","https://www.google.com/maps?q=31.5904840,74.3506360"
"436","Baba Pan Shop","Kite Flying - Seller","Taj Market, Opp Alfalah Town, Double Road،, Bedian Rd, Haji Park Al Amin Housing Society, Lahore, Pakistan, Lahore Saddar","Lahore Saddar","03004531424","https://www.google.com/maps?q=31.4833820,74.4204310"
"437","Arif Kite House","Kite Flying - Seller","Malik Munir Rd, H74P+3X7, Sanda Kalan, Sanda, D Block Block D Gulshan-e-Ravi, Lahore, 54000, Pakistan, Lahore City","Lahore City","03214207856","https://www.google.com/maps?q=31.5550960,74.2873910"
"438","MGM powder coating excellence","Kite Flying - Seller","G78G+MHW, Sabzazar Block A Sabzazar Housing Scheme Phase 1 & 2 Lahore, 54500, Pakistan, Lahore City","Lahore City","03039422269","https://www.google.com/maps?q=31.5170100,74.2763980"
"439","Macherz Kites","Kite Flying - Seller","nishter, Nishter Town","Nishter Town","03239993868","https://www.google.com/maps?q=31.5203730,74.3588370"
"440","Happy Kite Club","Kite Flying - Seller","Qazi Park chowk, Shahdara Town Lahore, Ravi Town","Ravi Town","03158012216","https://www.google.com/maps?q=31.6261550,74.2950190"
"441","Hajji Abdul waheed butt","Kite Flying - Seller","H7JR+8XF, Tauheed Rd, Data Gunj Buksh Town, Lahore, Pakistan, Lahore City","Lahore City","03244438246","https://www.google.com/maps?q=31.5807470,74.2924400"
"442","Taj kites","Kite Flying - Manufacturer","H7CW+357, Sant Nagar St Nagar, Lahore, 54000, Pakistan, Lahore City","Lahore City","03154212077","https://www.google.com/maps?q=31.5701120,74.2953710"
"443","RK School Furniture","Kite Flying - Manufacturer","G8W8+M4V, Jinnah Town, Lahore, 54000, Pakistan, Allama Iqbal","Allama Iqbal","03234179801","https://www.google.com/maps?q=31.5467222,74.3155556"
"444","Abdula Mibile","Kite Flying - Seller","FCW2+4QG, Bedian Rd, Nadirabad Lahore, Pakistan, Lahore Cantt","Lahore Cantt","03215533966","https://www.google.com/maps?q=31.4952110,74.4020150"
"445","Madina mart","Kite Flying - Seller","Plot 370, Block P Phase 2 Johar Town, Lahore, Pakistan, Allama Iqbal","Allama Iqbal","03134140210","https://www.google.com/maps?q=31.4645480,74.2722930"
"446","Champion Shada Kite Maker","Kite Flying - Manufacturer","F9RC+3W7, Shah Jahan street, Super Town Shah Taj Colony, Lahore, Pakistan, Nishter Town","Nishter Town","03004448434","https://www.google.com/maps?q=31.4899590,74.3730870"
"447","Akbar ali","Kite Flying - Manufacturer","Daroghawala Bus Stop, Bund Road, Nadeem Park Data Flour Maill Next Bazar، Grand Trunk Rd, Daroghe Wala, Lahore, 54920, Pakistan, Shalimar Town","Shalimar Town","03234767058","https://www.google.com/maps?q=31.5870900,74.4037060"
"448","Ahmad traders","Kite Flying - Manufacturer","G7RR+HR2, New Shalimar Rd, Samanabad Town, Lahore, 54000, Pakistan, Lahore City","Lahore City","03320948286","https://www.google.com/maps?q=31.5413890,74.2920790"
"449","FAIZAN INTERPTISES","Kite Flying - Seller","makha road jadha, H7QX+RH2, Karim Park Lahore, Pakistan, Lahore City","Lahore City","03041660086","https://www.google.com/maps?q=31.5894710,74.2988440"
"450","All PAKISTAN KITES FLYING ASSOCIATION","Kite Flying Association","17 Wahdat Rd, Commercial Area Rehmanpura Colony, Lahore, 54000, Pakistan, Model Town","Model Town","03214449839","https://www.google.com/maps?q=31.5203650,74.3201540"
"451","Ramzan Kite Works","Kite Flying - Manufacturer","1 Tajpura Main Rd, Block C Mian Amiruddin Park, Lahore, Pakistan, Shalimar Town","Shalimar Town","03044774044","https://www.google.com/maps?q=31.5583120,74.4073910"
"452","Champion Shada Kite Maker","Kite Flying - Seller","F9RC+3W7, Shah Jahan street, Super Town Shah Taj Colony, Lahore, Pakistan, Nishter Town","Nishter Town","03004448434","https://www.google.com/maps?q=31.4899490,74.3730650"
"453","TANZEEM KITE HOUSE","Kite Flying - Seller","G7VP+GPM, Samanabad Town, Lahore, 54000, Pakistan, Lahore City","Lahore City","03004552729","https://www.google.com/maps?q=31.5435530,74.2859520"
"454","Abzara Industries","Kite Flying - Seller","C8X4+3W5, Shah Jilani Road, Township Block 3 Twp Sector C 1 Lahore, Pakistan, Model Town","Model Town","03024363453","https://www.google.com/maps?q=31.4479960,74.3074040"
"455","CRYSTAL KITE","Kite Flying - Seller","Plot 396, Block B Gulshan-e-Ravi, Lahore, 54000, Pakistan, Lahore City","Lahore City","03059470818","https://www.google.com/maps?q=31.5532430,74.2900760"
"456","Al Fajar cash and carry","Kite Flying - Seller","F8H5+M7F, Kotha Pind Block B Faisal Town, Lahore, Pakistan, Model Town","Model Town","03074465969","https://www.google.com/maps?q=31.4790000,74.3081350"
"457","TANZEEM KITE HOUSE","Kite Flying - Manufacturer","85, F Block Block F Gulshan-e-Ravi, Lahore, 54000, Pakistan, Lahore City","Lahore City","03004552729","https://www.google.com/maps?q=31.5436960,74.2785350"
"458","Baba Kites","Kite Flying - Manufacturer","F73R+245, Block C1 Block C 1 Phase 1 Johar Town, Lahore, Pakistan, Model Town","Model Town","03268845618","https://www.google.com/maps?q=31.4524740,74.2902390"
"459","PAPPU KITE HOUSE","Kite Flying - Trader","G9C5+5F5,e, Pakistan, Block N Gulberg III, Lahore, Pakistan, Model Town","Model Town","03214127252","https://www.google.com/maps?q=31.5203820,74.3587000"
"460","Khan store","Kite Flying - Seller","4 Lake Rd, Anarkali Bazaar Lahore, 54000, Pakistan, Lahore City","Lahore City","03124114311","https://www.google.com/maps?q=31.5640410,74.3087550"
"461","Baba Kites","Kite Flying - Seller","F73R+245, Block C1 Block C 1 Phase 1 Johar Town, Lahore, Pakistan, Model Town","Model Town","03268845618","https://www.google.com/maps?q=31.4525470,74.2903030"
"462","Afaq manufacturer","Kite Flying - Manufacturer","Al-Mumtaz Rd, Samanabad Town, Lahore, 54000, Pakistan, Lahore City","Lahore City","03296766034","https://www.google.com/maps?q=31.5304970,74.2925830"
"463","Qasim kite flying shop","Kite Flying - Seller","F9WV+2JH, Nishat Colony Lahore, Pakistan, Lahore Cantt","Lahore Cantt","03270909629","https://www.google.com/maps?q=31.4950480,74.3941430"
"464","Asif Dor Maker","Kite Flying - Manufacturer","H8J3+CP8, Mohni Rd, Data Gunj Buksh Town, Lahore, Pakistan, Lahore City","Lahore City","03249420201","https://www.google.com/maps?q=31.5810080,74.3043950"
"465","Aurang Zaib","Kite Flying - Seller","G7RR+GRQ, Ghulam Nabi Colony Samanabad Town, Lahore, 54000, Pakistan, Lahore City","Lahore City","03219482861","https://www.google.com/maps?q=31.5414330,74.2921240"
"466","MALIK KITES","Kite Flying - Seller","Plot 252, F Block Block F Gulshan-e-Ravi, Lahore, 54000, Pakistan, Lahore City","Lahore City","03004123505","https://www.google.com/maps?q=31.5490620,74.2822700"
"467","Musa kite shop","Kite Flying - Seller","F8QP+FVM, Arfa Kareem Pk Rd, Model Town, Lahore, Pakistan, Model Town","Model Town","03053233444","https://www.google.com/maps?q=31.4884670,74.3370950"
"468","ZB","Kite Flying - Seller","3-A Davis Road, Muhammad Nagar Garhi Shahu, Lahore, 54000, Pakistan, Lahore City","Lahore City","03481842546","https://www.google.com/maps?q=31.5623890,74.3369130"
"469","Usman kite shop","Kite Flying - Seller","H99V+64F, Nabi Pura Lahore, Pakistan, Shalimar Town","Shalimar Town","03224146663","https://www.google.com/maps?q=31.5681370,74.3928280"
"470","Aurang Zaib","Kite Flying - Trader","G7RR+GRQ, Ghulam Nabi Colony Samanabad Town, Lahore, 54000, Pakistan, Lahore City","Lahore City","03219482861","https://www.google.com/maps?q=31.5413970,74.2920280"
"471","MALIK KITES MAKER","Kite Flying - Manufacturer","Plot 252, F Block Block F Gulshan-e-Ravi, Lahore, 54000, Pakistan, Lahore City","Lahore City","03004123505","https://www.google.com/maps?q=31.5490630,74.2822810"
"472","Aurang Zaib","Kite Flying - Manufacturer","G7RR+GRQ, Ghulam Nabi Colony Samanabad Town, Lahore, 54000, Pakistan, Lahore City","Lahore City","03219482861","https://www.google.com/maps?q=31.5414360,74.2921230"
"473","Innovasun Power","Kite Flying - Trader","3 km Harbanspura Rd, Hajipura, Lahore, Pakistan, Shalimar Town","Shalimar Town","03056666894","https://www.google.com/maps?q=31.5668470,74.4273260"
"474","LUSH PUSH INTERNATIONAL","Kite Flying - Seller","H85X+8MH, Sardar St, Garhi Shahu, Lahore, 54000, Pakistan, Lahore Cantt","Lahore Cantt","03214599303","https://www.google.com/maps?q=31.5583330,74.3492910"
"475","Moiz Kites Shop","Kite Flying - Seller","J7HW+935, Qazi Park Rd, Seraj Park Shahdara Town, Lahore, Pakistan, Ravi Town","Ravi Town","03349767086","https://www.google.com/maps?q=31.6284410,74.2952500"
"476","Malik kite house","Kite Flying - Seller","H83C+47V, Golding Rd, Block B Jinnah Town, Lahore, 54000, Pakistan, Allama Iqbal","Allama Iqbal","03708387988","https://www.google.com/maps?q=31.5530520,74.3207490"
"477","Dee Tech","Kite Flying - Manufacturer","Plot 26, Block R Marghzar Housing Scheme, Lahore, Pakistan, Allama Iqbal","Allama Iqbal","03218454613","https://www.google.com/maps?q=31.4985000,74.2480280"
"478","Riaz Majeed Kite Maker","Kite Flying - Manufacturer","H8PQ+7RF, Zafrullah Rd, Misri Shah, Lahore, Pakistan, Ravi Town","Ravi Town","03238040969","https://www.google.com/maps?q=31.5859270,74.3394880"
"479","Baba Kites","Kite Flying - Trader","F73R+245, Block C1 Block C 1 Phase 1 Johar Town, Lahore, Pakistan, Model Town","Model Town","03268845618","https://www.google.com/maps?q=31.4525110,74.2902390"
"480","Khan Store","Kite Flying - Manufacturer","G93M+Q9G, R A Bazaar Cantt, Lahore, Pakistan, Lahore Cantt","Lahore Cantt","03343028117","https://www.google.com/maps?q=31.5044740,74.3833680"
"481","Shafiq kite House","Kite Flying - Manufacturer","G759+RWV, Kharak Awan Town, Lahore, Pakistan, Lahore City","Lahore City","03034111167","https://www.google.com/maps?q=31.5094480,74.2700470"
"482","Nayyaz Kite Seller","Kite Flying - Seller","HCG2+CP3, Main Bazar, Hameed Pura Hameedpura, Lahore, 54000, Pakistan, Shalimar Town","Shalimar Town","03228085499","https://www.google.com/maps?q=31.5758820,74.4018440"
"483","Shah Brothers Kite Makers","Kite Flying - Manufacturer","House-139, Township Block 15 Sector B 1 Lahore, 54770, Pakistan, Model Town","Model Town","03234700303","https://www.google.com/maps?q=31.4620890,74.3064320"
"484","CHAUDHARY TRADERS","Kite Flying - Seller","CHAUDHARY TRADERS AND CHICKEN SALE CENTRE NEAR NIRMAL BEAUTY SALON H9Q2+VCM, Kot Khawaja Saeed, Lahore, Pakistan, Shalimar Town","Shalimar Town","03099868226, 03280114044","https://www.google.com/maps?q=31.5898800,74.3509210"
"485","W&R","Kite Flying - Seller","H7CP+HR9, St Nagar, Lahore, 54000, Pakistan, Lahore City","Lahore City","03244544976","https://www.google.com/maps?q=31.5715340,74.2873630"
"486","Bismillah kite house","Kite Flying - Seller","main Ghazi Rd, opposite Acha milk shop, Nishtar Town, Lahore, Pakistan, Model Town","Model Town","03224035120","https://www.google.com/maps?q=31.4597190,74.3553780"
"487","Dee Tech","Kite Flying - Trader","Plot 25, Block R Marghzar Housing Scheme, Lahore, Pakistan, Allama Iqbal","Allama Iqbal","03218454613","https://www.google.com/maps?q=31.4985220,74.2478570"
"488","Zulfiqar As ghar Traders","Kite Flying - Manufacturer","88 College Rd, Eden Boulevard Block C Eden Residencia, Lahore, 54600, Pakistan, Model Town","Model Town","03470463237","https://www.google.com/maps?q=31.4155410,74.2878970"
"489","Bismillah kite house","Kite Flying - Trader","23 Ghazi Rd, Nishtar Town, Lahore, Pakistan, Model Town","Model Town","03224035120","https://www.google.com/maps?q=31.4597080,74.3553680"
"490","CHAUDHARY TRADERS","Kite Flying - Seller","CHAUDHARY TRADER AND CHIKCEN SALE CENTRE NEAR NIRMAL BEAUTY SALOON CENTRAL ROAD DHOBHI GHAT CHAH MIRANH9Q2+VCM, Kot Khawaja Saeed, Lahore, Pakistan, Shalimar Town","Shalimar Town","03280114044","https://www.google.com/maps?q=31.5899070,74.3509210"
"491","W&R","Kite Flying - Manufacturer","55/B, St Nagar, Lahore, 54000, Pakistan, Lahore City","Lahore City","03019121188","https://www.google.com/maps?q=31.5717900,74.2868260"
"492","Kashif Kites","Kite Flying - Seller","F6CW+P29, Thokar Niaz Baig Flyover, Irrigation Colony, Lahore, Pakistan, Allama Iqbal","Allama Iqbal","03219439777","https://www.google.com/maps?q=31.4721270,74.2450290"
"493","Usama Kites","Kite Flying - Seller","103 Nawazish Ali Road, Fleming Rd, Gawalmandi, Lahore, 54000, Pakistan, Shalimar Town","Shalimar Town","03209456758","https://www.google.com/maps?q=31.5708610,74.3274660"
"494","W&R","Kite Flying - Manufacturer","55/B, St Nagar, Lahore, 54000, Pakistan, Lahore City","Lahore City","03244544976","https://www.google.com/maps?q=31.5717900,74.2868260"
"495","Bismillah Holesale","Kite Flying - Seller","174 Millat Rd, Baitul Raza Colony, Lahore, 54000, Pakistan, Lahore City","Lahore City","03246588686","https://www.google.com/maps?q=31.5280990,74.2923090"
"496","TAJ DIN STORE","Kite Flying - Manufacturer","91/13 Grand Trunk Rd, Shahdara Town, Shahdara, Pakistan, Ravi Town","Ravi Town","03244784004","https://www.google.com/maps?q=31.6274910,74.2880470"
"497","Iqbal Kites","Kite Flying - Seller","Mochi Gate Sadar, H8HC+57G, Tung Bazar, Kucha Chagtah Walled City of Lahore, Lahore, 54000, Pakistan, Lahore City","Lahore City","03264053460","https://www.google.com/maps?q=31.5779710,74.3207440"
"498","Kite flying seller","Kite Flying - Seller","61, near Kali Kothi Stop, Jahanzeb Block Allama Iqbal Town, Lahore, 54000, Pakistan, Lahore City","Lahore City","03134749277","https://www.google.com/maps?q=31.5248150,74.2888910"
"499","Hamza Material Hub","Kite Flying - Trader","Farooq Center Lahore Hotel Lahore, Shalimar Town","Shalimar Town","03004116978","https://www.google.com/maps?q=31.5383890,74.2828060"
"500","Malik Kites","Kite Flying - Seller","F67X+PPF, Block K Ali Town, Lahore, Pakistan, Allama Iqbal","Allama Iqbal","03704114830","https://www.google.com/maps?q=31.4640990,74.2488720"
"501","Nafay kites house","Kite Flying - Seller","2, Block A 1 Valencia, Lahore, Pakistan, Model Town","Model Town","03026671146","https://www.google.com/maps?q=31.4195360,74.2657170"
"502","Kite seller","Kite Flying - Seller","H9JF+76X, Baghbanpura, Lahore, 54000, Pakistan, Shalimar Town","Shalimar Town","03204026650","https://www.google.com/maps?q=31.5808730,74.3731750"
"503","Siddique Kites","Kite Flying - Manufacturer","H8MW+XJ8, Iqbal Rd, Chah Miran, Lahore, Pakistan, Ravi Town","Ravi Town","03201430599","https://www.google.com/maps?q=31.5852260,74.3465160"
"504","Kite seller","Kite Flying - Trader","229 GT Rd, Baghbanpura, Lahore, 00000, Pakistan, Shalimar Town","Shalimar Town","03204026650","https://www.google.com/maps?q=31.5811410,74.3737140"
"505","Butt fooods","Kite Flying - Seller","HCQ5+VJ6, Theri Road, Wahga Town, Lahore, Pakistan, Shalimar Town","Shalimar Town","03004300236","https://www.google.com/maps?q=31.5891370,74.4088550"
"506","Sheikh kites","Kite Flying - Trader","Bazaar Laal khoh، inside Mochi Gate، Kucha Chagtah Walled City of Lahore, Lahore, 54000, Pakistan, Lahore City","Lahore City","03244686240","https://www.google.com/maps?q=31.5777730,74.3220350"
"507","unique general store","Kite Flying - Trader","10/c Multan Rd, Haseeb Block Azam Garden, Lahore, 54000, Pakistan, Allama Iqbal","Allama Iqbal","03219900144","https://www.google.com/maps?q=31.4877710,74.2669660"
"508","Flying Kites Shop Lahore","Kite Flying - Seller","Plot 39, Township Block 8 Sector B 1 Lahore, 54770, Pakistan, Model Town","Model Town","03084324591","https://www.google.com/maps?q=31.4617300,74.3105950"
"509","NAUMAN TRADER","Kite Flying - Trader","Plot 54, Block A Tariq Garden, Lahore, Pakistan, Nishter Town","Nishter Town","03234858400","https://www.google.com/maps?q=31.4171640,74.2517020"
"510","H356 kucha khatim banda androon mochi gate lal kho bazar lahore","Kite Flying - Seller","H8HF+C2G, Lal Khoo Bazaar, Mochi Gate Walled City of Lahore, Lahore, 54000, Pakistan, Lahore City","Lahore City","03224934494","https://www.google.com/maps?q=31.5785620,74.3226360"
"511","javed old book center","Kite Flying - Seller","F926+WXP, Shanghai Rd, Gul Colony Lahore, Pakistan, Model Town","Model Town","03224516328","https://www.google.com/maps?q=31.4521380,74.3626370"
"512","ABD Traders","Kite Flying - Seller","J8G3+X2W، Jhalaran Road، Shahdara Town, Shahdara, Pakistan, Ravi Town","Ravi Town","03034238340","https://www.google.com/maps?q=31.6274640,74.3028110"
"513","Bawa g kite maker","Kite Flying - Manufacturer","J8H2+V3R, Shahdara Town, Lahore, Pakistan, Ravi Town","Ravi Town","03078896626","https://www.google.com/maps?q=31.6297570,74.3002390"
"514","Shah G kite house","Kite Flying - Seller","2 road, near to jamia masjid yarasool Allah, Chandrai, Lahore, 54000, Pakistan, Model Town","Model Town","03104016985","https://www.google.com/maps?q=31.4215590,74.3297480"
"515","Perfect Kite House","Kite Flying - Seller","H8PC+CW9, Gali Pathanan, Walled City of Lahore, Lahore, Pakistan, Lahore City","Lahore City","03214542664","https://www.google.com/maps?q=31.5860380,74.3225040"
"516","Shah kite selling home","Kite Flying - Seller","H8HC+CXM, Lal Khoo Bazaar, Sher Galiyan Mochi Gate Walled City of Lahore, Lahore, 54000, Pakistan, Lahore City","Lahore City","03218058394","https://www.google.com/maps?q=31.5785420,74.3224670"
"517","Surmad kite house","Kite Flying - Seller","HCP7+GM Lahore, Pakistan, Lahore Cantt","Lahore Cantt","03219992800","https://www.google.com/maps?q=31.5863740,74.4141250"
"518","Bismillah Kites","Kite Flying - Seller","H8JM+M3X, Do Moria Pull, Misri Shah, Lahore, 54000, Pakistan, Ravi Town","Ravi Town","03007433869","https://www.google.com/maps?q=31.5817100,74.3327740"
"519","K K international","Kite Flying - Manufacturer","Chowk Shah Alam, H8F8+GRG, Baans Bazar, Anarkali Bazaar Lahore, 54000, Pakistan, Lahore City","Lahore City","03214153111","https://www.google.com/maps?q=31.5737250,74.3171540"
"520","Surmad kite house","Kite Flying - Manufacturer","3 Shamma, Sharif Garden, Lahore, Pakistan, Shalimar Town","Shalimar Town","03219992800","https://www.google.com/maps?q=31.5865320,74.4143260"
"521","Bismillah Holesale","Kite Flying - Seller","174 Millat Rd, Baitul Raza Colony, Lahore, 54000, Pakistan, Lahore City","Lahore City","03224720380","https://www.google.com/maps?q=31.5281030,74.2923130"
"522","NADEEM KITES SELLER","Kite Flying - Seller","Kalyar Rd, Samanabad Town, Lahore, 54000, Pakistan, Lahore City","Lahore City","03024283026","https://www.google.com/maps?q=31.5421030,74.2881540"
"523","Bismillah Kites Trader","Kite Flying - Trader","H8JM+M3X, Do Moria Pull, Misri Shah, Lahore, 54000, Pakistan, Ravi Town","Ravi Town","03007433869","https://www.google.com/maps?q=31.5817090,74.3327850"
"524","Bismillah Holesale","Kite Flying - Manufacturer","174 Millat Rd, Baitul Raza Colony, Lahore, 54000, Pakistan, Lahore City","Lahore City","03248519180","https://www.google.com/maps?q=31.5281160,74.2923310"
"525","NADEEM KITES MAKER","Kite Flying - Manufacturer","G7RQ+V77, Kalyar Rd, Samanabad Town, Lahore, 54000, Pakistan, Lahore City","Lahore City","03024283026","https://www.google.com/maps?q=31.5421070,74.2881290"
"526","Bismillah Kites Store-","Kite Flying - Seller","H8MQ+998, Faiz Bagh Misri Shah, Lahore, Pakistan, Ravi Town","Ravi Town","03017884151","https://www.google.com/maps?q=31.5821980,74.3322280"
"527","Usman Enterprises","Kite Flying - Seller","G7RR+H47, New Shalimar Rd, Samanabad Town, Lahore, 54000, Pakistan, Lahore City","Lahore City","03238427731","https://www.google.com/maps?q=31.5413830,74.2903000"
"528","Bismillah Holesale","Kite Flying - Manufacturer","174 Millat Rd, Baitul Raza Colony, Lahore, 54000, Pakistan, Lahore City","Lahore City","03029424911","https://www.google.com/maps?q=31.5281190,74.2923050"
"529","Bismillah Kites Traders","Kite Flying - Trader","H8JJ+VVH, Do Moria Pull, Misri Shah, Lahore, 54000, Pakistan, Ravi Town","Ravi Town","03017884151","https://www.google.com/maps?q=31.5821970,74.3322330"
"530","GHULAM ABBAS KITE MANUFACTURER","Kite Flying - Manufacturer","J7FV+5V9, Qazi Park Shahdara Town, Lahore, Pakistan, Ravi Town","Ravi Town","03075659220","https://www.google.com/maps?q=31.6229850,74.2945380"
"531","Shahbaz Kites Manufacturing","Kite Flying - Manufacturer","J7HW+W8W, Seraj Park Shahdara Town, Shahdara, Pakistan, Ravi Town","Ravi Town","03116647766","https://www.google.com/maps?q=31.6297380,74.2960220"
"532","Sheikh brothers thread traders","Kite Flying - Manufacturer","al madina batteries at dar market, Sanda Lahore, 54000, Pakistan, Lahore City","Lahore City","03205925300","https://www.google.com/maps?q=31.5609000,74.2832210"
"533","Nisar kabab wala","Kite Flying - Seller","F86R+W38, Kot Lakhpat Station Rd, Ismail Nagar, Lahore, Pakistan, Model Town","Model Town","03224168124","https://www.google.com/maps?q=31.4621840,74.3400600"
"534","Shah g Kite maker","Kite Flying - Manufacturer","H895+2W5, Anarkali Bazaar Lahore, 54000, Pakistan, Lahore City","Lahore City","03024110813","https://www.google.com/maps?q=31.5674820,74.3098580"
"535","Smart Home Goods","Kite Flying - Seller","Plot 725, Block D Jubilee Town Housing Scheme, Lahore, Pakistan, Allama Iqbal","Allama Iqbal","03097443272","https://www.google.com/maps?q=31.4043550,74.1905630"
"536","Shah Brothers Kite Makers","Kite Flying - Seller","139-Office, Township Block 15 Sector B 1 Lahore, 54770, Pakistan, Model Town","Model Town","03234700303","https://www.google.com/maps?q=31.4620920,74.3064310"
"537","Vip kite store","Kite Flying - Manufacturer","G7RM+WJW, Nonarian Bazar, Shera Kot Lahore, 54000, Pakistan, Lahore City","Lahore City","03156602085","https://www.google.com/maps?q=31.5423390,74.2842330"
"538","Sherry Kite House","Kite Flying - Seller","H8QR+8WM, Neelam Cinema Rd, Makhan Pura Chah Miran, Lahore, 54900, Pakistan, Ravi Town","Ravi Town","03239949127","https://www.google.com/maps?q=31.5883210,74.3423800"
"539","New kite shop","Kite Flying - Seller","F965+6F9, Gul Colony, Lahore, Pakistan, Model Town","Model Town","03088403182","https://www.google.com/maps?q=31.4606990,74.3588520"
"540","Waqas kite shop","Kite Flying - Seller","H9MC+39X, Baghbanpura, Lahore, 54000, Pakistan, Shalimar Town","Shalimar Town","03219498292","https://www.google.com/maps?q=31.5827200,74.3710230"
"541","LUSH PUSH INTERNATIONAL","Kite Flying - Trader","H85X+8MH, Sardar St, Garhi Shahu, Lahore, 54000, Pakistan, Shalimar Town","Shalimar Town","03214599303","https://www.google.com/maps?q=31.5583330,74.3492910"
"542","Jazzy kite","Kite Flying - Seller","F956+9Q5, Ghazi Rd, Shoukat Town Sector S DHA Phase 2, Lahore, Pakistan, Model Town","Model Town","03288093453","https://www.google.com/maps?q=31.4582930,74.3620670"
"543","Vip kite store","Kite Flying - Trader","G7RM+RPQ, Shera Kot Lahore, 54000, Pakistan, Lahore City","Lahore City","03156602085","https://www.google.com/maps?q=31.5421810,74.2841050"
"544","Butt kite shop","Kite Flying - Manufacturer","1 Fateh Garh Main Bazar Rd, Fateh Garh Fatehgarh, Lahore, Pakistan, Shalimar Town","Shalimar Town","03214832908","https://www.google.com/maps?q=31.5714420,74.4057190"
"545","Yasir Kite House","Kite Flying - Seller","9988+PFJ, Kahna Nau, Lahore, Pakistan, Nishter Town","Nishter Town","03200144573","https://www.google.com/maps?q=31.3667680,74.3660660"
"546","Arif butt house maker","Kite Flying - Manufacturer","G996+JC4 Khan Colony, Khan Colony Lahore, 54000, Pakistan, Lahore City","Lahore City","03228402105","https://www.google.com/maps?q=31.5189170,74.3611750"
"547","Butt kitye shop","Kite Flying - Trader","Hameed Pura Main Bazar, Hameed Pura Lahore, Pakistan, Shalimar Town","Shalimar Town","03214832908","https://www.google.com/maps?q=31.5758610,74.4017840"
"548","سنہری ڈور باسنت ہاؤس","Kite Flying - Manufacturer","Plot 158, Maraghzar Colony Block C Marghzar Housing Scheme, Lahore, Pakistan, Allama Iqbal","Allama Iqbal","03097221511","https://www.google.com/maps?q=31.5042340,74.2470310"
"549","Pappu Karyana Store","Kite Flying - Seller","H867+662, Mozang Rd, Mozang Chungi, Lahore, 54000, Pakistan, Lahore City","Lahore City","03044879846","https://www.google.com/maps?q=31.5605870,74.3131610"
"550","Hasan Traders Digital","Kite Flying - Seller","G9F7+7JJ, Bridge Colony Lahore, Pakistan, Lahore Cantt","Lahore Cantt","03167419116, 03290537020","https://www.google.com/maps?q=31.5237700,74.3638880"
"551","Afzal manufacturer","Kite Flying - Manufacturer","H9Q8+W7X, Kot Khawaja Saeed, Lahore, 54000, Pakistan, Shalimar Town","Shalimar Town","03234092120","https://www.google.com/maps?q=31.5899060,74.3655670"
"552","Khan and Sons Traders","Kite Flying - Manufacturer","J845+746, Old Ravi Bridge, Sadaat Colony, Lahore, Pakistan, Ravi Town","Ravi Town","03217946508, 03008081708","https://www.google.com/maps?q=31.6056320,74.3077390"
"553","BDAP- TRADERS","Kite Flying - Trader","Plot 427, Township Block 4 Sector D1 Lahore, Pakistan, Model Town","Model Town","03054299990","https://www.google.com/maps?q=31.4435870,74.3136680"
"554","Imran public store","Kite Flying - Seller","Shahdara Flyover, Shahdara Town, Shahdara, Pakistan, Ravi Town","Ravi Town","03701619873","https://www.google.com/maps?q=31.6167310,74.2908760"
"555","Ali Sandhu Dor & Kites","Kite Flying - Manufacturer","J767+QGM, Mian Rd, Shahdara Town, Lahore, Pakistan, Ravi Town","Ravi Town","03315360088","https://www.google.com/maps?q=31.6117060,74.2636950"
"556","Jaffar kites","Kite Flying - Manufacturer","Shahdara, J8G4+3CR, Shahdara Town, Lahore, Pakistan, Ravi Town","Ravi Town","03324161390","https://www.google.com/maps?q=31.6251230,74.3062620"
"557","Pappu Pan Shop/Kite Shop","Kite Flying - Seller","39 Allama Iqbal Rd, Garhi Shahu, Lahore, Pakistan, Shalimar Town","Shalimar Town","03244545044","https://www.google.com/maps?q=31.5637220,74.3456870"
"558","Zakki Trader","Kite Flying - Manufacturer","J8P3+2PH, Dhair Shahdara Town, Shahdara, Pakistan, Ravi Town","Ravi Town","03263865662","https://www.google.com/maps?q=31.6351550,74.3043670"
"559","Farooq Trader","Kite Flying - Seller","H9M7+FJJ, Singhpura Ghaus Park Kot Khawaja Saeed, Lahore, 54000, Pakistan, Shalimar Town","Shalimar Town","03006008346","https://www.google.com/maps?q=31.5836120,74.3639490"
"560","Khan Brother's kite House","Kite Flying - Seller","Plot 12, Township Block 7 Sector B 1 Lahore, 54770, Pakistan, Model Town","Model Town","03147554483","https://www.google.com/maps?q=31.4588890,74.3113430"
"561","Awais kite house","Kite Flying - Seller","H8HF+C2G, Lal Khoo Bazaar, Mochi Gate Walled City of Lahore, Lahore, 54000, Pakistan, Lahore City","Lahore City","03214472784","https://www.google.com/maps?q=31.5785620,74.3226360"
"562","H.K & Co","Kite Flying - Trader","88 Sardar St, Garhi Shahu, Lahore, 54000, Pakistan, Lahore Cantt","Lahore Cantt","03200422817","https://www.google.com/maps?q=31.5588850,74.3495740"
"563","DISTRICT KITE FLYING ASSOCIATION","Kite Flying Association","133, Rachna Block Allama Iqbal Town, Lahore, 54000, Pakistan, Model Town","Model Town","03229483897","https://www.google.com/maps?q=31.5151220,74.2833270"
"564","usman kite house","Kite Flying - Seller","C9F8+6M3, Sufiabad, Lahore, Pakistan, Nishter Town","Nishter Town","03064008280","https://www.google.com/maps?q=31.4225570,74.3665500"
"565","Discounthub","Kite Flying - Trader","F9VQ+PHG, Nishat Colony Lahore, Pakistan, Lahore Cantt","Lahore Cantt","03219400359","https://www.google.com/maps?q=31.4941110,74.3889890"
"566","LIVATA","Kite Flying - Seller","H89C+V5F, 33 Nisbat Rd, Anarkali Bazaar Lahore, 54000, Pakistan, Lahore City","Lahore City","03237174452","https://www.google.com/maps?q=31.5696436,74.3204870"
"567","Rizwan door house","Kite Flying - Manufacturer","H7QR+HWC, Khokar Town Khokhar Town, Khokar, Pakistan, Ravi Town","Ravi Town","03224105307","https://www.google.com/maps?q=31.5887530,74.2922950"
"568","Lalla Game Shop","Kite Flying - Trader","Main China Rd, China Scheme, Lahore, Pakistan, Ravi Town","Ravi Town","03234930539","https://www.google.com/maps?q=31.6036920,74.3583600"
"569","KG Kites","Kite Flying - Seller","F73H+2WH, Block A Pia Housing Scheme, Lahore, 54770, Pakistan, Allama Iqbal","Allama Iqbal","03084404483","https://www.google.com/maps?q=31.4527940,74.2795790"
"570","LIVATA","Kite Flying - Trader","H89C+V5F, 33 Nisbat Rd, Anarkali Bazaar Lahore, 54000, Pakistan, Lahore City","Lahore City","03237174452","https://www.google.com/maps?q=31.5696436,74.3204870"
"571","LIVATA","Kite Flying - Manufacturer","H89C+V5F, 33 Nisbat Rd, Anarkali Bazaar Lahore, 54000, Pakistan, Lahore City","Lahore City","03237174452","https://www.google.com/maps?q=31.5696436,74.3204870"
"572","Muhammad naeem","Kite Flying - Manufacturer","H7JR+8XF, Tauheed Rd, Data Gunj Buksh Town, Lahore, Pakistan, Lahore City","Lahore City","03074130460","https://www.google.com/maps?q=31.5815950,74.2953170"
"573","Kite saller","Kite Flying - Seller","Ravi Bridge, Saeed Park Shahdara Town, Lahore, Pakistan, Ravi Town","Ravi Town","03014043317","https://www.google.com/maps?q=31.6102520,74.2943940"
"574","Fayyaz kite seller","Kite Flying - Seller","HCG2+CP3, Main Bazar, Hameed Pura Hameedpura, Lahore, 54000, Pakistan, Shalimar Town","Shalimar Town","03249496202","https://www.google.com/maps?q=31.5758610,74.4017840"
"575","ABID KITE MAKER","Kite Flying - Manufacturer","G7RJ+JGC, Shera Kot Lahore, 54000, Pakistan, Lahore City","Lahore City","03043619786","https://www.google.com/maps?q=31.5415990,74.2813380"
"576","FAIZAN INTERPTISES","Kite Flying - Seller","H7QX+MJ2, near Sheikh Halwai, Karim Park Lahore, 54000, Pakistan, Lahore City","Lahore City","03041660086","https://www.google.com/maps?q=31.5891390,74.2989540"
"577","BASHIR KITE SELLER+","Kite Flying - Seller","9 Link McLeod Rd, Anarkali Bazaar patiyala ground, Lahore, 54000, Pakistan, Lahore City","Lahore City","03204141693","https://www.google.com/maps?q=31.5665320,74.3186050"
"578","Shamroz Jarral","Kite Flying - Seller","J7CR+M3R, Main Court Ferozwala Rd, Shahdara Town, Lahore, Pakistan, Ravi Town","Ravi Town","03135476623","https://www.google.com/maps?q=31.6217410,74.2901180"
"579","Kite Seller","Kite Flying - Seller","G9C5+WVH, near Shazanfactory, Jinnah Park Lahore, Pakistan, Model Town","Model Town","03211040005","https://www.google.com/maps?q=31.5222420,74.3597770"
"580","Imran general store","Kite Flying - Seller","HCPH+428, Wara Sittar, Lahore, Pakistan, Shalimar Town","Shalimar Town","03045629328","https://www.google.com/maps?q=31.5852990,74.4275880"
"581","DECANT FOLWOERS & DECORATION SHOP","Kite Flying - Seller","H9MG+4PG, Baghbanpura, Lahore, 54000, Pakistan, Shalimar Town","Shalimar Town","03224369494","https://www.google.com/maps?q=31.5827830,74.3768140"
"582","Ustad jamil and sons kite dealers","Kite Flying - Trader","House 7A, Muslim Road, Poonch Rd, Samanabad Town, Lahore, 54000, Pakistan, Lahore City","Lahore City","03328404993","https://www.google.com/maps?q=31.5372010,74.2987630"
"583","Musa karyina stor","Kite Flying - Seller","14, B-1 Block 14 Sector B 1 Lahore, 54000, Pakistan, Model Town","Model Town","03094454428","https://www.google.com/maps?q=31.4596870,74.3058070"
"584","Shan Kite","Kite Flying - Manufacturer","G7W9+W42, Band Rd, Block I Gulshan-e-Ravi, Lahore, 54000, Pakistan, Lahore City","Lahore City","03228018364","https://www.google.com/maps?q=31.5472540,74.2677750"
"585","PAPPU KITE HOUSE","Kite Flying - Seller","HCH7+9GR, Godianwala Salamatpura, Lahore, Pakistan, Shalimar Town","Shalimar Town","03214127252","https://www.google.com/maps?q=31.5784880,74.4137660"
"586","Yasir Hanok","Kite Flying - Seller","house#21, Street#1, mohalla Asif Town#1 ferozepur road Lahore Cantt, Model Town","Model Town","03219337214","https://www.google.com/maps?q=31.4115640,74.3543140"
"587","PAPPU KITE HOUSE","Kite Flying - Manufacturer","HCH7+9GR, Godianwala Salamatpura, Lahore, Pakistan, Shalimar Town","Shalimar Town","03214127252","https://www.google.com/maps?q=31.5784880,74.4137660"
"588","Well done traders","Kite Flying - Seller","J7GX+8WP, Haq Bahu Rd, Shahdara Town, Lahore, Pakistan, Ravi Town","Ravi Town","03214316296","https://www.google.com/maps?q=31.6257160,74.2999110"
"589","PAPPU KITE HOUSE","Kite Flying - Trader","HCH7+9GR, Godianwala Salamatpura, Lahore, Pakistan, Shalimar Town","Shalimar Town","03214127252","https://www.google.com/maps?q=31.5784180,74.4137260"
"590","Musa Kite house","Kite Flying - Seller","Shop 1 street 3 firdous market gulberg 3, Model Town","Model Town","03054503669","https://www.google.com/maps?q=31.5027590,74.3480715"
"591","Nadeem kite house","Kite Flying - Seller","G8H6+6J3, Maqbool Rd, New Shah Kamal Colony Combo Colony, Lahore, 54000, Pakistan, Model Town","Model Town","03334416916","https://www.google.com/maps?q=31.5280690,74.3115640"
"592","Risam kites","Kite Flying - Seller","H9R4+37X, Kot Khawaja Saeed, Lahore, Pakistan, Shalimar Town","Shalimar Town","03094822445","https://www.google.com/maps?q=31.5901750,74.3557880"
"593","Malik Kite House","Kite Flying - Seller","96 Allama Iqbal Rd, Commercial Area Garhi Shahu, Lahore, 54000, Pakistan, Lahore Cantt","Lahore Cantt","03004413257","https://www.google.com/maps?q=31.5589760,74.3510360"
"594","Patang Zone","Kite Flying - Seller","G79P+WJJ, Zeenat Block Allama Iqbal Town, Lahore, 54000, Pakistan, Lahore City","Lahore City","03021313636","https://www.google.com/maps?q=31.5197410,74.2866960"
"595","Gujjar kite works","Kite Flying - Trader","G8V3+R7M, New Islamia Park Arya Nagar, Lahore, 54000, Pakistan, Lahore City","Lahore City","03234778680","https://www.google.com/maps?q=31.5444270,74.3027830"
"596","Comfort Mobile","Kite Flying - Seller","F9QR+C97, Maryam Rd, Nishat Colony Lahore, Pakistan, Lahore Cantt","Lahore Cantt","03224869211","https://www.google.com/maps?q=31.4885030,74.3909290"
"597","Nomi Tailoring Material Store","Kite Flying - Seller","31 32 chowk chohan road outfall, near tariq pan shop, Islampura, Lahore, 54000, Pakistan, Lahore City","Lahore City","03234130762","https://www.google.com/maps?q=31.5686890,74.2866060"
"598","AR Printers Raiwind","Kite Flying - Seller","862F+6JX, Raiwind Rd, Pajian, Lahore, Pakistan, Raiwind","Raiwind","03054694786","https://www.google.com/maps?q=31.3005410,74.2242770"
"599","Ustad jamil and sons kite dealers","Kite Flying - Manufacturer","8a Muslim Rd, Samanabad Town, Lahore, 54000, Pakistan, Lahore City","Lahore City","03328404993","https://www.google.com/maps?q=31.5377700,74.2970070"
"600","AYAN KITE SELLER","Kite Flying - Seller","H9GW+259 Waseem-ID Park, Gulshan Farooq Scheme, Lahore, Pakistan, Shalimar Town","Shalimar Town","03224484312","https://www.google.com/maps?q=31.5754370,74.3958940"
"601","Qadeer Lahore Basant","Kite Flying - Seller","CF7P+6V5, Bedian Rd, Heir, Pakistan, Lahore Saddar","Lahore Saddar","03046780082","https://www.google.com/maps?q=31.4130210,74.4872490"
"602","Ustad jamil and sons kite dealers","Kite Flying - Seller","8a Muslim Rd, Samanabad Town, Lahore, 54000, Pakistan, Lahore City","Lahore City","03328404993","https://www.google.com/maps?q=31.5377700,74.2970070"
"603","Faiz e habib enterprises","Kite Flying - Manufacturer","GUJAR PURA HOUSE NO. 73 STREET NO. 13, Lahore Cantt","Lahore Cantt","03124445876","https://www.google.com/maps?q=31.5196200,74.3587720"
"604","Aamir Kite Center","Kite Flying - Seller","H8JF+FF9, Akbari Mandi Walled City of Lahore, Lahore, 54000, Pakistan, Lahore City","Lahore City","03224934228","https://www.google.com/maps?q=31.5812530,74.3238050"
"605","Abid bird food","Kite Flying - Seller","HCM6+RVX, Shalimar Housing Scheme Zaitoon Colony, Lahore, Pakistan, Shalimar Town","Shalimar Town","03204353849","https://www.google.com/maps?q=31.5847120,74.4121500"
"606","Jawed kite seller","Kite Flying - Seller","H95Q+JW9, Main Bazar No. 1, Kumhar Pura Ghaziabad, Lahore, Pakistan, Shalimar Town","Shalimar Town","03087706828","https://www.google.com/maps?q=31.5589380,74.3897560"
"607","Bhatti pan shop","Kite Flying - Manufacturer","184 Bedian Rd, Babu Mehar Town Lidher, Pakistan, Lahore Saddar","Lahore Saddar","03224632700","https://www.google.com/maps?q=31.4555540,74.4412990"
"608","ARSHAD KITE MAKER","Kite Flying - Manufacturer","Street No. 42 House No. 7 Muhalla, Chah Miran, Lahore, Pakistan, Ravi Town","Ravi Town","03004686176","https://www.google.com/maps?q=31.5891210,74.3503150"
"609","Kaka Kites","Kite Flying - Seller","J7FV+5V9, Qazi Park Shahdara Town, Lahore, Pakistan, Ravi Town","Ravi Town","03287736001","https://www.google.com/maps?q=31.6229850,74.2945380"
"610","ASIF KIRYANA STORE","Kite Flying - Seller","J8P6+92R, Shahdara Town, Shahdara, Pakistan, Ravi Town","Ravi Town","03074661399","https://www.google.com/maps?q=31.6361890,74.3100440"
"611","New Kite House","Kite Flying - Seller","H8J3+F8R, Shish Mahal Rd, Data Gunj Buksh Town, Lahore, Pakistan, Ravi Town","Ravi Town","03019891774","https://www.google.com/maps?q=31.5812840,74.3033390"
"612","Shopkeeper","Kite Flying - Seller","8 Al-Madina Road, Township Block 11 Sector B 1 Lahore, 54770, Pakistan, Model Town","Model Town","03234318779","https://www.google.com/maps?q=31.4636410,74.3106580"
"613","ARSHAD KITE SELLER","Kite Flying - Seller","Street No. 42 House No. 7 Muhalla, Chah Miran, Lahore, Pakistan, Ravi Town","Ravi Town","03004686176","https://www.google.com/maps?q=31.5891390,74.3503450"
"614","Kites manufacturing","Kite Flying - Manufacturer","H8QV+5RR, Chah Miran Rd, Chah Miran, Lahore, Pakistan, Ravi Town","Ravi Town","03224024098","https://www.google.com/maps?q=31.5880130,74.3445070"
"615","ALI KITE MAKER","Kite Flying - Manufacturer","Street No. 42 House No. 7 Muhalla, Chah Miran, Lahore, Pakistan, Ravi Town","Ravi Town","03284477556","https://www.google.com/maps?q=31.5891320,74.3503310"
"616","kite seller and manufacoturing","Kite Flying - Seller","C966+GQP, Yohanabad Main Bazar Rd, Youhanabad, Lahore, Pakistan, Nishter Town","Nishter Town","03237388561","https://www.google.com/maps?q=31.4113090,74.3620010"
"617","jahangir hotel","Kite Flying - Seller","Texali Chowk (RT18), Data Gunj Buksh Town, Lahore, 54000, Pakistan, Lahore City","Lahore City","03222322239","https://www.google.com/maps?q=31.5857590,74.3064710"
"618","Hannan Trader","Kite Flying - Seller","G7RQ+CRV, Agha Nadeem St, Samanabad Town, Lahore, 54000, Pakistan, Lahore City","Lahore City","03207102576","https://www.google.com/maps?q=31.5411790,74.2894130"
"619","Ameen Kite House","Kite Flying - Seller","Farrukh St, Block D 1 Gulshan-e-Ravi, Lahore, 54000, Pakistan, Lahore City","Lahore City","03214040802","https://www.google.com/maps?q=31.5556000,74.2816110"
"620","Polla doar maker","Kite Flying - Manufacturer","HCQM+Q87, Wara Sittar, Lahore, 53400, Pakistan, Wahgah Town","Wahgah Town","03224752688","https://www.google.com/maps?q=31.5890010,74.4326730"
"621","Nawaz kite maker","Kite Flying - Manufacturer","H9PX+JG9, Grand Trunk Rd, Daroghe Wala, Lahore, 54000, Pakistan, Shalimar Town","Shalimar Town","03044933259","https://www.google.com/maps?q=31.5865400,74.3988540"
"622","M.J Kite Seller","Kite Flying - Seller","HCC6+X3F, Salamat Pura Rd, Fatehgarh, Lahore, Pakistan, Shalimar Town","Shalimar Town","03238454363","https://www.google.com/maps?q=31.5724840,74.4102370"
"623","SJ traders","Kite Flying - Trader","J73F+8WP, Lahore, Pakistan, Ravi Town","Ravi Town","03114538900","https://www.google.com/maps?q=31.6025610,74.2737240"
"624","i links","Kite Flying - Manufacturer","PAKISTAN, Lahore City","Lahore City","03088206782","https://www.google.com/maps?q=31.5636030,74.3188770"
"625","Sajjad KIte Making","Kite Flying - Manufacturer","J778+279, Begum Kot Shahdara Town, Lahore, Pakistan, Ravi Town","Ravi Town","03204087840","https://www.google.com/maps?q=31.6125280,74.2657380"
"626","Saleem Kites","Kite Flying - Manufacturer","G7W5+J3M, Street, Muhallah Ghulam Muhammad Lahore, Pakistan, Lahore City","Lahore City","03238440481","https://www.google.com/maps?q=31.5460630,74.2572660"
"627","FM Kite Club","Kite Flying - Trader","H9WX+QRC, Siraj Pura Daroghe Wala, Lahore, Pakistan, Shalimar Town","Shalimar Town","03084388582","https://www.google.com/maps?q=31.5974500,74.3994470"
"628","Dogar Kites","Kite Flying - Seller","Chungi Amer Sadhu, C9W6+F2M, Shanghai Rd, Sitara Colony, Lahore, Pakistan, Model Town","Model Town","03064090001","https://www.google.com/maps?q=31.4462960,74.3595030"
"629","ahmad kite","Kite Flying - Manufacturer","Badshahi Mosque, Badshahi Mosque, Fort Rd, Walled City of Lahore, Lahore, 54000, Pakistan, Lahore City","Lahore City","03224942372","https://www.google.com/maps?q=31.5880410,74.3092920"
"630","Dogar Kites","Kite Flying - Trader","Chungi Amer Sadhu, C9W6+F2M, Shanghai Rd, Sitara Colony, Lahore, Pakistan, Model Town","Model Town","03064090001","https://www.google.com/maps?q=31.4462980,74.3595030"
"631","Sm foods","Kite Flying - Seller","C6J6+PQH, Nawazish Abad Block B DHA EME Sector, Lahore, Pakistan, Allama Iqbal","Allama Iqbal","03118974001","https://www.google.com/maps?q=31.4318240,74.2120460"
"632","SkyKing Traders","Kite Flying - Trader","H849+C5F, 68 Mozang Rd, Mozang Chungi, Lahore, 54000, Pakistan, Lahore City","Lahore City","03256225580","https://www.google.com/maps?q=31.5560930,74.3179070"
"633","Tani kites goldmedlist","Kite Flying - Manufacturer","J7MX+327, Shahdara Town, Shahdara, Pakistan, Ravi Town","Ravi Town","03234046698","https://www.google.com/maps?q=31.6327220,74.2977050"
"634","Papu kite house","Kite Flying - Trader","Shop#2 Al-Mumtaz Rd, near buns road station, Samanabad Town, Lahore, 54000, Pakistan, Lahore City","Lahore City","03236768456","https://www.google.com/maps?q=31.5304970,74.2925830"
"635","ALPHA KIte House","Kite Flying - Seller","J6WC+RWM, Lahore, Pakistan, Lahore City","Lahore City","03234172759","https://www.google.com/maps?q=31.6465270,74.2218860"
"636","Polla kite hose","Kite Flying - Manufacturer","HCF3+3RP, Dispensary Rd, Fateh Garh Fatehgarh, Lahore, Pakistan, Shalimar Town","Shalimar Town","03234177209","https://www.google.com/maps?q=31.5727150,74.4045660"
"637","Asim kite maker","Kite Flying - Manufacturer","J8H2+Q5C Ittehad Park, Shahdara Town, Shahdara, Pakistan, Ravi Town","Ravi Town","03055099438","https://www.google.com/maps?q=31.6294320,74.3003870"
"638","Haji baba Allau Ud Din fancy kite house","Kite Flying - Seller","G7RV+GV2 NAWAKOT SAMANABAD TOWN , LAHORE. 54000, PAKISTAN, Lahore City","Lahore City","03004849410","https://www.google.com/maps?q=31.3228400,74.1740700"
"639","Ak kite","Kite Flying - Seller","Park Ln, Mozang Chungi, Lahore, 54000, Pakistan, Lahore City","Lahore City","03224136311","https://www.google.com/maps?q=31.5542760,74.3170980"
"640","Kites Badshah","Kite Flying - Trader","G9XP+67X, Saddar Town, Lahore, 54000, Pakistan, Lahore Cantt","Lahore Cantt","03434060260","https://www.google.com/maps?q=31.5475880,74.3858760"
"641","German Kite House","Kite Flying - Seller","Plot 60, Block A Military Accounts Chs, Lahore, Pakistan, Model Town","Model Town","03110311811","https://www.google.com/maps?q=31.4230100,74.2829360"
"642","Babi Kite House","Kite Flying - Seller","H9M3+FF3, Road, Ghoray Shah Staff Houses Engineering University Lahore, Lahore, 54000, Pakistan, Shalimar Town","Shalimar Town","03334523307","https://www.google.com/maps?q=31.5836530,74.3538750"
"643","Mehar Javed patang Farosh","Kite Flying - Seller","G7MF+P9F, Kot Kamboh Lahore, 54000, Pakistan, Lahore City","Lahore City","03004671543","https://www.google.com/maps?q=31.5343300,74.2734850"
"644","SAJJAD KITER SELLER","Kite Flying - Seller","J82H+XP2, Siddiqia Colony Badami Bagh, Lahore, Pakistan, Ravi Town","Ravi Town","03060133282","https://www.google.com/maps?q=31.6022730,74.3292270"
"645","TARIQ KITE","Kite Flying - Seller","32, Township Block 9 Lahore, 54770, Pakistan, Model Town","Model Town","03237001255","https://www.google.com/maps?q=31.4629450,74.3111880"
"646","Papu kite","Kite Flying - Seller","Shop#2 Al-Mumtaz Rd, near buns road station, Samanabad Town, Lahore, 54000, Pakistan, Lahore City","Lahore City","03236768456","https://www.google.com/maps?q=31.5304970,74.2925830"
"647","Ahmed Kite Seller","Kite Flying - Seller","G759+MJF, Kharak Awan Town, Lahore, Pakistan, Lahore City","Lahore City","03334831369","https://www.google.com/maps?q=31.5091100,74.2690040"
"648","K K INTERNATIONAL","Kite Flying - Seller","Chowk Shah Alam, H8F8+GRG, Baans Bazar, Anarkali Bazaar Lahore, 54000, Pakistan, Lahore City","Lahore City","03214153111","https://www.google.com/maps?q=31.5736910,74.3171740"
"649","Al Madina hardware store town ship Lahore","Kite Flying - Trader","House no 171 block 4 sector B1 town ship Lahore, Model Town","Model Town","03234142213","https://www.google.com/maps?q=31.4613380,74.3134930"
"650","ASIF KITE TRADER","Kite Flying - Trader","H8J3+CP8, Mohni Rd, Data Gunj Buksh Town, Lahore, Pakistan, Lahore City","Lahore City","03249420201","https://www.google.com/maps?q=31.5810300,74.3044030"
"651","ACHU KITES & DOR TRADERS","Kite Flying - Trader","395 St 9, Raza Block Allama Iqbal Town, Lahore, Pakistan, Model Town","Model Town","03218888991","https://www.google.com/maps?q=31.5051760,74.2849090"
"652","Saad Kite and Door","Kite Flying - Seller","Khawaja Farid Rd, Block D 2, Gulshan-e-Ravi, D2 Block Block E Gulshan-e-Ravi, Lahore, 54000, Pakistan, Lahore City","Lahore City","03098973277","https://www.google.com/maps?q=31.5536690,74.2798090"
"653","RIAZ KITE MAKER","Kite Flying - Manufacturer","J7VQ+PJW, Barkat Town Ferozewala, Pakistan, Ravi Town","Ravi Town","03427307848","https://www.google.com/maps?q=31.6446380,74.2891950"
"654","M S ENTERPRISES","Kite Flying - Manufacturer","99M9+CJJ, Gajju Matah, Lahore, Pakistan, Nishter Town","Nishter Town","03004298942","https://www.google.com/maps?q=31.3833940,74.3689770"
"655","Ali kite house","Kite Flying - Seller","House no 9a Bilal street no 1 near karimia mosque chah Miran Lahore, Lahore Cantt","Lahore Cantt","03034486458","https://www.google.com/maps?q=31.5208660,74.3618540"
"656","Ustad gora kite","Kite Flying - Seller","2 Garhi Shahu Rd, Mughalpura, Lahore, Pakistan, Shalimar Town","Shalimar Town","03244088145","https://www.google.com/maps?q=31.5690280,74.3509700"
"657","Shahzad Kite Flying","Kite Flying - Seller","F7P4+CR2, Multan Rd, Hanjarwal, Lahore, Pakistan, Allama Iqbal","Allama Iqbal","03164389086","https://www.google.com/maps?q=31.4859120,74.2569040"
"658","M S ENTERPRISES","Kite Flying - Seller","99M9+CJJ, Gajju Matah, Lahore, Pakistan, Nishter Town","Nishter Town","03004298942","https://www.google.com/maps?q=31.3835070,74.3690250"
"659","Shahzad Kite Seller","Kite Flying - Seller","1 Main Boulevard Garden Town, Commercial Area Garden Town, Lahore, 54615, Pakistan, Model Town","Model Town","03454806661","https://www.google.com/maps?q=31.5005790,74.3201080"
"660","Mehar Brother's","Kite Flying - Manufacturer","J8J5+JRG, Shahdara Town, Lahore, Pakistan, Ravi Town","Ravi Town","03267456755","https://www.google.com/maps?q=31.6314760,74.3094780"
"661","Kite business","Kite Flying - Seller","GCVC+X23, Zarrar Shaheed Rd, Guldasht Town, Lahore, Pakistan, Shalimar Town","Shalimar Town","03024100154","https://www.google.com/maps?q=31.5448850,74.4200400"
"662","Butt Kites","Kite Flying - Manufacturer","Plot 930, Block E1 Block E 1 Phase 1 Johar Town, Lahore, Pakistan, Model Town","Model Town","03004343567","https://www.google.com/maps?q=31.4731340,74.2938890"
"663","F N kite shop","Kite Flying - Manufacturer","9C33+HMH, Shahzada Rd, Kahna, Pakistan, Nishter Town","Nishter Town","03034445051","https://www.google.com/maps?q=31.3540600,74.4034760"
"664","H &H kite maker","Kite Flying - Manufacturer","G7PG+F65, Band Rd, Shera Kot, Lahore, 54000, Pakistan, Lahore City","Lahore City","03006210067","https://www.google.com/maps?q=31.5362300,74.2756530"
"665","H &H kite maker","Kite Flying - Seller","G7HF+PQF, Nagra Rd, Jhugian Nagra Kot Muhammadi, Lahore, 54000, Pakistan, Lahore City","Lahore City","03006210067","https://www.google.com/maps?q=31.5293090,74.2744110"
"666","Patang Mahal","Kite Flying - Seller","Plot 24, Block A2 Block A 1 Phase 1 Johar Town, Lahore, 54770, Pakistan, Model Town","Model Town","03001010631","https://www.google.com/maps?q=31.4627570,74.3012070"
"667","junaid kite","Kite Flying - Seller","F9VC+R53, Ahmad St, Zaman Colony, Lahore, Pakistan, Lahore Cantt","Lahore Cantt","03224292175","https://www.google.com/maps?q=31.4945260,74.3704220"
"668","EBAAD KITE STORE","Kite Flying - Seller","57 Gulberg Rd, Millat Colony, Lahore, Pakistan, Model Town","Model Town","03045499925","https://www.google.com/maps?q=31.5292130,74.3594080"
"669","NOUMAN KITE MAKER","Kite Flying - Manufacturer","H848+8J6, Temple Rd, Park Lane Mozang Chungi, Lahore, 54000, Pakistan, Lahore City","Lahore City","03224136311","https://www.google.com/maps?q=31.5557910,74.3165550"
"670","Azeem Kite sale","Kite Flying - Seller","Shop # 4 street # 3, Sahowari Rd, Sahowari Ramgarh, Lahore, Pakistan, Shalimar Town","Shalimar Town","03099979932","https://www.google.com/maps?q=31.5745850,74.3839840"
"671","Happy Kite Club","Kite Flying - Trader","Qazi Park Chowk, Qazi Park Shahdara Town, Lahore, Pakistan, Ravi Town","Ravi Town","03158012216","https://www.google.com/maps?q=31.6261860,74.2949530"
"672","Chai Cravings Cafe","Kite Flying - Seller","66-Main Sanda Rd, Rewaz Garden, Lahore, 54000, Pakistan, Lahore City","Lahore City","03097077337","https://www.google.com/maps?q=31.5617670,74.3029450"
"673","JB","Kite Flying - Seller","H9JF+HP4, 231 GT Rd, Commercial Area Baghbanpura, Lahore, 54000, Pakistan, Shalimar Town","Shalimar Town","03084700073","https://www.google.com/maps?q=31.5813140,74.3743520"
"674","Nasir kite Merchant","Kite Flying - Manufacturer","H8FF+R9V, Fleming Rd, Gawalmandi, Lahore, 54000, Pakistan, Shalimar Town","Shalimar Town","03214292744","https://www.google.com/maps?q=31.5746100,74.3234320"
"675","Happy Kite Club","Kite Flying - Manufacturer","Qazi Park Chowk, Qazi Park Shahdara Town, Lahore, Pakistan, Ravi Town","Ravi Town","03158012216","https://www.google.com/maps?q=31.6261690,74.2949340"
"676","Kite Selling","Kite Flying - Seller","H8JR+H97, Sultan Pura Sultanpura Misri Shah, Lahore, Pakistan, Ravi Town","Ravi Town","03291818846","https://www.google.com/maps?q=31.5814120,74.3409230"
"677","lucky kite makers","Kite Flying - Manufacturer","B Block Road،, H73P+4XP, Block B Gulshan-e-Ravi, Lahore, 54500, Pakistan, Lahore City","Lahore City","03244372699","https://www.google.com/maps?q=31.5528710,74.2874140"
"678","M.Z","Kite Flying - Seller","89, Kashmir Block Allama Iqbal Town, Lahore, 54000, Pakistan, Model Town","Model Town","03214523313","https://www.google.com/maps?q=31.5209000,74.2885500"
"679","RM Kites","Kite Flying - Seller","HCJX+JPF, Lahore Press Club Housing Scheme, Lahore, Pakistan, Wahgah Town","Wahgah Town","03157286575","https://www.google.com/maps?q=31.5815480,74.4490460"
"680","Kite","Kite Flying - Seller","218 Kausar Block St, Jinnah Block Kakazai, Lahore, 54000, Pakistan, Allama Iqbal","Allama Iqbal","03116172433","https://www.google.com/maps?q=31.4999230,74.2599870"
"681","Musa Kite house","Kite Flying - Trader","G83X+36M, Theh Block J Gulberg III, Lahore, 54000, Pakistan, Model Town","Model Town","03054503669","https://www.google.com/maps?q=31.5027370,74.3479840"
"682","Hafiz Kite Maker","Kite Flying - Manufacturer","H9MC+2HV, Baghbanpura, Lahore, 54000, Pakistan, Shalimar Town","Shalimar Town","03264824223","https://www.google.com/maps?q=31.5826610,74.3714590"
"683","Karamat Kite Maker","Kite Flying - Manufacturer","C9P6+6F9, Lahore – Kasur Rd, Awan Market, Lahore, Pakistan, Nishter Town","Nishter Town","03154525029","https://www.google.com/maps?q=31.4355880,74.3611080"
"684","Mushkoor Kite Maker","Kite Flying - Manufacturer","H75P+5HP, Sanda Lahore, 54000, Pakistan, Lahore City","Lahore City","03218166824","https://www.google.com/maps?q=31.5578960,74.2864370"
"685","Kite Line By Saira","Kite Flying - Manufacturer","H8PR+VMX, Chah Miran, Lahore, 54900, Pakistan, Ravi Town","Ravi Town","03164573354","https://www.google.com/maps?q=31.5871650,74.3417070"
"686","Hafiz Kite Maker","Kite Flying - Seller","H9MC+2HV, Baghbanpura, Lahore, 54000, Pakistan, Shalimar Town","Shalimar Town","03264824223","https://www.google.com/maps?q=31.5828250,74.3714470"
"687","Ali Sandhu Dor & Kites","Kite Flying - Seller","J767+QGM, Mian Rd, Shahdara Town, Lahore, Pakistan, Ravi Town","Ravi Town","03315360088","https://www.google.com/maps?q=31.6117150,74.2637250"
"688","M.Azeem Butt","Kite Flying - Trader","H8Q2+X39, 19 Sufian Street, Karim Park Lahore, Pakistan, Lahore City","Lahore City","03219643966","https://www.google.com/maps?q=31.5900000,74.3000000"
"689","Rehman kite maker and seller","Kite Flying - Manufacturer","H8VP+PM4, Main Bazar Tajpura, Shad Bagh, Lahore, Pakistan, Ravi Town","Ravi Town","03006439118","https://www.google.com/maps?q=31.5940830,74.3366220"
"690","New kits shop","Kite Flying - Trader","St 3 shop 10 ismal nagar, Model Town","Model Town","03114716108","https://www.google.com/maps?q=31.5252280,74.3570180"
"691","Shah jammal studio","Kite Flying - Seller","H8JG+PHM Delhi Gate, Akbari Mandi Walled City of Lahore, Lahore, 54000, Pakistan, Lahore City","Lahore City","03095015043","https://www.google.com/maps?q=31.5821910,74.3263720"
"692","HASHMI TRADERS","Kite Flying - Manufacturer","H77Q+597, Muhammadi Rd, Sanda Krishan Nagar, Lahore, 54000, Pakistan, Lahore City","Lahore City","03014151232","https://www.google.com/maps?q=31.5630160,74.2883540"
"693","SK Kite Traders","Kite Flying - Trader","G783+HRW, C Block Rd, Sabzazar Block L Sabzazar Housing Scheme Phase 1 & 2 Lahore, Pakistan, Lahore City","Lahore City","03239113098","https://www.google.com/maps?q=31.5164760,74.2545680"
"694","shahzad kite shope","Kite Flying - Seller","F924+H2X, Main Bazar, Muft pura Gul Colony, Lahore, Pakistan, Model Town","Model Town","03228029755","https://www.google.com/maps?q=31.4514860,74.3551080"
"695","King Kites","Kite Flying - Seller","J7MH+7RQ, Wandala Rd, Shahdara Town, Lahore, Pakistan, Ravi Town","Ravi Town","03214746564","https://www.google.com/maps?q=31.6332150,74.2796210"
"696","Hamza Kite Shop","Kite Flying - Seller","H8PV+35F, Shehzada Ali Akbar Road, Mohalah Sadaat Mohalla Sadaat Misri Shah, Lahore, Pakistan, Ravi Town","Ravi Town","03214932349","https://www.google.com/maps?q=31.5853630,74.3428570"
"697","Alamgir kite house","Kite Flying - Seller","H8H6+3H4, Mori Gali Bazar, Mohalla Sathan Walled City of Lahore, Lahore, 54000, Pakistan, Lahore City","Lahore City","03234298087","https://www.google.com/maps?q=31.5775170,74.3114290"
"698","UR Enterprises","Kite Flying - Trader","20 Multan Rd, Sabzazar Block H Sabzazar Housing Scheme Phase 1 & 2 Lahore, 54000, Pakistan, Lahore City","Lahore City","03234406531","https://www.google.com/maps?q=31.5110100,74.2727110"
"699","Abdul wahid gazi","Kite Flying - Seller","Plot 236, Sabzazar Block D Sabzazar Housing Scheme Phase 1 & 2 Lahore, 54000, Pakistan, Lahore City","Lahore City","03004534539","https://www.google.com/maps?q=31.5309930,74.2672430"
"700","FLY O CLOCK","Kite Flying - Seller","G79F+XMW, Saeed Pur Block A Sabzazar Housing Scheme Phase 1 & 2 Lahore, Pakistan, Lahore City","Lahore City","03124508746","https://www.google.com/maps?q=31.5199590,74.2740120"
"701","IDEAL KITE CENTER","Kite Flying - Manufacturer","9FF7+Q5 Lahore, Pakistan, Lahore Saddar","Lahore Saddar","03214600945","https://www.google.com/maps?q=31.3744860,74.4629650"
"702","Abdul wahid gazi","Kite Flying - Trader","Plot 236, Sabzazar Block D Sabzazar Housing Scheme Phase 1 & 2 Lahore, 54000, Pakistan, Lahore City","Lahore City","03004534539","https://www.google.com/maps?q=31.5309500,74.2672650"
"703","Abdul wahid gazi","Kite Flying - Manufacturer","Plot 236, Sabzazar Block D Sabzazar Housing Scheme Phase 1 & 2 Lahore, 54000, Pakistan, Lahore City","Lahore City","03004534539","https://www.google.com/maps?q=31.5309810,74.2672540"
"704","shoewalker","Kite Flying - Seller","1st Floor 70-K Commercial، F9CQ+7P5, Ghazi Rd, Sector K Dha Phase 1, Lahore, Pakistan, Lahore Cantt","Lahore Cantt","03214305002","https://www.google.com/maps?q=31.4707100,74.3894540"
"705","Kite selling","Kite Flying - Seller","HC2H+X47, Aziz Bhatti Town, Lahore, Pakistan, Shalimar Town","Shalimar Town","03244338178","https://www.google.com/maps?q=31.5525010,74.4278100"
"706","Silk kite","Kite Flying - Manufacturer","J78P+4X8, Shahdara Town, Shahdara, 54950, Pakistan, Ravi Town","Ravi Town","03324871578","https://www.google.com/maps?q=31.6152990,74.2874480"
"707","Shoaib kite house","Kite Flying - Seller","H8HF+MRC, Akbari Mandi Walled City of Lahore, Lahore, 54000, Pakistan, Lahore City","Lahore City","03224934494","https://www.google.com/maps?q=31.5791930,74.3244260"
"708","Haji baba Allau Ud Din Fancy Kite House","Kite Flying - Manufacturer","G7RV+FXF, Nawankot Samanabad Town, Lahore, 54000, Pakistan, Lahore City","Lahore City","03004849410","https://www.google.com/maps?q=31.5411950,74.2951800"
"709","KITE HUB","Kite Flying - Trader","02 Shalimar Link Road, Muslim Colony Lahore, 54840, Pakistan, Shalimar Town","Shalimar Town","03480044505","https://www.google.com/maps?q=31.5771620,74.3819010"
"710","shoewalker","Kite Flying - Manufacturer","F9CQ+VQV, Sector K Dha Phase 1, Lahore, Pakistan, Lahore Cantt","Lahore Cantt","03214305002","https://www.google.com/maps?q=31.4722290,74.3892870"
"711","shoewalker","Kite Flying - Trader","F9CQ+VQV, Sector K Dha Phase 1, Lahore, Pakistan, Lahore Cantt","Lahore Cantt","03214305002","https://www.google.com/maps?q=31.4721810,74.3893080"
"712","F N kite shop","Kite Flying - Trader","Plot 186 Lahore – Kasur Rd, Ichhra Lahore, 54000, Pakistan, Model Town","Model Town","03034445051","https://www.google.com/maps?q=31.5283250,74.3220870"
"713","DILAWAR KITE MAKER","Kite Flying - Manufacturer","H8CC+45F, Gawalmandi, Lahore, 54000, Pakistan, Shalimar Town","Shalimar Town","03264214053","https://www.google.com/maps?q=31.5703540,74.3203400"
"714","ABDULLAH REHAN SAFE KITE HOUSE","Kite Flying - Manufacturer","H8QW+7FC, Chah Miran Rd, Chah Miran, Lahore, Pakistan, Ravi Town","Ravi Town","03057480977","https://www.google.com/maps?q=31.5881700,74.3462480"
"715","Sami stationary & gift house","Kite Flying - Seller","Shop # 9 street # 8 mohallah kot kambho kilan, Band Rd, Babu Sabu Lahore, 54000, Pakistan, Lahore City","Lahore City","03085644454","https://www.google.com/maps?q=31.5383190,74.2706570"
"716","ABDULLAH REHAN SAFE KITE HOUSE","Kite Flying - Manufacturer","H8QW+7FC, Chah Miran Rd, Chah Miran, Lahore, Pakistan, Ravi Town","Ravi Town","03144794778","https://www.google.com/maps?q=31.5881700,74.3462480"
"717","Sheikh kites","Kite Flying - Manufacturer","24 j Union Park Rd, Ali Park Samanabad Town, Lahore, 54000, Pakistan, Model Town","Model Town","03236076776","https://www.google.com/maps?q=31.5287940,74.3038760"
"718","JAVED KITE MAKER-","Kite Flying - Manufacturer","H927+PH9, Allama Iqbal Rd, Mustafabad, Lahore, Pakistan, Lahore Cantt","Lahore Cantt","03161471542","https://www.google.com/maps?q=31.5517470,74.3639890"
"719","SHIRIN KITE MAKER-","Kite Flying - Manufacturer","H8J7+9CR, Mohalla Shish Mahal Kucha Baili Ram Walled City of Lahore, Lahore, 54000, Pakistan, Lahore City","Lahore City","03026475450","https://www.google.com/maps?q=31.5810020,74.3137640"
"720","lucky kite makers","Kite Flying - Trader","B Block Road،, H73P+4XP, Block B Gulshan-e-Ravi, Lahore, 54500, Pakistan, Lahore City","Lahore City","03244372699","https://www.google.com/maps?q=31.5528710,74.2874140"
"721","Farooq Kite","Kite Flying - Manufacturer","H7CV+787, Sant Nagar St Nagar, Lahore, 54000, Pakistan, Lahore City","Lahore City","03214172062","https://www.google.com/maps?q=31.5706500,74.2931930"
"722","Decent Kite Seller","Kite Flying - Seller","E 267, Street No.3, Peer Colony Walton Road Lahore Canty., Lahore Cantt","Lahore Cantt","03221401605","https://www.google.com/maps?q=31.4835060,74.3652470"
"723","Rana kits","Kite Flying - Seller","H79M+76M, Service Rd, St Nagar, Lahore, 54000, Pakistan, Lahore City","Lahore City","03104148433","https://www.google.com/maps?q=31.5682940,74.2831940"
"724","Ismail Kites","Kite Flying - Manufacturer","H9JQ+J94, Sue Wala Rd, Mushtaq Colony Ideal Homes, Lahore, 54920, Pakistan, Shalimar Town","Shalimar Town","03234702980","https://www.google.com/maps?q=31.5813700,74.3885770"
"725","Kite maker","Kite Flying - Manufacturer","H9QV+PCR, Daroghe Wala, Lahore, 54920, Pakistan, Shalimar Town","Shalimar Town","03244312757","https://www.google.com/maps?q=31.5894300,74.3934520"
"726","Nouman Kite Seller","Kite Flying - Seller","Plot D 416, Sector D Phase 5 D.H.A, Lahore, Pakistan, Model Town","Model Town","03044225252","https://www.google.com/maps?q=31.4673330,74.4169191"
"727","New kite ahop","Kite Flying - Manufacturer","St 3 shop n 10 ghazi road lhr, Model Town","Model Town","03110311471","https://www.google.com/maps?q=31.5229870,74.3592660"
"728","Ismail Kites","Kite Flying - Seller","H9JQ+J94, Sue Wala Rd, Mushtaq Colony Ideal Homes, Lahore, 54920, Pakistan, Shalimar Town","Shalimar Town","03234702980","https://www.google.com/maps?q=31.5813790,74.3886210"
"729","Punjab kite House","Kite Flying - Seller","Bedian Rd, Lidher, Pakistan, Lahore Saddar","Lahore Saddar","03124236100","https://www.google.com/maps?q=31.4584750,74.4406870"
"730","shahzad Awan","Kite Flying - Seller","Plot 976, Rehmat Colony, Lahore, Pakistan, Nishter Town","Nishter Town","03225052149","https://www.google.com/maps?q=31.4190170,74.3645840"
"731","Ameen kite house","Kite Flying - Manufacturer","Farrukh St, Block D 1 Gulshan-e-Ravi, Lahore, 54000, Pakistan, Lahore City","Lahore City","03214040802","https://www.google.com/maps?q=31.5556000,74.2816110"
"732","Mughal Kites","Kite Flying - Seller","F976+74G, Munawrabad Nishtar Town, Lahore, Pakistan, Model Town","Model Town","03089090719","https://www.google.com/maps?q=31.4632910,74.3603670"
"733","Fayyaz kite maker","Kite Flying - Manufacturer","H#100 fazal blok ittefaq town multan road Lahore, Allama Iqbal","Allama Iqbal","03214609751","https://www.google.com/maps?q=31.4888260,74.2542350"
"734","Vicky Kite Maker","Kite Flying - Manufacturer","G8F3+589, Combo Colony, Lahore, 54000, Pakistan, Model Town","Model Town","03219303561","https://www.google.com/maps?q=31.5224850,74.3034000"
"735","Usman Kites","Kite Flying - Manufacturer","G8C4+967, Shuja Rd, Combo Colony, Lahore, 54000, Pakistan, Model Town","Model Town","03224413835","https://www.google.com/maps?q=31.5208960,74.3055580"
"736","bismillah kite house","Kite Flying - Seller","C8Q8+Q96, Block 5 Sector D1 Lahore, Pakistan, Nishter Town","Nishter Town","03044520425","https://www.google.com/maps?q=31.4394280,74.3158940"
"737","Al Mahar Milk Shop","Kite Flying - Seller","Main Bazar BHOBTIAN RAIWND ROAD, Raiwind Rd, Bhobtian Lahore, Pakistan, Allama Iqbal","Allama Iqbal","03008531592","https://www.google.com/maps?q=31.4019040,74.2288310"
"738","Shoaib tradar","Kite Flying - Trader","HCQJ+672, Rajba Rd, Wara Sittar Lahore, Pakistan, Shalimar Town","Shalimar Town","03077079424","https://www.google.com/maps?q=31.5880430,74.4306260"
"739","Ahmad kit's","Kite Flying - Seller","16 A Kalyar Rd, Gulzaib Colony Samanabad Town, Lahore, 54500, Pakistan, Lahore City","Lahore City","03198815155","https://www.google.com/maps?q=31.5449840,74.2892470"
"740","Umer kite","Kite Flying - Seller","H8PC+H96, Gali Pathanan Walled City of Lahore, Lahore, Pakistan, Lahore City","Lahore City","03237539546","https://www.google.com/maps?q=31.5863650,74.3206910"
"741","IJAZ KITE MAKER","Kite Flying - Manufacturer","C9X8+4GR, Sitara Colony, Lahore, Pakistan, Model Town","Model Town","03000624080","https://www.google.com/maps?q=31.4478950,74.3661740"
"742","Raju kites","Kite Flying - Manufacturer","HCC8+8X4, Main Amir Town Rd, Canal Bank Housing Scheme, Lahore, Pakistan, Shalimar Town","Shalimar Town","03214814934","https://www.google.com/maps?q=31.5709300,74.4166510"
"743","Moshin Kites","Kite Flying - Manufacturer","C9FG+9J2, Mubarak Town, Lahore, Pakistan, Nishter Town","Nishter Town","03064742055","https://www.google.com/maps?q=31.4230610,74.3769630"
"744","Lucky kite house","Kite Flying - Trader","336 Avenue 9, Sector S Phase 7, Lahore, Pakistan, Lahore Cantt","Lahore Cantt","03214144158","https://www.google.com/maps?q=31.4855260,74.4829220"
"745","Mehmood Kite House","Kite Flying - Seller","Maidan Bhaiyan Walla, H8H6+QFM, Mohalla Sathan Walled City of Lahore, Lahore, 54000, Pakistan, Lahore City","Lahore City","03236481581","https://www.google.com/maps?q=31.5795930,74.3112420"
"746","Jasim Kites","Kite Flying - Trader","8-A 1st Floor Faiz-E-Alam Manzil Habibullah Road, Link Davis Road, Garhi Shahu, Lahore, Pakistan, Shalimar Town","Shalimar Town","03009465775","https://www.google.com/maps?q=31.5572800,74.3394240"
"747","Sanitory Contractor","Kite Flying - Manufacturer","CF7P+HHR, Bedian Rd, Sharif Pura Heir, Pakistan, Lahore Saddar","Lahore Saddar","03014487819","https://www.google.com/maps?q=31.4136520,74.4863270"
"748","Khan Patang House","Kite Flying - Seller","G899+FFF, Rehmanpura Colony, Lahore, 54000, Pakistan, Model Town","Model Town","03215675506","https://www.google.com/maps?q=31.5187470,74.3185190"
"749","Mehran kites","Kite Flying - Seller","F9VC+7Q4, Walton Rd, Zaman Colony Lahore, Pakistan, Lahore Cantt","Lahore Cantt","03024559473","https://www.google.com/maps?q=31.4931440,74.3719830"
"750","Ahmad Gernal Store","Kite Flying - Seller","F7V6+G4G, Multan Rd, Mansoora Bazar Cresent Town, Lahore, Pakistan, Allama Iqbal","Allama Iqbal","03039129698","https://www.google.com/maps?q=31.4938270,74.2604140"
"751","Ijaz Kite Maker","Kite Flying - Manufacturer","H7PX+P92, Ravi Rd, Karim Park Lahore, Pakistan, Lahore City","Lahore City","03094172557","https://www.google.com/maps?q=31.5865220,74.2983740"
"752","Dar Kite Maker","Kite Flying - Manufacturer","G8C4+C5H, Shuja Rd, Combo Colony, Lahore, 54000, Pakistan, Model Town","Model Town","03218441991","https://www.google.com/maps?q=31.5210510,74.3054380"
"753","Seller","Kite Flying - Seller","H8QV+5RR, Chah Miran Rd, Chah Miran, Lahore, Pakistan, Ravi Town","Ravi Town","03224024098","https://www.google.com/maps?q=31.5880130,74.3445070"
"754","Rana khalid kite seller","Kite Flying - Seller","Bazaar Laal khoh، inside Mochi Gate، Kucha Chagtah Walled City of Lahore, Lahore, 54000, Pakistan, Lahore City","Lahore City","03124042808","https://www.google.com/maps?q=31.5777730,74.3220350"
"755","Patang Baaz","Kite Flying - Trader","Plot 318, Kashmir Block Allama Iqbal Town, Lahore, 54000, Pakistan, Model Town","Model Town","03078899958","https://www.google.com/maps?q=31.5186660,74.2883680"
"756","Maira collections","Kite Flying - Trader","H9JC+PF9, Baghbanpura, Lahore, 54000, Pakistan, Shalimar Town","Shalimar Town","03213600037","https://www.google.com/maps?q=31.5815070,74.3717720"
"757","JUGNU KITE TRADER","Kite Flying - Trader","H8Q9+XFF, Data Nagar Badami Bagh, Lahore, Pakistan, Ravi Town","Ravi Town","03030042765","https://www.google.com/maps?q=31.5899340,74.3187110"
"758","Ali kites","Kite Flying - Seller","G7R5+4QR, M-2, Babu Sabu Lahore, Pakistan, Lahore City","Lahore City","03134807050","https://www.google.com/maps?q=31.5402120,74.2594240"
"759","Asim brothers","Kite Flying - Seller","G7HW+4J2, Samanabad Town, Lahore, 54000, Pakistan, Lahore City","Lahore City","03214311995","https://www.google.com/maps?q=31.5277730,74.2965110"
"760","Khan Patang House","Kite Flying - Trader","G899+FFF, Rehmanpura Colony, Lahore, 54000, Pakistan, Model Town","Model Town","03215675506","https://www.google.com/maps?q=31.5187660,74.3185860"
"761","Ijaz Kite Center","Kite Flying - Seller","Ijaz Data Engineering Works Abid Shah Machino Waly H#1 St#3, Mohni Rd, near Nawab Marriage Hall, Data Gunj Buksh Town, Lahore, Pakistan, Lahore City","Lahore City","03228580862","https://www.google.com/maps?q=31.5854750,74.3055450"
"762","Ahmad Gernal Store","Kite Flying - Trader","F7V6+G4G, Multan Rd, Mansoora Bazar Cresent Town, Lahore, Pakistan, Allama Iqbal","Allama Iqbal","03039129698","https://www.google.com/maps?q=31.4938270,74.2604110"
"763","FRIENDS KITE & DOR TRADERS","Kite Flying - Trader","98Q9+4X6, Kahna Kacha Rd, Kacha Village, Kacha, Pakistan, Nishter Town","Nishter Town","03214446246","https://www.google.com/maps?q=31.3877850,74.3199300"
"764","Maira collections","Kite Flying - Manufacturer","Ghass Mandi Stop, opp. huqa paani, Baghbanpura, Lahore, 54000, Pakistan, Shalimar Town","Shalimar Town","03213600037","https://www.google.com/maps?q=31.5807460,74.3734510"
"765","khokhar kite house","Kite Flying - Seller","F8FQ+9F6, Bahar Colony, Lahore, Pakistan, Model Town","Model Town","03214361698","https://www.google.com/maps?q=31.4734880,74.3389650"
"766","Abdullah kite saler and vegetable shop","Kite Flying - Seller","F665+GRC، شاہ پور کانجرہ روڈ، Shahpur Kanjra, Lahore, Pakistan, Allama Iqbal","Allama Iqbal","03084959288","https://www.google.com/maps?q=31.4614400,74.2093760"
"767","Lala kite house","Kite Flying - Manufacturer","Plot 825, Sector D2 Sector D 2 Block 1 Green Town, Lahore, Pakistan, Model Town","Model Town","03094038053","https://www.google.com/maps?q=31.4341910,74.3068570"
"768","Khurram Kite House","Kite Flying - Manufacturer","Plot 451, Sector D2 Sector D 2 Block 4 Green Town, Lahore, Pakistan, Model Town","Model Town","03074382346","https://www.google.com/maps?q=31.4355560,74.3122880"
"769","ANH Traders","Kite Flying - Trader","Naat Street, Jamal Park, J7CJ+FMX, behind Police Station, Shahdara Town, Shahdara, Pakistan, Ravi Town","Ravi Town","03238872256","https://www.google.com/maps?q=31.6205670,74.2881470"
"770","Feroz Traders","Kite Flying - Seller","House No. 3843-D Mohalla Koocha Kharasia Androon Lohari Gate Lahore, Lahore City","Lahore City","03238416499","https://www.google.com/maps?q=31.5778770,74.3117270"
"771","Lala kite house","Kite Flying - Seller","Plot 119, Township Block 4 Sector B 1 Lahore, Pakistan, Model Town","Model Town","03224423708","https://www.google.com/maps?q=31.4588170,74.3122040"
"772","Khan Patang House","Kite Flying - Manufacturer","House No 6-S-15 street no 7 karmabad wahdat road lahore, Model Town","Model Town","03215675506","https://www.google.com/maps?q=31.5187710,74.3185880"
"773","Az kites dealor","Kite Flying - Trader","F6CW+P29, Thokar Niaz Baig Flyover, Irrigation Colony, Lahore, Pakistan, Allama Iqbal","Allama Iqbal","03244236302","https://www.google.com/maps?q=31.4721270,74.2450290"
"774","Usman kite maker","Kite Flying - Manufacturer","H99V+64F, Nabi Pura Lahore, Pakistan, Shalimar Town","Shalimar Town","03224146663","https://www.google.com/maps?q=31.5681240,74.3928420"
"775","SH KITE FYLING","Kite Flying - Seller","C9W7+M29, Sitara Colony, Lahore, Pakistan, Model Town","Model Town","03234940646","https://www.google.com/maps?q=31.4469650,74.3626310"
"776","Qureshi sahab","Kite Flying - Seller","Old Anti Corruption Building, Multan Rd, Islamia Park Lahore, 54000, Pakistan, Lahore City","Lahore City","03245623211","https://www.google.com/maps?q=31.5534980,74.3048810"
"777","Panda Kites","Kite Flying - Manufacturer","202 Bastami Rd, Lahore 54000 Bastami Rd, Samanabad Town, Lahore, 54000, Pakistan, Lahore City","Lahore City","03237393635","https://www.google.com/maps?q=31.5342020,74.2932460"
"778","MS KITE","Kite Flying - Manufacturer","23 km Multan Road Mohlanwal Lahore, Mohlanwal, Lahore, Pakistan, Raiwind","Raiwind","03091407367","https://www.google.com/maps?q=31.4069820,74.1515140"
"779","Usman Kite Trader","Kite Flying - Trader","H99V+64F, Nabi Pura Lahore, Pakistan, Shalimar Town","Shalimar Town","03224146663","https://www.google.com/maps?q=31.5681250,74.3928600"
"780","Hammad Enterprises","Kite Flying Association","H87C+FH8, Beadon Rd, Garhi Shahu, Lahore, 54000, Pakistan, Lahore City","Lahore City","03206898363","https://www.google.com/maps?q=31.5636680,74.3214420"
"781","Bhatti kite house","Kite Flying - Seller","157 Momin St, Al-Faisal Town, Lahore, Pakistan, Shalimar Town","Shalimar Town","03101403334","https://www.google.com/maps?q=31.5446660,74.4051440"
"782","khokhar kite house","Kite Flying - Manufacturer","F8FQ+9F6, Bahar Colony, Lahore, Pakistan, Model Town","Model Town","03214361698","https://www.google.com/maps?q=31.4734800,74.3389580"
"783","Waqas kite merchant","Kite Flying - Seller","H8HC+2QV, Mohalla Porbian Kucha Chagtah Walled City of Lahore, Lahore, 54000, Pakistan, Lahore City","Lahore City","03228721962","https://www.google.com/maps?q=31.5775570,74.3219890"
"784","Gujjar kite club","Kite Flying - Seller","House no 90 A , Banker street , dilkusha park Janghir town kacha sanda road lahore, Lahore City","Lahore City","03706851713","https://www.google.com/maps?q=31.5595740,74.2926990"
"785","Lahore kite flying","Kite Flying - Trader","Plot 359 Main Blvd, Block N Block R 1 Phase 2 Johar Town, Lahore, Pakistan, Allama Iqbal","Allama Iqbal","03214409642","https://www.google.com/maps?q=31.4600450,74.2761750"
"786","King kites","Kite Flying - Manufacturer","10 Lajpat Rd, Shahdara Town, Shahdara, Pakistan, Ravi Town","Ravi Town","03214746564","https://www.google.com/maps?q=31.6282380,74.2817180"
"787","Taimoor kite's","Kite Flying - Manufacturer","Shop#2 Al-Mumtaz Rd, near buns road station, Samanabad Town, Lahore, 54000, Pakistan, Lahore City","Lahore City","03262773585","https://www.google.com/maps?q=31.5304970,74.2925830"
"788","Johar Kites","Kite Flying - Seller","Plot 359 Main Blvd, Block N Block R 1 Phase 2 Johar Town, Lahore, Pakistan, Allama Iqbal","Allama Iqbal","03334788832","https://www.google.com/maps?q=31.4599910,74.2762110"
"789","Rana Enterprises","Kite Flying - Manufacturer","G7W5+H9G, Muhallah Ghulam Muhammad Lahore, Pakistan, Lahore City","Lahore City","03224876414","https://www.google.com/maps?q=31.5463970,74.2586080"
"790","Javed Kite Shop","Kite Flying - Seller","Aziz Rd, Wasanpura, Shad Bagh, Lahore, Punjab, H8PJ+963, Misri Shah Lahore, Pakistan, Ravi Town","Ravi Town","03217891693","https://www.google.com/maps?q=31.5859020,74.3307180"
"791","M. SALEEM SELLER","Kite Flying - Seller","Plot 94, Mehran Block Allama Iqbal Town, Lahore, Pakistan, Lahore City","Lahore City","03217245729","https://www.google.com/maps?q=31.5042060,74.2699350"
"792","Ac tapering","Kite Flying - Manufacturer","Taj Mahal Park Rd, Salamatpura, Lahore, Pakistan, Shalimar Town","Shalimar Town","03464042557","https://www.google.com/maps?q=31.5797760,74.4168090"
"793","S&Co. International","Kite Flying - Trader","F7FX+264, Bhalla Rd, Block E Phase 1 BOR Society, Lahore, Pakistan, Model Town","Model Town","03318432021","https://www.google.com/maps?q=31.4727250,74.2981760"
"794","M. SALEEM KITES & DOR TRADER","Kite Flying - Trader","Plot 94, Mehran Block Allama Iqbal Town, Lahore, Pakistan, Lahore City","Lahore City","03217245729","https://www.google.com/maps?q=31.5042090,74.2699530"
"795","Ahmad WindCraft","Kite Flying - Trader","F9WR+7F8, Nishat Colony Main Rd, Nishat Colony Lahore, Pakistan, Lahore Cantt","Lahore Cantt","03174476393","https://www.google.com/maps?q=31.4954682,74.3909260"
"796","Hafiz Kite Maker","Kite Flying - Seller","6/A - Shalimar Link Road Branch, Shalimar Link Road, Shalimar Larechs Colony, Lahore, Shalimar Town","Shalimar Town","03264824223","https://www.google.com/maps?q=31.5779750,74.3811020"
"797","HZ kites manufacturing","Kite Flying - Seller","Javaid colony Muhammadu road marina Chowk near Rashid pan shop chungi Amer sadhu Lahore, Model Town","Model Town","03066777878","https://www.google.com/maps?q=31.4409660,74.3567990"
"798","Hafiz Kite Maker","Kite Flying - Manufacturer","BaghbanPura Lahore, Shalimar Town","Shalimar Town","03264824223","https://www.google.com/maps?q=31.5832400,74.3771710"
"799","LAHORI KITES HUB","Kite Flying - Seller","Shop no. 2, Saleem Complex basement Kashmir Bakers ModelTown Q block ext, Lahore, Model Town","Model Town","03254433397","https://www.google.com/maps?q=31.4725680,74.3303290"
"800","A-One Kites","Kite Flying - Seller","F87C+WR7, Ali Park Kot Lakhpat, Lahore, 54600, Pakistan, Model Town","Model Town","03096676677","https://www.google.com/maps?q=31.4647750,74.3220810"
"801","Gujjar kite and traders","Kite Flying - Manufacturer","Ho no 90 A banker street dilkusha park Jhangeet town kacha sanda rd lhr, Lahore City","Lahore City","03706851713","https://www.google.com/maps?q=31.5183880,74.3583350"
"802","Boo Kata Kite","Kite Flying - Seller","59 shalimar link road, ramgarh,54000, Pakistan Shalimar Town, lahore, Shalimar Town","Shalimar Town","03004318970","https://www.google.com/maps?q=31.5672610,74.3859830"
"803","Arslan KITE SHOP","Kite Flying - Seller","SaidPur Liaqat Chock Sabzazar Scheme Lahore, Allama Iqbal","Allama Iqbal","03259760945","https://www.google.com/maps?q=31.5184240,74.1992160"
"804","Sheikh Umar Kite Hosue","Kite Flying - Seller","Block-K, House no 101, Muhalla AM Colony Gulshan Ravi Lahore, Lahore City","Lahore City","03209466934","https://www.google.com/maps?q=31.5502786,74.2701161"
"805","FR Kite Culb","Kite Flying - Seller","House #E389/1 st#5 Madina colony Walton road Lahore cantt, Lahore Cantt","Lahore Cantt","03226069555","https://www.google.com/maps?q=31.4922490,74.3585980"
"806","FAIZAN INTERPTISES","Kite Flying - Trader","PLOT #54,BLOCK #4 KARIM PARK KACHA RAVI ROAD LAHORE., Lahore City","Lahore City","03041660086","https://www.google.com/maps?q=31.5894710,74.2988680"
"807","Nasir Kite Merchant","Kite Flying - Trader","Bazar Lal Khu Mochi Gate Lahore, Lahore City","Lahore City","03214292744","https://www.google.com/maps?q=31.5777710,74.3220420"
"808","ali Raza","Kite Flying - Seller","G7R8+C45, Shaheenabad Lahore, 54000, Pakistan, Lahore City","Lahore City","03249405041","https://www.google.com/maps?q=31.5408020,74.2652840"
"809","majid kite house","Kite Flying - Manufacturer","house no 8 street no 12, Ravi Park, Lahore, 54000, Pakistan, Ravi Town","Ravi Town","03224851686","https://www.google.com/maps?q=31.5945990,74.3055990"
"810","Kite Saler","Kite Flying - Manufacturer","G93R+P2 Lahore, Pakistan, Lahore Saddar","Lahore Saddar","03314653201","https://www.google.com/maps?q=31.5043270,74.3900170"
"811","majid kites house","Kite Flying - Seller","house no 8 street no 12, Ravi Park, Lahore, 54000, Pakistan, Ravi Town","Ravi Town","03164842456","https://www.google.com/maps?q=31.5946010,74.3055980"
"812","Mirzaumer Umer","Kite Flying - Trader","G9J6+C5H, Iqbal Colony Qurban Line Lahore, Lahore, Pakistan, Model Town","Model Town","03104121201","https://www.google.com/maps?q=31.5308100,74.3605080"
"813","Mass Kite House","Kite Flying - Manufacturer","H8QW+7FC, Chah Miran Rd, Chah Miran, Lahore, Pakistan Boghiwall road, Ravi Town","Ravi Town","03228429969","https://www.google.com/maps?q=31.5881210,74.3462460"
"814","Touseef video games","Kite Flying - Seller","Plot 114, Township Block 8 Sector B 1 Lahore, 54770, Pakistan, Model Town","Model Town","03024224422","https://www.google.com/maps?q=31.4621240,74.3115400"
"815","Kaka Kites","Kite Flying - Seller","H8J2+JWP, Bilal Ganj, Lahore, Pakistan, Lahore City","Lahore City","03289221914","https://www.google.com/maps?q=31.5815290,74.3022970"
"816","Mughal kite house","Kite Flying - Seller","C9Q5+R2M, Gulshan Yaseen Colony, Lahore, Pakistan, Nishter Town","Nishter Town","03234278341","https://www.google.com/maps?q=31.4392500,74.3578050"
"817","Hafiz General Store","Kite Flying - Seller","23 Fateh Sher Rd, Bagh Gul Begum Mozang Chungi, Lahore, 54000, Pakistan, Lahore City","Lahore City","03454221178","https://www.google.com/maps?q=31.5433190,74.3083950"
"818","Tufail Kite Fly","Kite Flying - Seller","F6QQ+W27, Thokar Niaz Baig, Lahore, Pakistan, Allama Iqbal","Allama Iqbal","03204161756","https://www.google.com/maps?q=31.4901340,74.2373630"
"819","Saleem Kite","Kite Flying - Seller","22 Urdu Bazar, Anarkali Bazaar Lahore, 54000, Pakistan, Lahore City","Lahore City","03214837644","https://www.google.com/maps?q=31.5760910,74.3090810"
"820","AR Traders","Kite Flying - Seller","H9X2+8HF, Bhagatpura, Lahore, Pakistan, Ravi Town","Ravi Town","03079413040","https://www.google.com/maps?q=31.5981290,74.3518230"
"821","BZ SELLER","Kite Flying - Seller","1 Abul-Khair St, near Green Wood City, Stop Garhi Shahu, Lahore, Pakistan, Shalimar Town","Shalimar Town","03481842546","https://www.google.com/maps?q=31.5638450,74.3460320"
"822","Ayub kites","Kite Flying - Manufacturer","HC32+P25, Main Bazar Nizamabad, Ghaziabad, Lahore, Pakistan, Shalimar Town","Shalimar Town","03004597430","https://www.google.com/maps?q=31.5542690,74.4000790"
"823","Yahyah Kites","Kite Flying - Seller","F6QX+QP9 Lahore, Pakistan, Allama Iqbal","Allama Iqbal","03074763809","https://www.google.com/maps?q=31.4893960,74.2493370"
"824","Riaz Kite (Maker & Seller)","Kite Flying - Seller","H8JP+V69, Faiz Bagh Misri Shah, Lahore, Pakistan, Ravi Town","Ravi Town","03004554115","https://www.google.com/maps?q=31.5821580,74.3356120"
"825","Jutt kites","Kite Flying - Manufacturer","G7PX+4VP, Poonch Rd, Samanabad Town, Lahore, 54000, Pakistan, Model Town","Model Town","03092619478","https://www.google.com/maps?q=31.5351970,74.2996950"
"826","Rehman kite maker and seller and Traders","Kite Flying - Trader","H8VP+PM4, Main Bazar Tajpura, Shad Bagh, Lahore, Pakistan, Ravi Town","Ravi Town","03006439118","https://www.google.com/maps?q=31.5940830,74.3366220"
"827","Amir Bashir Kite Flaying","Kite Flying - Manufacturer","Hosue No.515 Street No 23 Mian Meer Colony Lahore, Lahore Cantt","Lahore Cantt","03004858357","https://www.google.com/maps?q=31.5449400,74.3545750"
"828","Ameer brothers","Kite Flying - Seller","HFGQ+JHH, Jallo Rd, Jallo Village Jallo, Pakistan, Wahgah Town","Wahgah Town","03224208691","https://www.google.com/maps?q=31.5761300,74.4883490"
"829","Usman Kite House","Kite Flying - Manufacturer","Cenima wali street multan chungi Lahore, Lahore City","Lahore City","03234676454","https://www.google.com/maps?q=31.5202390,74.3585180"
"830","MA Traders","Kite Flying - Seller","Plot 116, Maraghzar Colony Block B Marghzar Housing Scheme, Lahore, Pakistan, Allama Iqbal","Allama Iqbal","03077075716","https://www.google.com/maps?q=31.5059900,74.2486290"
"831","Noor Kite Maker","Kite Flying - Manufacturer","89GX+PR Lahore, Pakistan, Nishter Town","Nishter Town","03245520200","https://www.google.com/maps?q=31.3267810,74.3995470"
"832","Kite Saler","Kite Flying - Manufacturer","FCR2+FGM, Noori Muhammadi Masjid Rd, Keer Nadirabad, Lahore, Pakistan, Lahore Cantt","Lahore Cantt","03208806878","https://www.google.com/maps?q=31.4912820,74.4015300"
"833","Gohar mobile shop","Kite Flying - Manufacturer","Street No 29 Home No 23 Khajoor Wale Masjid Wandla Road Shahdra Lahore, Ravi Town","Ravi Town","03044232400","https://www.google.com/maps?q=31.6333500,74.2781610"
"834","AR Traders","Kite Flying - Manufacturer","H9X2+3XX, Bismillah Rd, Bhagatpura, Lahore, Pakistan, Ravi Town","Ravi Town","03244127597","https://www.google.com/maps?q=31.5978360,74.3521880"
"835","DMS Trading","Kite Flying - Seller","27/10 Paisa Akhbar St, Anarkali Bazaar Lahore, 54000, Pakistan, Lahore City","Lahore City","03202020529","https://www.google.com/maps?q=31.5746170,74.3116840"
"836","Asif Electronics","Kite Flying - Seller","1-badar din road, Mozang Rd, Mozang Chungi, Lahore, 54000, Pakistan, Lahore City","Lahore City","03008080747","https://www.google.com/maps?q=31.5566940,74.3157990"
"837","Mohsin","Kite Flying - Seller","Near Taj Company, Sagian Wala, Interchange, Lahore Ring Rd, Band Rd, Babu Sabu Lahore, 54000, Pakistan, Lahore Cantt","Lahore Cantt","03244669121","https://www.google.com/maps?q=31.5381670,74.2643730"
"838","Asif Electronics","Kite Flying - Manufacturer","1-badar din road, Mozang Rd, Mozang Chungi, Lahore, 54000, Pakistan, Lahore City","Lahore City","03008080747","https://www.google.com/maps?q=31.5567000,74.3159580"
"839","Imran General Store","Kite Flying - Manufacturer","F664+V5R, Multan Rd, Shahpur Kanjra, Lahore, 54600, Pakistan, Allama Iqbal","Allama Iqbal","03064238184","https://www.google.com/maps?q=31.4623110,74.2056420"
"840","Patang studio","Kite Flying - Seller","C8X9+JRW, Township Block 5 Sector A 2 Lahore, Pakistan, Model Town","Model Town","03224773458","https://www.google.com/maps?q=31.4491080,74.3196020"
"841","Jalal Sons Consultants","Kite Flying - Seller","Street No. 12 F-Block Youhanabad Ferozepur Road Lahore, Nishter Town","Nishter Town","03008381880","https://www.google.com/maps?q=31.4115340,74.3664050"
"842","AAA kite maker","Kite Flying - Manufacturer","40, near PAC College, Block T Gulberg, Lahore, 54660, Pakistan, Model Town","Model Town","03211142694","https://www.google.com/maps?q=31.5193820,74.3582280"
"843","HS Gallery","Kite Flying - Seller","12-B Wahdat Rd, Muslim Town, Lahore, 54000, Pakistan, Model Town","Model Town","03074077936","https://www.google.com/maps?q=31.5201550,74.3229120"
"844","Daim kite house","Kite Flying - Seller","H8RX+JJ7, Scheme No. 2 Scheme No 2, Lahore, Pakistan, Shalimar Town","Shalimar Town","03223646152","https://www.google.com/maps?q=31.5917230,74.3489480"
"845","HOTEL KASHMIR PALACE PVT LIMITED","Kite Flying Association","14 Empress Rd, Garhi Shahu, Lahore, 54000, Pakistan, Shalimar Town","Shalimar Town","03334326700, 03359487575","https://www.google.com/maps?q=31.5700000,74.3350950"
"846","Lahore Kite House","Kite Flying - Seller","Texali Chowk, Data Gunj Buksh Town, Lahore, Pakistan, Lahore City","Lahore City","03024483331","https://www.google.com/maps?q=31.5862910,74.3065560"
"847","Fahad kite house","Kite Flying - Seller","J7GV+W49, Seraj Park Shahdara Town, Shahdara, Pakistan, Ravi Town","Ravi Town","03079487990","https://www.google.com/maps?q=31.6271700,74.2927650"
"848","Axe sports","Kite Flying - Manufacturer","STREET # 2 Bedian Rd, Nadirabad Lahore, 51000, Pakistan, Lahore Cantt","Lahore Cantt","03244914100","https://www.google.com/maps?q=31.4938280,74.4058860"
"849","Ayaz kite flying","Kite Flying - Seller","11b nasheman-e-iqbal phase 2 society Lahore, Pakistan, Nishter Town","Nishter Town","03084318994","https://www.google.com/maps?q=31.4009730,74.2798840"
"850","G men Traders","Kite Flying - Seller","G9C6+W7P, Academy Road, Fateh Abad Fatehabad, Lahore, Pakistan, Lahore City","Lahore City","03229478422","https://www.google.com/maps?q=31.5224400,74.3609260"
"851","Kite seller","Kite Flying - Seller","J7FM+CQF, Shahdara Town, Shahdara, Pakistan, Ravi Town","Ravi Town","03220440667","https://www.google.com/maps?q=31.6235550,74.2844440"
"852","Fizan kites center","Kite Flying - Seller","19 main Urdu Bazar, Anarkali Bazaar Lahore, 54000, Pakistan, Lahore City","Lahore City","03214352915","https://www.google.com/maps?q=31.5759530,74.3089340"
"853","Azhar panag Faroosh","Kite Flying - Seller","G9C5+6G9, Block N Gulberg III, Lahore, Pakistan, Model Town","Model Town","03224993712","https://www.google.com/maps?q=31.5205770,74.3588320"
"854","Soorma Kites Store","Kite Flying - Seller","Purana Kahna, Old Kahna, Lahore, Pakistan, Nishter Town","Nishter Town","03160882438","https://www.google.com/maps?q=31.3509280,74.3735470"
"855","JW kite trader","Kite Flying - Seller","Plot 218, Township Block 1 Twp Sector C 2 Lahore, 54600, Pakistan, Model Town","Model Town","03075678527","https://www.google.com/maps?q=31.4367740,74.2956470"
"856","Zavesta Marketing","Kite Flying - Seller","FCXJ+G8M, Street 4, Tibba, Lahore, Pakistan, Lahore Cantt","Lahore Cantt","03214769528","https://www.google.com/maps?q=31.4994710,74.4310530"
"857","Zahid kites hub","Kite Flying - Manufacturer","J77R+JG9, Lahore Metro Bus System, Shahdara Town, Shahdara, Pakistan, Ravi Town","Ravi Town","03234774076","https://www.google.com/maps?q=31.6140450,74.2913660"
"858","Bid store","Kite Flying - Seller","H99X+7H8, Naya Pull, Nabi Pura Lahore, Pakistan, Model Town","Model Town","03244582287","https://www.google.com/maps?q=31.5681970,74.3987280"
"859","Khilji kites","Kite Flying - Manufacturer","J82P+M73، Chiragh Park Road، Rajput Park Shad Bagh, Lahore, Pakistan, Ravi Town","Ravi Town","03154696269","https://www.google.com/maps?q=31.6016160,74.3357420"
"860","hafiz kite Traders","Kite Flying - Seller","Plot 38, Block M Gulberg III, Lahore, Pakistan, Model Town","Model Town","03214442332","https://www.google.com/maps?q=31.4920160,74.3384220"
"861","hafiz kite Traders","Kite Flying - Manufacturer","F8RQ+Q6G, Bhabra Block M Gulberg III, Lahore, Pakistan, Model Town","Model Town","03214442332","https://www.google.com/maps?q=31.4919610,74.3382620"
"862","hafiz kite Traders","Kite Flying - Trader","F8RQ+Q43, OPF St, Block M Gulberg III, Lahore, Pakistan, Model Town","Model Town","03214442332","https://www.google.com/maps?q=31.4918330,74.3376610"
"863","Fly to sky","Kite Flying - Manufacturer","PAK COLONY STREE 13SABIR CHOWK AMAR SADHU, C9X8+GPR, Shanghai Rd, Sitara Colony, Lahore, Pakistan, Model Town","Model Town","03478710013","https://www.google.com/maps?q=31.4493180,74.3669960"
"864","Billa kite house","Kite Flying - Seller","H76P+QFW, Zahoor Din Rd, Sanda Khurd Sanda, Lahore, 54000, Pakistan, Lahore City","Lahore City","03244214324","https://www.google.com/maps?q=31.5619760,74.2865510"
"865","Al Mashoor Lucky Kites Centre","Kite Flying - Seller","HC43+J9W, Tajpura Bazar, Ghaziabad, Lahore, Pakistan, Shalimar Town","Shalimar Town","03054798492","https://www.google.com/maps?q=31.5566690,74.4033930"
"866","Khan Brothers Kite center","Kite Flying - Seller","23 Fateh Sher Rd, Bagh Gul Begum Mozang Chungi, Lahore, 54000, Pakistan, Lahore City","Lahore City","03004727831","https://www.google.com/maps?q=31.5433580,74.3083610"
"867","ERIK Kite Maker","Kite Flying - Manufacturer","H87R+CM Lahore, Pakistan, Shalimar Town","Shalimar Town","03214070357","https://www.google.com/maps?q=31.5635820,74.3416560"
"868","Kite seller","Kite Flying - Seller","C9C9+F56, punjab, Nishter Colony, Lahore, 54000, Pakistan, Nishter Town","Nishter Town","03039197748","https://www.google.com/maps?q=31.4211400,74.3678930"
"869","Shahzad (Ourf Chada) Kite Store","Kite Flying - Seller","H9FG+975, Shalimar Larechs Colony, Lahore, 54000, Pakistan, Shalimar Town","Shalimar Town","03089459323","https://www.google.com/maps?q=31.5734080,74.3757240"
"870","Hassnain Nisar ( Kites Seller)","Kite Flying - Seller","Plot 318, Kashmir Block Allama Iqbal Town, Lahore, 54000, Pakistan, Model Town","Model Town","03078899958","https://www.google.com/maps?q=31.5186620,74.2883580"
"871","Mughal kite maker","Kite Flying - Manufacturer","C9Q5+R2M, Gulshan Yaseen Colony, Lahore, Pakistan, Nishter Town","Nishter Town","03234278341","https://www.google.com/maps?q=31.4395250,74.3574850"
"872","kite flying","Kite Flying - Manufacturer","H73X+R76, Shamnagar Rd, Sham Nagar Block B New Chauburji Park, Lahore, 54000, Pakistan, Lahore City","Lahore City","03134822494","https://www.google.com/maps?q=31.5545390,74.2981520"
"873","Aqib kite","Kite Flying - Manufacturer","749, Kashmir Block Allama Iqbal Town, Lahore, 54000, Pakistan, Model Town","Model Town","03077089458","https://www.google.com/maps?q=31.5161060,74.2883060"
"874","Mayo Kite","Kite Flying - Manufacturer","F84X+23Q, Ayub Rd, Jahangir Park Ismail Nagar, Lahore, Pakistan, Model Town","Model Town","03074340764","https://www.google.com/maps?q=31.4550520,74.3477900"
"875","Romi books","Kite Flying - Seller","No., Waqas Market, Nadirabad Lahore, Pakistan, Lahore Cantt","Lahore Cantt","03234455391","https://www.google.com/maps?q=31.4967600,74.4070040"
"876","Crown stitcher","Kite Flying - Seller","H8XW+2HF, Sher Shah Rd, Shad Bagh, Lahore, Pakistan, Ravi Town","Ravi Town","03244996224","https://www.google.com/maps?q=31.5975840,74.3462880"
"877","Voogle","Kite Flying - Seller","Plot 1016, block F, state life housing society, Nishter Town","Nishter Town","03164021415","https://www.google.com/maps?q=31.4417976,74.3986607"
"878","Tayyab Kite House","Kite Flying - Seller","G755+6V6, Awan Town, Lahore, Pakistan, Allama Iqbal","Allama Iqbal","03222222761","https://www.google.com/maps?q=31.5081800,74.2597250"
"879","Aftab Kite","Kite Flying - Seller","F84X+23Q, Ayub Rd, Jahangir Park Ismail Nagar, Lahore, Pakistan, Model Town","Model Town","03234241644","https://www.google.com/maps?q=31.4548800,74.3478310"
"880","Gul Ahmad Shinwari Kites","Kite Flying - Seller","F6WV+PH3, Pico Rd, Thokar Niaz Baig, Lahore, Pakistan, Allama Iqbal","Allama Iqbal","03027808339","https://www.google.com/maps?q=31.4966780,74.2440820"
"881","Asim trader","Kite Flying - Trader","J8H2+Q5C Ittehad Park, Shahdara Town, Shahdara, Pakistan, Ravi Town","Ravi Town","03055099438","https://www.google.com/maps?q=31.6294320,74.3003980"
"882","Azmat Urf Bhala","Kite Flying - Manufacturer","Shahdara Town, Shahdara, Pakistan, Ravi Town","Ravi Town","03224545968, 03238866060","https://www.google.com/maps?q=31.6167310,74.2908760"
"883","Al-Rehman Auto","Kite Flying - Seller","G9XJ+V3H, Saddar Gol Chakar, Saddar Town, Lahore, Pakistan, Lahore Cantt","Lahore Cantt","03004323697","https://www.google.com/maps?q=31.5498100,74.3802470"
"884","Tahir","Kite Flying - Seller","J7FQ+PF6, Shahdara Town, Lahore, 54950, Pakistan, Ravi Town","Ravi Town","03217264307","https://www.google.com/maps?q=31.6242640,74.2886580"
"885","Nafees Kite","Kite Flying - Trader","HCF3+2X7, Fateh Garh Hameedpura, Lahore, Pakistan, Shalimar Town","Shalimar Town","03214609501","https://www.google.com/maps?q=31.5726130,74.4049220"
"886","manjha lagwai","Kite Flying - Manufacturer","HCQ6+X2G, Daroghawala, Lahore, 54000, Pakistan, Shalimar Town","Shalimar Town","03204026650","https://www.google.com/maps?q=31.5898610,74.4102820"
"887","Mian Kite House","Kite Flying - Seller","HGRG+249, Bhaman Lahore, Pakistan, Wahgah Town","Wahgah Town","03278834003","https://www.google.com/maps?q=31.5908020,74.5250920"
"888","King kite","Kite Flying - Manufacturer","G7PJ+V8H, Khuda-Bukhsh Rd, Shera Kot Lahore, 54000, Pakistan, Lahore City","Lahore City","03008183322","https://www.google.com/maps?q=31.5371920,74.2808710"
"889","UA Traders","Kite Flying - Seller","Flat No-59, Shalimar Larechs Colony, Lahore, 54840, Pakistan, Shalimar Town","Shalimar Town","03096756139","https://www.google.com/maps?q=31.5681960,74.3804020"
"890","SAEED KITE CLUB","Kite Flying - Manufacturer","J85P+9WX, Shad Bagh Underpass, Bhagatpura, Lahore, Pakistan, Ravi Town","Ravi Town","03059270553","https://www.google.com/maps?q=31.6084860,74.3375560"
"891","MS Kite Seller","Kite Flying - Seller","HC52+V3M, Tajpura Main Rd, Tajpura, Lahore, Pakistan, Shalimar Town","Shalimar Town","03078825864","https://www.google.com/maps?q=31.5597040,74.4001620"
"892","City Kite House","Kite Flying - Seller","C9W7+W4X, Kacha kamha road, Sitara Colony, Lahore, 05499, Pakistan, Model Town","Model Town","03064748348","https://www.google.com/maps?q=31.4473600,74.3628610"
"893","Junaid","Kite Flying - Manufacturer","H9MX+8HW, Khan Colony, Lahore, 54000, Pakistan, Shalimar Town","Shalimar Town","03214420441","https://www.google.com/maps?q=31.5833340,74.3989530"
"894","Aab E Zouq Filter Plant","Kite Flying - Seller","F7X4+8JG, Basit Rd, Maraghzar Colony Kakazai, Lahore, Pakistan, Allama Iqbal","Allama Iqbal","03147950063","https://www.google.com/maps?q=31.4982860,74.2567880"
"895","Fabrics Business","Kite Flying - Seller","H8C6+PQ7, New Anarkali Road, Anarkali Bazaar Lahore, 54000, Pakistan, Lahore City","Lahore City","03091777735","https://www.google.com/maps?q=31.5717790,74.3119330"
"896","Rao Kite shop","Kite Flying - Seller","C987+2GJ, Rehmat Colony, Lahore, Pakistan, Model Town","Model Town","03043784444","https://www.google.com/maps?q=31.4156230,74.3636510"
"897","Khawaja sultan bans store","Kite Flying - Manufacturer","H8F8+PRG, Baans Bazar, Anarkali Bazaar Gawalmandi, Lahore, 54000, Pakistan, Lahore City","Lahore City","03068596932","https://www.google.com/maps?q=31.5740970,74.3173830"
"898","La Pechha Kite House","Kite Flying - Seller","House # 11, New Ghazali Park, Shah Kamal Colony, Model Town","Model Town","03234409773","https://www.google.com/maps?q=31.5206123,74.3083994"
"899","AK Khan Seller","Kite Flying - Seller","H9CP+2P4, Ramghar Bazar Road, Ramgarh Lahore, Pakistan, Shalimar Town","Shalimar Town","03231996830","https://www.google.com/maps?q=31.5701750,74.3868020"
"900","KB Traders","Kite Flying - Manufacturer","J924+JJJ, China Rd, Bhagat Pura Bhagatpura, Lahore, Pakistan, Ravi Town","Ravi Town","03447525633","https://www.google.com/maps?q=31.6014990,74.3565010"
"901","Qurashi brother Kite's","Kite Flying - Manufacturer","H8PR+M2V, Chah Miran, Lahore, Pakistan, Ravi Town","Ravi Town","03048975578","https://www.google.com/maps?q=31.5865400,74.3400650"
"902","Amir kite maker","Kite Flying - Manufacturer","G7VM+2CC, Street 8, Shera Kot Lahore, 54000, Pakistan, Lahore City","Lahore City","03024884884","https://www.google.com/maps?q=31.5423530,74.2834150"
"903","Shahzad Kite flying","Kite Flying - Manufacturer","H8QQ+XJ Lahore, Pakistan, Ravi Town","Ravi Town","03224569610","https://www.google.com/maps?q=31.5898800,74.3390750"
"904","Shama book depot","Kite Flying - Seller","Jallo more lahore, Wahgah Town","Wahgah Town","03008182381","https://www.google.com/maps?q=31.5206780,74.3586860"
"905","Nafees Kite","Kite Flying - Seller","HCF3+2X7, Fateh Garh Hameedpura, Lahore, Pakistan, Shalimar Town","Shalimar Town","03214609501","https://www.google.com/maps?q=31.5726130,74.4049220"
"906","Fayyaz gift center and kite shop","Kite Flying - Seller","Main Bazar niazpura khokar road badami bagh Lahore, Pakistan, Lahore Cantt","Lahore Cantt","03234965422","https://www.google.com/maps?q=31.5223300,74.3591400"
"907","Nafees Kite","Kite Flying - Manufacturer","HCF3+2X7, Fateh Garh Hameedpura, Lahore, Pakistan, Shalimar Town","Shalimar Town","03214609501","https://www.google.com/maps?q=31.5726130,74.4049220"
"908","Shahzad Kite manufacturer","Kite Flying - Manufacturer","H9C3+JW4, Mughalpura, Lahore, Pakistan, Shalimar Town","Shalimar Town","03234662264","https://www.google.com/maps?q=31.5712400,74.3546410"
"909","Ali kites","Kite Flying - Seller","G9C5+8G6, Block N Gulberg III, Lahore, Pakistan, Model Town","Model Town","03064196338","https://www.google.com/maps?q=31.5207570,74.3587110"
"910","IMRAN KITE","Kite Flying - Manufacturer","G7QG+HV3, Jaffaria Colony Shera Kot, Lahore, 54000, Pakistan, Lahore City","Lahore City","03364356678","https://www.google.com/maps?q=31.5385010,74.2766660"
"911","Asim kites","Kite Flying - Manufacturer","HC32+P25, Main Bazar Nizamabad, Ghaziabad, Lahore, Pakistan, Shalimar Town","Shalimar Town","03044931370","https://www.google.com/maps?q=31.5542690,74.4000790"
"912","Ehsham kite house","Kite Flying - Manufacturer","HCM5+Q55, Zaitoon Colony, Lahore, Pakistan, Shalimar Town","Shalimar Town","03281051519","https://www.google.com/maps?q=31.5849200,74.4079390"
"913","Azan kite center","Kite Flying - Manufacturer","240 Allama Iqbal Rd, Mustafabad, Lahore, Pakistan, Lahore Cantt","Lahore Cantt","03214857952","https://www.google.com/maps?q=31.5504370,74.3682540"
"914","Tallat Iqbal","Kite Flying - Seller","HC54+C45, Tajpura, Lahore, Pakistan, Shalimar Town","Shalimar Town","03246440327","https://www.google.com/maps?q=31.5584850,74.4053260"
"915","SGS KITE MAKERS","Kite Flying - Manufacturer","H94X+7C3, Ghaziabad, Lahore, Pakistan, Lahore Cantt","Lahore Cantt","03214825141","https://www.google.com/maps?q=31.5556410,74.3985400"
"916","Ali Kite and Dor Maker","Kite Flying - Manufacturer","HCXP+4F, Wahga Town, Lahore, Pakistan, Wahgah Town","Wahgah Town","03008571148","https://www.google.com/maps?q=31.5978330,74.4365350"
"917","BHOLA PAN SHOP & VAPING HUB","Kite Flying - Seller","HCFG+CPV, Harbanspura, Lahore, Pakistan, Shalimar Town","Shalimar Town","03224751995","https://www.google.com/maps?q=31.5736060,74.4267970"
"918","DAR KITE & DOR SELLER","Kite Flying - Seller","G8C4+C5H, Shuja Rd, Combo Colony, Lahore, 54000, Pakistan, Model Town","Model Town","03218441991","https://www.google.com/maps?q=31.5210490,74.3054250"
"919","Kite seller","Kite Flying - Manufacturer","H87G+8QF, Montgomery Rd, Montgomery Park Garhi Shahu, Lahore, 54000, Pakistan, Shalimar Town","Shalimar Town","03218466550","https://www.google.com/maps?q=31.5631010,74.3266470"
"920","Ali Kite","Kite Flying - Manufacturer","31-S Qureshi Street, Bank Colony Samanabad Town, Lahore, 54000, Pakistan, Lahore City","Lahore City","03237000252","https://www.google.com/maps?q=31.5321540,74.2931100"
"921","Zaidi kite","Kite Flying - Seller","51, Township Block 2 Sector 2-C-1 Lahore, Pakistan, Model Town","Model Town","03098433449","https://www.google.com/maps?q=31.4474840,74.3080040"
"922","Clothes","Kite Flying - Manufacturer","JCVF+29W, Lahore, Pakistan, Wahgah Town","Wahgah Town","03014305390","https://www.google.com/maps?q=31.6433280,74.4234150"
"923","Ali Kite","Kite Flying - Seller","31-S Qureshi Street, Bank Colony Samanabad Town, Lahore, 54000, Pakistan, Lahore City","Lahore City","03237000252","https://www.google.com/maps?q=31.5321450,74.2930550"
"924","kitesclick","Kite Flying - Trader","3 Main Bazar, Amer sidue Gul Colony, Lahore, 54760, Pakistan, Model Town","Model Town","03029411113","https://www.google.com/maps?q=31.4511222,74.3543380"
"925","Ali kite","Kite Flying - Trader","31-S Qureshi Street, Bank Colony Samanabad Town, Lahore, 54000, Pakistan, Lahore City","Lahore City","03237000252","https://www.google.com/maps?q=31.5321350,74.2928650"
"926","Up kite","Kite Flying - Manufacturer","F8FW+56M, Model Town, Lahore, Pakistan, Model Town","Model Town","03187947607","https://www.google.com/maps?q=31.4730350,74.3456200"
"927","akmal kites","Kite Flying - Seller","95QX+48C, Eastern Ave E, Safari Block Sector B Bahria Town, Lahore, Pakistan, Allama Iqbal","Allama Iqbal","03095263424","https://www.google.com/maps?q=31.3876150,74.1983470"
"928","Khawaja sultan bans store","Kite Flying - Seller","H8F8+PRG, Baans Bazar, Anarkali Bazaar Gawalmandi, Lahore, 54000, Pakistan, Lahore City","Lahore City","03068596932","https://www.google.com/maps?q=31.5741010,74.3173000"
"929","Shabbir kite maker","Kite Flying - Manufacturer","Quarter no6 block no306 muhallah railway hospital, Shalimar Town","Shalimar Town","03214797681","https://www.google.com/maps?q=31.5207780,74.3601830"
"930","Crystal Kite","Kite Flying - Manufacturer","588 ‏Main Blvd Gulshan-e-Ravi, E Block Block E Gulshan-e-Ravi, Lahore, 54500, Pakistan, Lahore City","Lahore City","03059470818","https://www.google.com/maps?q=31.5523810,74.2789720"
"931","Shakoor kite club","Kite Flying - Seller","H9GV+X6W, Baghbanpura, Lahore, Pakistan, Shalimar Town","Shalimar Town","03287012913","https://www.google.com/maps?q=31.5774660,74.3929770"
"932","Farhan Kite Saller","Kite Flying - Seller","F985+C2V, Amar Sidhu Nishtar Town, Lahore, Pakistan, Nishter Town","Nishter Town","03045006002","https://www.google.com/maps?q=31.4657800,74.3571090"
"933","Shakeel Kite Maker","Kite Flying - Manufacturer","HFW2+WM9, Sooter Mills Rd, Al-Rehman Garden Phase 3 Phase 3 Al Rehman Garden, Lahore, Pakistan, Wahgah Town","Wahgah Town","03244333611","https://www.google.com/maps?q=31.5971640,74.4519380"
"934","Hashim Kites","Kite Flying - Manufacturer","HFQ2+VQ3, Al-Kareem Garden St, Tamhara Kot Pind, Lahore, Pakistan, Wahgah Town","Wahgah Town","03214115434","https://www.google.com/maps?q=31.5898090,74.4519110"
"935","Shohaib kite shop","Kite Flying - Seller","HC5C+W4W, Harbanspura Rd, Aziz Bhatti Town, Lahore, Pakistan, Wahgah Town","Wahgah Town","03077079424","https://www.google.com/maps?q=31.5887680,74.4327970"
"936","Jimmy Di Guddi","Kite Flying - Seller","Lahore – Kasur Rd, Nishter Colony, Lahore, Pakistan, Nishter Town","Nishter Town","03024700175","https://www.google.com/maps?q=31.4222250,74.3581080"
"937","rod events and management","Kite Flying Association","506 office, gulmohar trade centre, Gulberg II, main market, lahore, Model Town","Model Town","03006022243","https://www.google.com/maps?q=31.5257860,74.3469210"
"938","Shahzad Kite House","Kite Flying - Manufacturer","Plot 248, Block 2 Sector B 2 Township Lahore, Model Town","Model Town","03228476799","https://www.google.com/maps?q=31.4555430,74.3066970"
"939","Shani Kite house","Kite Flying - Seller","G8H7+6MJ, Muhammed Ali Rd, Ichhra Lahore, 54000, Pakistan, Model Town","Model Town","03213238410","https://www.google.com/maps?q=31.5280070,74.3141250"
"940","KITE MANUFACTURERER","Kite Flying - Manufacturer","31 Afghan St, Devioura Daroghe Wala, Lahore, 54000, Pakistan, Shalimar Town","Shalimar Town","03334539881","https://www.google.com/maps?q=31.5904490,74.3988720"
"941","ALL PAKISTAN KITES FLYING SPORTS ASSOCIATION","Kite Flying Association","G8F3+G77, Karnalpora Combo Colony, Lahore, 54000, Pakistan, Model Town","Model Town","03234370733","https://www.google.com/maps?q=31.5239280,74.3030970"
"942","Waqas Builder Kites","Kite Flying - Manufacturer","G7QG+856, 60 Feet Rd, Shera Kot Lahore, 54000, Pakistan, Lahore City","Lahore City","03114455503","https://www.google.com/maps?q=31.5382940,74.2754620"
"943","Nauman kites seller","Kite Flying - Seller","95M5+676, Maraka - Bahria Town Rd, Maraka Village, Lahore, Pakistan, Raiwind","Raiwind","03289662089","https://www.google.com/maps?q=31.3822990,74.1577820"
"944","Bhatti Pan Shop","Kite Flying - Seller","G9XP+R9G, Old Officers Colony, Lahore, Pakistan, Lahore Cantt","Lahore Cantt","03244801132","https://www.google.com/maps?q=31.5495720,74.3859650"
"945","Sheikh kite house","Kite Flying - Manufacturer","F7FX+HJ6, BOR Main Rd, Board of Revenue Housing Society BOR Society, Lahore, Pakistan, Model Town","Model Town","03326996129","https://www.google.com/maps?q=31.4739120,74.2990660"
"946","Sardar g golden eagle","Kite Flying - Seller","17-A Fateh Garh Rd, Fateh Garh Hameedpura, Lahore, 54000, Pakistan, Shalimar Town","Shalimar Town","03224591867","https://www.google.com/maps?q=31.5742710,74.4045830"
"947","Allah Wasaya Kite & Door Maker","Kite Flying - Manufacturer","892X+HGW, Sue Asil, Lahore, Pakistan, Nishter Town","Nishter Town","03214271985","https://www.google.com/maps?q=31.3016450,74.3988270"
"948","KITE SELLLING","Kite Flying - Seller","31 Afghan St, Devioura Daroghe Wala, Lahore, 54000, Pakistan, Shalimar Town","Shalimar Town","03201416027","https://www.google.com/maps?q=31.5903490,74.3989220"
"949","Waqas Builder Kites","Kite Flying - Seller","G7QG+856, 60 Feet Rd, Shera Kot Lahore, 54000, Pakistan, Lahore City","Lahore City","03114455503","https://www.google.com/maps?q=31.5382940,74.2754620"
"950","Subhani kites","Kite Flying - Seller","Bazaar Laal khoh، inside Mochi Gate، Kucha Chagtah Walled City of Lahore, Lahore, 54000, Pakistan, Lahore City","Lahore City","03214362282","https://www.google.com/maps?q=31.5777730,74.3220350"
"951","Pracha kite","Kite Flying - Manufacturer","Plot 360, Sabzazar Block F Sabzazar Housing Scheme Phase 1 & 2 Lahore, Pakistan, Lahore City","Lahore City","03244208401","https://www.google.com/maps?q=31.5228190,74.2612750"
"952","Zain Shah Kite Shop","Kite Flying - Seller","H72J+6WV، Moon Market Road، E Block Block E Gulshan-e-Ravi, Lahore, 54500, Pakistan, Lahore City","Lahore City","03114674907","https://www.google.com/maps?q=31.5506210,74.2822920"
"953","DEZINIC","Kite Flying Association","44d PIA Main Boulevard, Block D Pia Housing Scheme, Lahore, 54770, Pakistan, Model Town","Model Town","03214808303","https://www.google.com/maps?q=31.4428380,74.2772300"
"954","ALI OLD AND NEW BOOKS AND SPORTS CENTER","Kite Flying - Seller","F82X+4QF, Hassan Rd, Makhdumabad Ismail Nagar, Lahore, Pakistan, Model Town","Model Town","03289926901","https://www.google.com/maps?q=31.4502320,74.3494310"
"955","Tanveer kite maker","Kite Flying - Manufacturer","H9J9+QW9, Baghbanpura, Lahore, 54000, Pakistan, Shalimar Town","Shalimar Town","03224855283","https://www.google.com/maps?q=31.5821650,74.3698660"
"956","Haseeb Kite Maker","Kite Flying - Manufacturer","H8X4+4C9, St 50, Qila Lachman Singh, Lahore, Pakistan, Lahore City","Lahore City","03215500004","https://www.google.com/maps?q=31.5978080,74.3058910"
"957","Waqasmunirpatangmaker","Kite Flying - Seller","J84G+2CF, Badami Bagh, Lahore, Pakistan, Ravi Town","Ravi Town","03164319099","https://www.google.com/maps?q=31.6051940,74.3262230"
"958","Haseeb Kite Maker","Kite Flying - Seller","H8X4+27P, Street Number 43, Qila Lachman Singh, Lahore, Pakistan, Lahore City","Lahore City","03215500004","https://www.google.com/maps?q=31.5978180,74.3058140"
"959","Amjad Kite House","Kite Flying - Manufacturer","H74J+9RW, Farrukh St, Sanda Block D 1 Gulshan-e-Ravi, Lahore, 54000, Pakistan, Lahore City","Lahore City","03234067201","https://www.google.com/maps?q=31.5560540,74.2822120"
"960","Asif Butt Kite House","Kite Flying - Manufacturer","HC64+XG6, Street, Tajpura, Lahore, Pakistan, Shalimar Town","Shalimar Town","03004781062","https://www.google.com/maps?q=31.5624610,74.4063090"
"961","Shah Kites","Kite Flying - Seller","H76Q+JH3, Krishan Nagar Lahore, 54000, Pakistan, Lahore City","Lahore City","03311140611","https://www.google.com/maps?q=31.5615900,74.2888480"
"962","Ustad Malang Jan Kites","Kite Flying - Seller","80, Firdous Colony, Lahore, 54000, Pakistan, Lahore City","Lahore City","03314205080","https://www.google.com/maps?q=31.5448940,74.2806080"
"963","Hskitelineclub","Kite Flying - Seller","12 Karim Pk St, Karim Block Allama Iqbal Town, Lahore, Pakistan, Model Town","Model Town","03094643005","https://www.google.com/maps?q=31.5038580,74.2815900"
"964","Carigar Kites","Kite Flying - Trader","C7XG+8GJ, Shadewal Undar Rd, Shadiwal Block E Pia Housing Scheme, Lahore, 54770, Pakistan, Allama Iqbal","Allama Iqbal","03454732692","https://www.google.com/maps?q=31.4484870,74.2761670"
"965","ORIGINAL LAHORE DISTRICT KITES FLYING ASSOCIATION","Kite Flying Association","G8F3+J48, Madni Masjid St, Karnalpora Combo Colony, Lahore, 54000, Pakistan, Model Town","Model Town","03004195995","https://www.google.com/maps?q=31.5239660,74.3031100"
"966","Butt Kite House","Kite Flying - Seller","Main Blvd Shad Bagh Rd, Shad Bagh, Lahore, Pakistan, Lahore City","Lahore City","03067442018","https://www.google.com/maps?q=31.5977810,74.3392890"
"967","Hameed kite house","Kite Flying - Seller","H9MF+55J, near Nagina chowk, pakistani bazar Baghbanpura, Lahore, 54000, Pakistan, Shalimar Town","Shalimar Town","03035869277","https://www.google.com/maps?q=31.5829590,74.3728580"
"968","Book depot","Kite Flying - Manufacturer","G7J5+95, Babu Sabu Lahore, Pakistan, Lahore City","Lahore City","03254026247","https://www.google.com/maps?q=31.5314360,74.2583050"
"969","Ideal kites","Kite Flying - Seller","J8H2+V3R, Shahdara Town, Lahore, Pakistan, Ravi Town","Ravi Town","03296248809","https://www.google.com/maps?q=31.6297210,74.3001240"
"970","Fadi's Tobacco","Kite Flying - Seller","Plot 253, Violet Block Bahria Town, Lahore, Pakistan, Raiwind","Raiwind","03201213143","https://www.google.com/maps?q=31.3579300,74.1836660"
"971","Ali trader","Kite Flying - Seller","Main Bazar Islampura, Islampura, Lahore, 54000, Pakistan, Lahore City","Lahore City","03432971014","https://www.google.com/maps?q=31.5653080,74.2967970"
"972","Malik kites","Kite Flying - Seller","F8G3+5W Lahore, Pakistan, Model Town","Model Town","03004595989","https://www.google.com/maps?q=31.4754140,74.3048120"
"973","Lucky Kite House","Kite Flying - Seller","31 Zaildar Rd, Ichhra Shah Din Scheme Lahore, 54000, Pakistan, Model Town","Model Town","03214734395","https://www.google.com/maps?q=31.5308730,74.3171580"
"974","Muhammadarif","Kite Flying - Manufacturer","F6CW+P29, Thokar Niaz Baig Flyover, Irrigation Colony, Lahore, Pakistan, Allama Iqbal","Allama Iqbal","03004225106","https://www.google.com/maps?q=31.4721270,74.2450290"
"975","Mahaja Mandi","Kite Flying - Manufacturer","F946+363, Gul Colony Lahore, Pakistan, Model Town","Model Town","03114661152","https://www.google.com/maps?q=31.4551760,74.3605270"
"976","Ahmad Faraz Butt","Kite Flying - Manufacturer","12 Jail Rd, Jinnah Town, Lahore, 54000, Pakistan, Model Town","Model Town","03228001407","https://www.google.com/maps?q=31.5483850,74.3178830"
"977","THE BEST TONE EVENT MANAGEMENT","Kite Flying - Seller","C963+FMR, Ferozepur Rd, Glaxo Town, Lahore, Pakistan, Nishter Town","Nishter Town","03219337214","https://www.google.com/maps?q=31.4112800,74.3544490"
"978","Atta chaki","Kite Flying - Seller","G79G+J9F, Sabzazar Block A Sabzazar Housing Scheme Phase 1 & 2 Lahore, Pakistan, Lahore City","Lahore City","03009404267","https://www.google.com/maps?q=31.5191020,74.2761170"
"979","Daim kite making","Kite Flying - Manufacturer","H8RX+9GJ, Issa Nagri Chah Miran, Lahore, Pakistan, Ravi Town","Ravi Town","03223646152","https://www.google.com/maps?q=31.5912110,74.3487650"
"980","Ahmad Faraz Butt","Kite Flying - Seller","12 Jail Rd, Jubliee Town, Lahore, 54000, Pakistan, Model Town","Model Town","03228001407","https://www.google.com/maps?q=31.5483920,74.3178800"
"981","Ahmad Faraz Butt","Kite Flying - Trader","12 Jail Rd, Jubliee Town, Lahore, 54000, Pakistan, Model Town","Model Town","03228001407","https://www.google.com/maps?q=31.5483920,74.3178750"
"982","FAISALABAD KITE MAKER (BILAL)","Kite Flying - Manufacturer","HFPJ+WV6, skyland road, phase 3 Manawan, Lahore, Pakistan, Wahgah Town","Wahgah Town","03217926219","https://www.google.com/maps?q=31.5873130,74.4821780"
"983","Usama trader","Kite Flying - Trader","H78W+4PX, Qari Rd, Islampura, Lahore, 54000, Pakistan, Lahore City","Lahore City","03432971014, 03040122224","https://www.google.com/maps?q=31.5653080,74.2967970"
"984","Sunder stationary,sports and gift center","Kite Flying - Seller","G7J8+RCM, Sabzazar Block D Sabzazar Housing Scheme Phase 1 & 2 Lahore, 54000, Pakistan, Lahore City","Lahore City","03016150498","https://www.google.com/maps?q=31.5322120,74.2658920"
"985","Bismillah kite manifacuer","Kite Flying - Manufacturer","J87J+67 Lahore, Pakistan, Ravi Town","Ravi Town","03158264660","https://www.google.com/maps?q=31.6130390,74.3307170"
"986","Kite maker manzor","Kite Flying - Manufacturer","HCM4+286, Shalimar Housing Scheme, Lahore, Pakistan, Shalimar Town","Shalimar Town","03224721316","https://www.google.com/maps?q=31.5825480,74.4057600"
"987","HZ kites traders","Kite Flying - Trader","C9V6+JJV, Gulshan Yaseen Colony, Lahore, Pakistan, Model Town","Model Town","03066777878","https://www.google.com/maps?q=31.4440960,74.3619690"
"988","HZ kites manufactured","Kite Flying - Manufacturer","C9V6+5M9, Gulshan Yaseen Colony Lahore, Pakistan, Model Town","Model Town","03066777878","https://www.google.com/maps?q=31.4429070,74.3617340"
"989","Carigar Kites","Kite Flying - Manufacturer","C7XG+8GJ, Shadewal Undar Rd, Shadiwal Block E Pia Housing Scheme, Lahore, 54770, Pakistan, Allama Iqbal","Allama Iqbal","03454732692","https://www.google.com/maps?q=31.4484690,74.2761660"
"990","Hamza traiders","Kite Flying - Seller","Muslimabad Street 2،, Railway Rd, Gawalmandi, Lahore, 54000, Pakistan, Shalimar Town","Shalimar Town","03225077407","https://www.google.com/maps?q=31.5737720,74.3175080"
"991","Nomi Kite seller","Kite Flying - Seller","493 Shalimar Link Road, near Shalimar Garden, Baghbanpura, Lahore, 54000, Pakistan, Shalimar Town","Shalimar Town","03234534197","https://www.google.com/maps?q=31.5825750,74.3813620"
"992","Kite house","Kite Flying - Seller","J8M3+4CC, Qaiser Town-Shahdara Town Rd, Shahdara Town, Lahore, Pakistan, Ravi Town","Ravi Town","03174504969","https://www.google.com/maps?q=31.6329950,74.3035820"
"993","Rehman jinral store","Kite Flying - Seller","J8P2+J9, Shahdara Town, Lahore, Pakistan, Ravi Town","Ravi Town","03085383783","https://www.google.com/maps?q=31.6365660,74.3009340"
"994","German Kite House","Kite Flying - Seller","C8M5+3X3, Sector D2 Sector D 2 Block 5 Green Town, Lahore, 54770, Pakistan, Model Town","Model Town","03284832204","https://www.google.com/maps?q=31.4326510,74.3098930"
"995","JW kite trader","Kite Flying - Seller","Plot 218, Township Block 1 Twp Sector C 2 Lahore, 54600, Pakistan, Model Town","Model Town","03127079861","https://www.google.com/maps?q=31.4367050,74.2956340"
"996","Mubarik Kite Center","Kite Flying - Manufacturer","H99W+VRF, Nabi Pura Lahore, Pakistan, Shalimar Town","Shalimar Town","03064139684","https://www.google.com/maps?q=31.5696090,74.3971660"
"997","Atif Kites","Kite Flying - Seller","J722+V3P, Nain Sukh Rd, Naain Sukh, Pakistan, Ravi Town","Ravi Town","03249109798","https://www.google.com/maps?q=31.6020880,74.2506230"
"998","GM Kite Hut","Kite Flying - Seller","H9CM+X87, Sahowari Ramgarh, Lahore, Pakistan, Shalimar Town","Shalimar Town","03008826647","https://www.google.com/maps?q=31.5723180,74.3834380"
"999","Mubarik Kite Center","Kite Flying - Seller","H99W+VRF, Nabi Pura Lahore, Pakistan, Shalimar Town","Shalimar Town","03064139684","https://www.google.com/maps?q=31.5696250,74.3971700"
"1000","Hi Life paint shop","Kite Flying - Seller","H9MW+55Q, Khan Colony, Lahore, 54000, Pakistan, Shalimar Town","Shalimar Town","03144622584","https://www.google.com/maps?q=31.5831420,74.3955140"
"1001","Muhammed Asif kiryana store","Kite Flying - Seller","F68G+7F3, Jinnah Terminal Rd, Gopi Rai, Lahore, Pakistan, Allama Iqbal","Allama Iqbal","03094113727","https://www.google.com/maps?q=31.4656410,74.2261820"
"1002","Awais kite mart","Kite Flying - Seller","G7RF+M8R, 60 Feet Rd, near Utility store, Babu Sabu Lahore, 54000, Pakistan, Lahore City","Lahore City","03234829409","https://www.google.com/maps?q=31.5420170,74.2730880"
"1003","Karigar","Kite Flying - Trader","G7MC+357, Kot Kamboh Lahore, 54000, Pakistan, Lahore City","Lahore City","03094450040","https://www.google.com/maps?q=31.5326380,74.2704100"
"1004","Babar Trader","Kite Flying - Manufacturer","J8G3+9R6, Shahdara Town, Shahdara, Pakistan, Ravi Town","Ravi Town","03304074152","https://www.google.com/maps?q=31.6257710,74.3047410"
"1005","A.S Kites","Kite Flying - Manufacturer","C9Q8+226, Gulshan Yaseen Colony, Lahore, Pakistan, Nishter Town","Nishter Town","03214231713","https://www.google.com/maps?q=31.4377670,74.3650360"
"1006","Silver kite","Kite Flying - Seller","G8G4+Q92, Samanabad Town, Lahore, 54000, Pakistan, Lahore City","Lahore City","03219418792","https://www.google.com/maps?q=31.5312610,74.2944770"
"1007","Muneer Kite Maker","Kite Flying - Manufacturer","H8WW+686, Kalma Chowk, Chah Miran, Lahore, Pakistan, Ravi Town","Ravi Town","03228016193","https://www.google.com/maps?q=31.5956010,74.3458130"
"1008","Zarar Kite Maker","Kite Flying - Manufacturer","13 Poonch Rd, Islamia Park Lahore, 54000, Pakistan, Lahore City","Lahore City","03270144099","https://www.google.com/maps?q=31.5507190,74.3033510"
"1009","ABDULLAH REHAN SAFE KITE HOUSE","Kite Flying - Manufacturer","H8QW+7FC, Chah Miran Rd, Chah Miran, Lahore, Pakistan, Ravi Town","Ravi Town","03144794778","https://www.google.com/maps?q=31.5881700,74.3462480"
"1010","R&co","Kite Flying - Trader","H8M4+VM3, Data Darbar Rd, Data Gunj Buksh Town, Lahore, 54000, Pakistan, Lahore City","Lahore City","03004142651","https://www.google.com/maps?q=31.5846340,74.3066830"
"1011","GUDU KITE HOUSE","Kite Flying - Seller","SHAHID GUDU Autos Near KOTLAKHPAT Railway Station Bostan Colony, Lahore, Pakistan, Model Town","Model Town","03324897550","https://www.google.com/maps?q=31.4633370,74.3407890"
"1012","Taya Goga & Sons","Kite Flying - Seller","G7VP+MG4, Block A Gulshan-e-Ravi, Lahore, 54000, Pakistan, Lahore City","Lahore City","03218308303","https://www.google.com/maps?q=31.5441810,74.2863370"
"1013","Kite Seller","Kite Flying - Seller","Rasheed Pura Rd, Shahid Park Lahore, Pakistan, Shalimar Town","Shalimar Town","03294416660","https://www.google.com/maps?q=31.5806460,74.3954260"
"1014","SARDAR KITE MAKER-","Kite Flying - Manufacturer","H9R4+H9X, Kot Khawaja Saeed, Lahore, Pakistan, Shalimar Town","Shalimar Town","03244057815","https://www.google.com/maps?q=31.5915780,74.3553010"
"1015","Mohsin Ali","Kite Flying - Manufacturer","H9CJ+58F, Shalimar Link Road, Shalimar Larechs Colony, Lahore, 54840, Pakistan, Shalimar Town","Shalimar Town","03060450273","https://www.google.com/maps?q=31.5705920,74.3804110"
"1016","TK Kites","Kite Flying - Manufacturer","H7M8+475, Hakeem Ghulam Nabi Rd, Lahore, Pakistan, Lahore City","Lahore City","03274523607","https://www.google.com/maps?q=31.5828900,74.2657390"
"1017","Farooq trader","Kite Flying - Manufacturer","H9Q8+MVV, China Scheme, Lahore, 54000, Pakistan, Shalimar Town","Shalimar Town","03278817393","https://www.google.com/maps?q=31.5893400,74.3673050"
"1018","Manufacturing door","Kite Flying - Manufacturer","Abu Sufiyan St, Saeed Park Shahdara Town, Shahdara, Pakistan, Ravi Town","Ravi Town","03014043317","https://www.google.com/maps?q=31.6119430,74.2952570"
"1019","AA Kites","Kite Flying - Seller","H9V6+F9P, Green Belt Rd, Gujjar Pura Kot Khawaja Saeed, Lahore, 54000, Pakistan, Shalimar Town","Shalimar Town","03204861261","https://www.google.com/maps?q=31.5935020,74.3608550"
"1020","Naveed Kite Maker","Kite Flying - Manufacturer","895R+4GX, Sue Asil, Lahore, Pakistan, Nishter Town","Nishter Town","03064008280","https://www.google.com/maps?q=31.3076940,74.3911930"
"1021","Punjab Kite House","Kite Flying - Manufacturer","35, Nargis Block Allama Iqbal Town, Lahore, 54000, Pakistan, Model Town","Model Town","03008672468","https://www.google.com/maps?q=31.5135130,74.2810180"
"1022","Mian Kite House","Kite Flying - Trader","HGRG+249, Bhaman Lahore, Pakistan, Wahgah Town","Wahgah Town","03278834003","https://www.google.com/maps?q=31.5908950,74.5250990"
"1023","Bubeen kits","Kite Flying - Seller","G74H+WQQ, Karim Block Allama Iqbal Town, Lahore, Pakistan, Model Town","Model Town","03224206176","https://www.google.com/maps?q=31.5073360,74.2794790"
"1024","SARDAR KITE SELLER","Kite Flying - Seller","H9R4+H9X, Kot Khawaja Saeed, Lahore, Pakistan, Shalimar Town","Shalimar Town","03244057815","https://www.google.com/maps?q=31.5915780,74.3553030"
"1025","R&co","Kite Flying - Seller","H8M4+VM3, Data Darbar Rd, Data Gunj Buksh Town, Lahore, 54000, Pakistan, Lahore City","Lahore City","03004142651","https://www.google.com/maps?q=31.5846340,74.3066830"
"1026","Mian Kite House","Kite Flying - Seller","G79X+HH4, Pak Block Allama Iqbal Town, Lahore, 54000, Pakistan, Model Town","Model Town","03004745476","https://www.google.com/maps?q=31.5188630,74.2990320"
"1027","R&co","Kite Flying - Manufacturer","H8M4+VM3, Data Darbar Rd, Data Gunj Buksh Town, Lahore, 54000, Pakistan, Lahore City","Lahore City","03004142651","https://www.google.com/maps?q=31.5846340,74.3066830"
"1028","Muhammad Azeem","Kite Flying - Seller","C9X3+JG5, Main Bazar, Muft pura Gul Colony, Lahore, Pakistan, Model Town","Model Town","03215810257","https://www.google.com/maps?q=31.4489690,74.3539010"
"1029","A-S kites house","Kite Flying - Trader","Plot 37, Block R Phase 2 Johar Town, Lahore, Pakistan, Raiwind","Raiwind","03214316767","https://www.google.com/maps?q=31.4601140,74.2716480"
"1030","MIAN KITE HOUSE","Kite Flying - Seller","دھوبی گھاٹ، Sartaj Street, Theri Road, Khan Colony, Lahore, 54000, Pakistan, Shalimar Town","Shalimar Town","03061463032","https://www.google.com/maps?q=31.5861960,74.3980450"
"1031","BISMILLAH KITE MAKER","Kite Flying - Manufacturer","J87J+35 Lahore, Pakistan, Ravi Town","Ravi Town","03158264660","https://www.google.com/maps?q=31.6127340,74.3304920"
"1032","butt book center","Kite Flying - Seller","9 Street 1, Qadri Colony, Walton, Pakistan, Lahore Cantt","Lahore Cantt","03214579335","https://www.google.com/maps?q=31.4849680,74.3686430"
"1033","Mian kite house","Kite Flying - Seller","HC52+V3M, Tajpura Main Rd, Tajpura, Lahore, Pakistan, Shalimar Town","Shalimar Town","03054557003","https://www.google.com/maps?q=31.5597040,74.4001620"
"1034","Ideal kites","Kite Flying - Trader","J8J2+3GJ, Shahdara Town, Shahdara, Pakistan, Ravi Town","Ravi Town","03296248809","https://www.google.com/maps?q=31.6304650,74.3010290"
"1035","Guddi Ghar","Kite Flying - Seller","754-N, Samanabad Town, Lahore, 54000, Pakistan, Lahore City","Lahore City","03238040593","https://www.google.com/maps?q=31.5342680,74.2997230"
"1036","Allah Wasaya Kite & Door Maker & Sellers","Kite Flying - Seller","892X+HGW, Sue Asil, Lahore, Pakistan, Nishter Town","Nishter Town","03214271985","https://www.google.com/maps?q=31.3016450,74.3988270"
"1037","Shah kite house","Kite Flying - Seller","Bazaar Laal khoh، inside Mochi Gate، Kucha Chagtah Walled City of Lahore, Lahore, 54000, Pakistan, Lahore City","Lahore City","03218848815","https://www.google.com/maps?q=31.5777730,74.3220350"
"1038","BILLA KITE HOUSE","Kite Flying - Manufacturer","H87W+MQ4, Street No. 19, Garhi Shahu, Lahore, Pakistan, Shalimar Town","Shalimar Town","03244367709","https://www.google.com/maps?q=31.5641640,74.3469970"
"1039","Patho sha kite house","Kite Flying - Manufacturer","25 Tipu Rd, Block B1 Block B 1 Gulberg III, Lahore, Pakistan, Lahore Cantt","Lahore Cantt","03008080691","https://www.google.com/maps?q=31.5163300,74.3547200"
"1040","AQ flyers","Kite Flying - Manufacturer","J8H3+HR5, Qaiser Town-Shahdara Town Rd, Shahdara Town, Shahdara, Pakistan, Ravi Town","Ravi Town","03084543742","https://www.google.com/maps?q=31.6290280,74.3045300"
"1041","Lala kite maker","Kite Flying - Seller","J8G4+RM4, Shahdara Town, Shahdara, Pakistan, Ravi Town","Ravi Town","03214917995","https://www.google.com/maps?q=31.6277100,74.3065880"
"1042","Iftikhar Auto","Kite Flying - Seller","246, Block A1 Gulberg III, Lahore, 54660, Pakistan, Lahore Cantt","Lahore Cantt","03214137355","https://www.google.com/maps?q=31.5140760,74.3579410"
"1043","Rental Vehicles and Property Advisor","Kite Flying - Seller","Main Maulana Shaukat Ali Rd, Sector B-1 Block 1 Sector B 1 Lahore, 54770, Pakistan, Model Town","Model Town","03044368893","https://www.google.com/maps?q=31.4654080,74.3120590"
"1044","Hashim Kites","Kite Flying - Seller","HFQ2+VQ3, Al-Kareem Garden St, Tamhara Kot Pind, Lahore, Pakistan, Wahgah Town","Wahgah Town","03214115434","https://www.google.com/maps?q=31.5898090,74.4519110"
"1045","MS Kite Seller","Kite Flying - Manufacturer","HC52+V3M, Tajpura Main Rd, Tajpura, Lahore, Pakistan, Shalimar Town","Shalimar Town","03078825864","https://www.google.com/maps?q=31.5597040,74.4001620"
"1046","Mubshear bhati kites house","Kite Flying - Seller","H8HC+49Q, Mochi Gate Walled City of Lahore, Lahore, 54000, Pakistan, Lahore City","Lahore City","03249478351","https://www.google.com/maps?q=31.5775800,74.3210260"
"1047","Shah kite house","Kite Flying - Trader","Bazaar Laal khoh، inside Mochi Gate، Kucha Chagtah Walled City of Lahore, Lahore, 54000, Pakistan, Lahore City","Lahore City","03218848815","https://www.google.com/maps?q=31.5777730,74.3220350"
"1048","Noni kite center","Kite Flying - Seller","H9FM+QW2, Sahowari Rd, Sahowari Ramgarh, Lahore, Pakistan, Shalimar Town","Shalimar Town","03000999929","https://www.google.com/maps?q=31.5743830,74.3847830"
"1049","MU Traders","Kite Flying - Manufacturer","House no 47,st no 4, BiBi Ahatah, Mohalla Sadaat Chah Miran, Lahore, Pakistan, Ravi Town","Ravi Town","03004419256","https://www.google.com/maps?q=31.5855970,74.3443590"
"1050","RS Enterprises","Kite Flying - Manufacturer","FC2F+V96, Kamahan - Lidher Rd, Kirian Wala, Kirianwala, Pakistan, Lahore Saddar","Lahore Saddar","03000400025","https://www.google.com/maps?q=31.4521650,74.4233930"
"1051","Bala kite maker","Kite Flying - Manufacturer","Al-Mumtaz Rd, near buns road station, Samanabad Town, Lahore, 54000, Pakistan, Lahore City","Lahore City","03004405466","https://www.google.com/maps?q=31.5304970,74.2925830"
"1052","DATTA KITE MANUFACTURING","Kite Flying - Manufacturer","F86G+4GW, Pindi Rajputan Kot Lakhpat, Lahore, Pakistan, Model Town","Model Town","03258687889","https://www.google.com/maps?q=31.4606200,74.3265320"
"1053","Jalal Sons Consultants","Kite Flying - Trader","Street No. 12 F-Block Youhanabad Ferozepur Road Lahore, Nishter Town","Nishter Town","03008381880","https://www.google.com/maps?q=31.4115340,74.3638301"
"1054","Nabeel Kites","Kite Flying - Seller","F57P+VF8, River Edge Housing Scheme Park View, Lahore, Pakistan, Allama Iqbal","Allama Iqbal","03070043656","https://www.google.com/maps?q=31.4637200,74.1865270"
"1055","Azhar kite seller","Kite Flying - Seller","H7P4+4XF, Lahore, Pakistan, Ravi Town","Ravi Town","03244700362","https://www.google.com/maps?q=31.5852890,74.2563660"
"1056","SHAHZAD ZAHID KITE MAKER","Kite Flying - Manufacturer","H8JF+P74, Gali Dhobian, Chota Mufti Baqar Walled City of Lahore, Lahore, 54000, Pakistan, Lahore City","Lahore City","03218514686","https://www.google.com/maps?q=31.5816340,74.3230610"
"1057","MU & Co.","Kite Flying - Seller","H8PV+8J4, Rehmania Masjid St, Chah Miran, Lahore, Pakistan, Ravi Town","Ravi Town","03004419256","https://www.google.com/maps?q=31.5856340,74.3443800"
"1058","Faisal kites","Kite Flying - Manufacturer","HCW3+H8V Panj peer darbar alam town, Shadi Pura Wahga Town, Lahore, Pakistan, Shalimar Town","Shalimar Town","03078711567","https://www.google.com/maps?q=31.5965040,74.4032930"
"1059","Nabeel Kites","Kite Flying - Manufacturer","F57P+VF8, River Edge Housing Scheme Park View, Lahore, Pakistan, Allama Iqbal","Allama Iqbal","03070043656","https://www.google.com/maps?q=31.4637350,74.1865120"
"1060","Sarwar Kite","Kite Flying - Manufacturer","F8CR+78J, Bahar Colony Lahore, Pakistan, Model Town","Model Town","03212616891","https://www.google.com/maps?q=31.4706870,74.3403820"
"1061","Burhan toys","Kite Flying - Seller","Bazaar Laal khoh، inside Mochi Gate، Kucha Chagtah Walled City of Lahore, Lahore, 54000, Pakistan, Lahore City","Lahore City","03234589949","https://www.google.com/maps?q=31.5777730,74.3220350"
"1062","Bala kite house","Kite Flying - Seller","Al-Mumtaz Rd, near buns road station, Samanabad Town, Lahore, 54000, Pakistan, Lahore City","Lahore City","03004405466","https://www.google.com/maps?q=31.5304970,74.2925830"
"1063","Awais Butt kite maker","Kite Flying - Manufacturer","H8PV+XRG, Chah Miran, Lahore, Pakistan, Ravi Town","Ravi Town","03325259172","https://www.google.com/maps?q=31.5876560,74.3443830"
"1064","Well done traders","Kite Flying - Manufacturer","J7GX+8WP, Haq Bahu Rd, Shahdara Town, Lahore, Pakistan, Ravi Town","Ravi Town","03214316296","https://www.google.com/maps?q=31.6257160,74.2999110"
"1065","Zeshan trader","Kite Flying - Seller","J76C+79X, Shahdara, Pakistan, Ravi Town","Ravi Town","03146424800","https://www.google.com/maps?q=31.6107370,74.2709840"
"1066","Atif Sports","Kite Flying - Seller","225, Township Block 1 Sector D1 Lahore, Pakistan, Model Town","Model Town","03078866775","https://www.google.com/maps?q=31.4433910,74.3061150"
"1067","Umer kite house","Kite Flying - Seller","H828+X3G, Mozang Chungi, Lahore, 54000, Pakistan, Lahore City","Lahore City","03228002965","https://www.google.com/maps?q=31.5524220,74.3151500"
"1068","Malik firm","Kite Flying - Seller","Ravi Rd, Data Gunj Buksh Town, Lahore, Pakistan, Lahore City","Lahore City","03164057966","https://www.google.com/maps?q=31.5903810,74.3062820"
"1069","Saqib karyana store","Kite Flying - Seller","Shop no.380 street no.17, near lesco office, R A Bazaar Cantt, Lahore, Pakistan, Lahore Cantt","Lahore Cantt","03043954203","https://www.google.com/maps?q=31.5029640,74.3839050"
"1070","Ali Kite","Kite Flying - Manufacturer","F8CJ+M8C, Model Town Extension Block Q Flats Model Town, Lahore, Pakistan, Model Town","Model Town","03219426705","https://www.google.com/maps?q=31.4717140,74.3308620"
"1071","Shaker kites","Kite Flying - Manufacturer","J7QR+WW2, Shahdara Town, Shahdara, Pakistan, Ravi Town","Ravi Town","03004037611","https://www.google.com/maps?q=31.6398370,74.2924230"
"1072","BILLA KITE HOUSE","Kite Flying - Seller","6 Sarmad Street No. 6, Garhi Shahu, Lahore, Pakistan, Shalimar Town","Shalimar Town","03244367709","https://www.google.com/maps?q=31.5645870,74.3464670"
"1073","Khan Sons Bakery","Kite Flying - Seller","120 Abdali Rd, Krishan Nagar, Lahore, 54000, Pakistan, Lahore City","Lahore City","03082406095","https://www.google.com/maps?q=31.5640000,74.2900000"
"1074","R & M KITE SHOP","Kite Flying - Seller","H8GC+GGQ, Circular Rd, Mochi Gate Walled City of Lahore, Lahore, 54000, Pakistan, Lahore City","Lahore City","03298863024","https://www.google.com/maps?q=31.5762850,74.3213640"
"1075","Azad Khan Seller","Kite Flying - Manufacturer","ahata workshop phatik no.8 shahdra railway station, lahore, 1 Station Rd, Seraj Park Shahdara Town, Shahdara, 54600, Pakistan, Ravi Town","Ravi Town","03204084956","https://www.google.com/maps?q=31.6290620,74.2896730"
"1076","ASIF KITE MAKER","Kite Flying - Manufacturer","H75P+4HW, Sanda Lahore, 54000, Pakistan, Lahore City","Lahore City","03084634910","https://www.google.com/maps?q=31.5578820,74.2864010"
"1077","Nasir Kite Traders","Kite Flying - Seller","3 Sehar Road, Singhpura, Lahore, 54000, Pakistan, Shalimar Town","Shalimar Town","03004344608, 03004179807","https://www.google.com/maps?q=31.5795830,74.3751230"
"1078","Murad kite house","Kite Flying - Seller","Laal khoo near Rafiq sweet mochi gate lahore, Lahore City","Lahore City","03224178472","https://www.google.com/maps?q=31.5781940,74.3221950"
"1079","BHOLA KITE MAKER","Kite Flying - Manufacturer","H77H+765, Ring Road, Lahore, 54000, Pakistan, Lahore City","Lahore City","03244710856","https://www.google.com/maps?q=31.5629740,74.2782530"
"1080","Sajjad kite store","Kite Flying - Seller","G726+75M, Kausar Block Jinnah Block Kakazai, Lahore, Pakistan, Allama Iqbal","Allama Iqbal","03004740525","https://www.google.com/maps?q=31.5007720,74.2604490"
"1081","Ijaz kite saller","Kite Flying - Seller","C9X8+4GR, Sitara Colony, Lahore, Pakistan, Model Town","Model Town","03000624080","https://www.google.com/maps?q=31.4478890,74.3661670"
"1082","Axe sports Lahore","Kite Flying - Seller","STREET # 2 Bedian Rd, Nadirabad Lahore, 51000, Pakistan, Lahore Cantt","Lahore Cantt","03244914100","https://www.google.com/maps?q=31.4938280,74.4058860"
"1083","Nadeem Kite Maker","Kite Flying - Manufacturer","H74R+7MF, Zubair Road, Sham Nagar Sanda, Lahore, 54000, Pakistan, Lahore City","Lahore City","03214742293","https://www.google.com/maps?q=31.5556460,74.2917340"
"1084","Abdul Kites","Kite Flying - Seller","H9GX+X8W, Wali Park Rd, Tauheed Park, Lahore, Pakistan, Shalimar Town","Shalimar Town","03229542557","https://www.google.com/maps?q=31.5773770,74.3982280"
"1085","kite flying","Kite Flying - Manufacturer","33a Nisbat Rd, Anarkali Bazaar Lahore, 54000, Pakistan, Shalimar Town","Shalimar Town","03074851696","https://www.google.com/maps?q=31.5699660,74.3203430"
"1086","SHEIKH KITE HOUSE","Kite Flying - Seller","G8R6+P5M, Rasool Park Lahore, 54000, Pakistan, Model Town","Model Town","03014177518","https://www.google.com/maps?q=31.5415890,74.3102230"
"1087","Noman kites","Kite Flying - Seller","Lane 5 alnoor town walton road lhr cantt, Model Town","Model Town","03064405054","https://www.google.com/maps?q=31.4771720,74.3574080"
"1088","Nadeem Kite Maker","Kite Flying - Trader","H74R+7MF, Zubair Road, Sham Nagar Sanda, Lahore, 54000, Pakistan, Lahore City","Lahore City","03214742293","https://www.google.com/maps?q=31.5556460,74.2917340"
"1089","Challenge Kite Center","Kite Flying - Seller","H88J+45M, Abdul Karim Rd, Qila Gujjar Singh, Lahore, 54000, Pakistan, Shalimar Town","Shalimar Town","03228423440","https://www.google.com/maps?q=31.5653870,74.3304770"
"1090","MU kite","Kite Flying - Manufacturer","G986+MG8, Cantt, Lahore, Pakistan, Lahore Cantt","Lahore Cantt","03034041655","https://www.google.com/maps?q=31.5166340,74.3607880"
"1091","PK Kites","Kite Flying - Manufacturer","H# 59-F St. 62, Shahdara Town, Shahdara, Pakistan, Ravi Town","Ravi Town","03431112132","https://www.google.com/maps?q=31.6359640,74.2804850"
"1092","BISMILLAH KITE MAKER","Kite Flying - Manufacturer","J87J+36 Lahore, Pakistan, Ravi Town","Ravi Town","03004893251","https://www.google.com/maps?q=31.6127050,74.3305600"
"1093","Qosam stationary and kites","Kite Flying - Seller","GCHP+GFX, Bao Wala Barki Rd, Baoo Wala Block J Park View CHS, Lahore, Pakistan, Lahore Cantt","Lahore Cantt","03224902757","https://www.google.com/maps?q=31.5288580,74.4362800"
"1094","Shoqi guddu faroos","Kite Flying - Seller","Labbaik Rd, Baghbanpura, Lahore, 54000, Pakistan, Shalimar Town","Shalimar Town","03084823485","https://www.google.com/maps?q=31.5870480,74.3724410"
"1095","Jin baba kites","Kite Flying - Seller","J799+5MJ, Begum Kot Shahdara Town, Shahdara, Pakistan, Ravi Town","Ravi Town","03235926009","https://www.google.com/maps?q=31.6179290,74.2690670"
"1096","Adnan kites","Kite Flying - Seller","99J8+56X, Kahna Nau, Kahna, Pakistan, Nishter Town","Nishter Town","03014892744","https://www.google.com/maps?q=31.3805530,74.3655450"
"1097","Ibrahim kite house","Kite Flying - Manufacturer","H845+9VM, Bahawal Sher Road, Muslim Gunj Mozang Chungi, Lahore, 54000, Pakistan, Lahore City","Lahore City","03054337104","https://www.google.com/maps?q=31.5560080,74.3094270"
"1098","Javed Kite Maker","Kite Flying - Manufacturer","H9X6+RPW, China Scheme, Lahore, Pakistan, Shalimar Town","Shalimar Town","03228061455","https://www.google.com/maps?q=31.6000280,74.3619840"
"1099","Afaq kite saler","Kite Flying - Seller","G759+F3 Lahore, Pakistan, Lahore City","Lahore City","03078033336","https://www.google.com/maps?q=31.5087200,74.2676750"
"1100","Ibrahim kite house","Kite Flying - Seller","H845+9VM, Bahawal Sher Rd, Muslim Gunj Mozang Chungi, Lahore, 54000, Pakistan, Lahore City","Lahore City","03054337104","https://www.google.com/maps?q=31.5560380,74.3091290"
"1101","Qasim Store","Kite Flying - Seller","8 Butt St, near UMT Hostels for boys, Mustafa Town, Lahore, 54700, Pakistan, Allama Iqbal","Allama Iqbal","03054084350","https://www.google.com/maps?q=31.4923820,74.2689700"
"1102","Lahore Kite Zone","Kite Flying - Seller","Plot 1, Block C Pia Housing Scheme, Lahore, 54770, Pakistan, Allama Iqbal","Allama Iqbal","03214731858","https://www.google.com/maps?q=31.4516040,74.2814880"
"1103","Professor","Kite Flying - Seller","F844+32X, Township Block 3 Sector B 2 Lahore, 54770, Pakistan, Model Town","Model Town","03214175911","https://www.google.com/maps?q=31.4553790,74.3050220"
"1104","Basnat Bazaar","Kite Flying - Seller","F8RM+H28, Block B Model Town, Lahore, Pakistan, Model Town","Model Town","03338162226","https://www.google.com/maps?q=31.4914800,74.3325470"
"1105","Metro Lahore Kites","Kite Flying - Trader","164 Street 16, WAPDA Town Block J 2 Wapda Town Phase 1 Lahore, Pakistan, Model Town","Model Town","03262577882","https://www.google.com/maps?q=31.4252470,74.2637140"
"1106","Metro Lahore Kites","Kite Flying - Seller","164 Street 16, WAPDA Town Block J 2 Wapda Town Phase 1 Lahore, Pakistan, Model Town","Model Town","03262577882","https://www.google.com/maps?q=31.4252470,74.2637140"
"1107","Metro Lahore Kites","Kite Flying - Manufacturer","164 Street 16, WAPDA Town Block J 2 Wapda Town Phase 1 Lahore, Pakistan, Model Town","Model Town","03262577882","https://www.google.com/maps?q=31.4252470,74.2637140"
"1108","Bismillah kite Maker","Kite Flying - Manufacturer","20 Hazrat Hashim Shah St, Chah Miran, Lahore, Pakistan, Ravi Town","Ravi Town","03009635804","https://www.google.com/maps?q=31.5886100,74.3381790"
"1109","SS Electronics","Kite Flying - Seller","H.No165/7,st no 10. New Shalimar colony Gulshan Ravi Multan road Lahore, Lahore City","Lahore City","03224837772","https://www.google.com/maps?q=31.5403330,74.2813350"
"1110","TS Manufacturer","Kite Flying - Manufacturer","H9XW+3H7, Dilshad St, Daroghe Wala, Lahore, Pakistan, Shalimar Town","Shalimar Town","03286931960","https://www.google.com/maps?q=31.5975950,74.3963270"
"1111","BISMILLAH KITE MAKER","Kite Flying - Manufacturer","J87J+36 Lahore, Pakistan, Ravi Town","Ravi Town","03170450281","https://www.google.com/maps?q=31.6127370,74.3305120"
"1112","Max Kite","Kite Flying - Manufacturer","H7M8+HWH, Lahore, Pakistan, Lahore City","Lahore City","03244214324","https://www.google.com/maps?q=31.5832630,74.2672030"
"1113","Bismillah kite Maker","Kite Flying - Manufacturer","20 Hazrat Hashim Shah St, Chah Miran, Lahore, Pakistan, Ravi Town","Ravi Town","03009635804","https://www.google.com/maps?q=31.5885980,74.3381900"
"1114","Vicky enterprises","Kite Flying - Seller","F9F8+JJ7, Al Noor Town, Lahore, Pakistan, Model Town","Model Town","03231428636","https://www.google.com/maps?q=31.4740000,74.3663030"
"1115","Shan Kite Center","Kite Flying - Seller","Plot 165, Maraghzar Colony Block C Marghzar Housing Scheme, Lahore, Pakistan, Allama Iqbal","Allama Iqbal","03070487707","https://www.google.com/maps?q=31.5050490,74.2477610"
"1116","Janu Kite Shop","Kite Flying - Manufacturer","8639+CV, Pajian, Lahore, Pakistan, Raiwind","Raiwind","03244904142","https://www.google.com/maps?q=31.3037970,74.2194960"
"1117","KITE MASTER","Kite Flying - Seller","H9G9+PGG, Wheatmen Rd, Singhpura, Lahore, 54840, Pakistan, Shalimar Town","Shalimar Town","03000999000","https://www.google.com/maps?q=31.5767120,74.3694930"
"1118","Ahmad","Kite Flying - Seller","Badshahi Mosque, Badshahi Mosque, Fort Rd, Walled City of Lahore, Lahore, 54000, Pakistan, Lahore City","Lahore City","03224942372","https://www.google.com/maps?q=31.5879680,74.3094210"
"1119","Book center","Kite Flying - Seller","Shanghai Brg, Muft pura Gul Colony, Lahore, Pakistan, Model Town","Model Town","03224991844","https://www.google.com/maps?q=31.4490970,74.3539430"
"1120","Bismillah kite Maker 1","Kite Flying - Manufacturer","20 Hazrat Hashim Shah St, Chah Miran, Lahore, Pakistan, Ravi Town","Ravi Town","03027344654","https://www.google.com/maps?q=31.5886190,74.3381850"
"1121","No","Kite Flying - Seller","J75H+MWX, Bara Dari Rd, Shahdara Town, Shahdara, Pakistan, Ravi Town","Ravi Town","03076651439","https://www.google.com/maps?q=31.6092260,74.2798480"
"1122","Taya Goga & Sons","Kite Flying - Manufacturer","G7VM+MCR, Baba Iqbal St, Manzoor Park, Lahore, 54000, Pakistan, Lahore City","Lahore City","03004271699","https://www.google.com/maps?q=31.5441808,74.2837617"
"1123","TK Kites","Kite Flying - Seller","H7M9+G4X, Sagian Wala Bypass Rd, Alhamad Colony Lahore, Pakistan, Lahore City","Lahore City","03274523607","https://www.google.com/maps?q=31.5836100,74.2679970"
"1124","Azad Khan","Kite Flying - Seller","ahata workshop phatik no.8 shahdra railway station, lahore, 1 Station Rd, Seraj Park Shahdara Town, Shahdara, 54600, Pakistan, Ravi Town","Ravi Town","03204084956","https://www.google.com/maps?q=31.6289910,74.2896620"
"1125","Bismillah kite Maker 2","Kite Flying - Manufacturer","20 Hazrat Hashim Shah St, Chah Miran, Lahore, Pakistan, Ravi Town","Ravi Town","03009635804","https://www.google.com/maps?q=31.5886060,74.3381790"
"1126","Huda Cash & Carry","Kite Flying - Seller","HFPV+R2 Lahore, Pakistan, Shalimar Town","Shalimar Town","03300000049","https://www.google.com/maps?q=31.5870120,74.4925020"
"1127","AQ flyer","Kite Flying - Seller","J8H3+5J2, Ghoray Shah Rd, Shahdara Town, Lahore, Pakistan, Ravi Town","Ravi Town","03084543742","https://www.google.com/maps?q=31.6278420,74.3039790"
"1128","Tariq Kite House","Kite Flying - Seller","H8GC+MHG, Circular Rd, Mochi Gate Walled City of Lahore, Lahore, 54000, Pakistan, Lahore City","Lahore City","03214386135","https://www.google.com/maps?q=31.5768000,74.3215720"
"1129","Zahid Kites Seller","Kite Flying - Seller","H9PG+X5X, Shalimar College Rd, Baghbanpura, Lahore, 54000, Pakistan, Shalimar Town","Shalimar Town","03244334505","https://www.google.com/maps?q=31.5875220,74.3754670"
"1130","Jamshaid","Kite Flying - Seller","31.579826, 74.326263 Circular Rd, near HBL Bank, Mochi Gate Walled City of Lahore, Lahore, 54000, Pakistan, Lahore City","Lahore City","03244924009","https://www.google.com/maps?q=31.5763470,74.3219540"
"1131","Bhai Jan Kite House","Kite Flying - Manufacturer","H9V3+9G4, Kot Khawaja Saeed, Lahore, Pakistan, Shalimar Town","Shalimar Town","03204703181","https://www.google.com/maps?q=31.5933960,74.3540270"
"1132","Rasheed Gudi Maker","Kite Flying - Manufacturer","21km Ferozpur Rd, Khayaban-e-Kareem, Lahore, Pakistan, Nishter Town","Nishter Town","03079943014","https://www.google.com/maps?q=31.4191160,74.3615540"
"1133","SE enterprises","Kite Flying - Manufacturer","278 A QPS Rd, Block 2 Sector C-1 Block 2 Twp Sector C 1 Lahore, 54770, Pakistan, Model Town","Model Town","03356789015","https://www.google.com/maps?q=31.4497650,74.3012520"
"1134","M.c Malik collection","Kite Flying - Seller","Awami Market Chowk Madina, H9MF+6J8, Baghbanpura, Lahore, 54000, Pakistan, Shalimar Town","Shalimar Town","03086661201","https://www.google.com/maps?q=31.5830330,74.3740810"
"1135","King kite house","Kite Flying - Seller","G7PJ+P2H, Al-Khayam Rd, Shera Kot Lahore, 54000, Pakistan, Lahore City","Lahore City","03008183322","https://www.google.com/maps?q=31.5370790,74.2803180"
"1136","Sadaqat Ali Kite Club","Kite Flying - Manufacturer","H9HV+6GV, Nabi Pura, Lahore, Pakistan, Shalimar Town","Shalimar Town","03186492032","https://www.google.com/maps?q=31.5781270,74.3937780"
"1137","SE enterprises","Kite Flying - Seller","278 A QPS Rd, Block 2 Sector C-1 Block 2 Twp Sector C 1 Lahore, 54770, Pakistan, Model Town","Model Town","03356789015","https://www.google.com/maps?q=31.4497920,74.3011940"
"1138","Haseeb Copy Store","Kite Flying - Seller","G7RR+GF4, New Shalimar Rd, Ghulam Nabi Colony, Lahore, 54000, Pakistan, Lahore City","Lahore City","03054824205","https://www.google.com/maps?q=31.5412770,74.2913560"
"1139","Hameed kite house","Kite Flying - Manufacturer","H9MF+55J, near Nagina chowk, pakistani bazar Baghbanpura, Lahore, 54000, Pakistan, Shalimar Town","Shalimar Town","03035869277","https://www.google.com/maps?q=31.5829590,74.3728580"
"1140","Amir Bashir Kite Flaying","Kite Flying - Seller","G9C5+Q9M, Hall Rd, Jinnah Park Garhi Shahu, Lahore, 54000, Pakistan, Lahore City","Lahore City","03004429558","https://www.google.com/maps?q=31.5220370,74.3584100"
"1141","Malik HOU Kite","Kite Flying - Seller","H8W3+274, Ravi Park, Lahore, Pakistan, Lahore City","Lahore City","03204410180","https://www.google.com/maps?q=31.5949610,74.3030240"
"1142","Imran Kite Maker","Kite Flying - Manufacturer","21km Ferozpur Rd, Khayaban-e-Kareem, Lahore, Pakistan, Nishter Town","Nishter Town","03428676538","https://www.google.com/maps?q=31.4191160,74.3615540"
"1143","-","Kite Flying - Manufacturer","G8J3+C8G, Ghazali Rd, Samanabad Town, Lahore, 54000, Pakistan, Model Town","Model Town","03114777707","https://www.google.com/maps?q=31.5311090,74.3034590"
"1144","BISMILLAH KITE MAKER","Kite Flying - Manufacturer","102 Babar Rd, Mughalpura Shalimar Larechs Colony, Lahore, 54840, Pakistan, Shalimar Town","Shalimar Town","03145064477","https://www.google.com/maps?q=31.5656300,74.3765240"
"1145","Ittefaq kite house","Kite Flying - Trader","Qurban Lines Rd, Iqbal Colony Lahore, Pakistan, Model Town","Model Town","03104121201","https://www.google.com/maps?q=31.5322050,74.3604350"
"1146","Aurangzaib & son's","Kite Flying - Seller","Justice Iftikhar Chaudhry Complex, 15 Fane Rd, Mozang Chungi, Lahore, 54000, Pakistan, Lahore City","Lahore City","03004322940","https://www.google.com/maps?q=31.5617620,74.3147400"
"1147","Naqshbandi mobile center","Kite Flying - Seller","F76V+986, Main Bazar, Ajudhiapur Block B 3 Phase 1 Johar Town, Lahore, 54770, Pakistan, Model Town","Model Town","03084660998","https://www.google.com/maps?q=31.4609130,74.2932190"
"1148","Haseeb Kites","Kite Flying - Seller","F965+6F9, Gul Colony, Lahore, Pakistan, Model Town","Model Town","03044171844","https://www.google.com/maps?q=31.4606990,74.3588520"
"1149","MS phone centre","Kite Flying - Manufacturer","C964+Q2P, Glaxo Town, Lahore, Pakistan, Nishter Town","Nishter Town","03024763078","https://www.google.com/maps?q=31.4119500,74.3551130"
"1150","Khokhar Kite-X","Kite Flying - Manufacturer","F957+595, Punjab Society Main Rd, near malmo bakers, Shoukat Town Nishtar Town, Lahore, Pakistan, Model Town","Model Town","03228980802","https://www.google.com/maps?q=31.4579010,74.3635310"
"1151","Sajjad kites","Kite Flying - Seller","G9X5+49H, Mian Mir Pind, Lahore, Pakistan, Lahore Cantt","Lahore Cantt","03234802850","https://www.google.com/maps?q=31.5477980,74.3584570"
"1152","AYAN KITE MAKER","Kite Flying - Manufacturer","H9GW+C8V, Gulshan Farooq Scheme, Lahore, 54840, Pakistan, Shalimar Town","Shalimar Town","03224484312","https://www.google.com/maps?q=31.5755070,74.3960510"
"1153","MUSA KITE HOUSE","Kite Flying - Manufacturer","Kot Khawaja Saeed Rd, Bhogiwal Kot Khawaja Saeed, Lahore, Pakistan, Shalimar Town","Shalimar Town","03228008920","https://www.google.com/maps?q=31.5863790,74.3566550"
"1154","Haseeb Kites","Kite Flying - Manufacturer","F965+6F9, Gul Colony, Lahore, Pakistan, Model Town","Model Town","03044171844","https://www.google.com/maps?q=31.4606990,74.3588520"
"1155","Shah Husain Kite","Kite Flying - Trader","H9MC+H93, Street No. 56, Baghbanpura, Lahore, 54000, Pakistan, Shalimar Town","Shalimar Town","03259859737","https://www.google.com/maps?q=31.5839450,74.3711140"
"1156","Huda Cash & Carry","Kite Flying - Seller","HFPR+WW3, Bata Officers Colony, Lahore, Pakistan, Wahgah Town","Wahgah Town","03335200066","https://www.google.com/maps?q=31.5870890,74.4924930"
"1157","Haseeb Kites","Kite Flying - Trader","F965+6F9, Gul Colony, Lahore, Pakistan, Model Town","Model Town","03044171844","https://www.google.com/maps?q=31.4606990,74.3588520"
"1158","Golden Kite House","Kite Flying - Manufacturer","132 Temple Rd, Mozang Chungi, Lahore, 54000, Pakistan, Lahore City","Lahore City","03234189425","https://www.google.com/maps?q=31.5518170,74.3154720"
"1159","Kite Labargula","Kite Flying - Manufacturer","C969+72J, Church Rd, Youhanabad, Lahore, Pakistan, Nishter Town","Nishter Town","03064094949","https://www.google.com/maps?q=31.4106320,74.3672410"
"1160","Alkaram Association","Kite Flying - Trader","G7QG+HV3, Jaffaria Colony Shera Kot, Lahore, 54000, Pakistan, Lahore City","Lahore City","03334260501","https://www.google.com/maps?q=31.5387070,74.2773250"
"1161","S S kite maker m a k e r","Kite Flying - Manufacturer","J7FM+3R6, Shahdara Town, Lahore, Pakistan, Ravi Town","Ravi Town","03245500371","https://www.google.com/maps?q=31.6230900,74.2843780"
"1162","GA kites shop","Kite Flying - Seller","Shop No, 3/A Wahdat Rd, Waris Colony Lahore, Pakistan, Allama Iqbal","Allama Iqbal","03134228580","https://www.google.com/maps?q=31.4962300,74.2660600"
"1163","Hamdan Kite Flying","Kite Flying - Seller","Plot 178, Block F Punjab CHS, Lahore, Pakistan, Model Town","Model Town","03214709994","https://www.google.com/maps?q=31.4546160,74.3650400"
"1164","Mani traader","Kite Flying - Seller","J7JG+5WX, Aziz Colony Shahdara Town, Lahore, Pakistan, Ravi Town","Ravi Town","03204841218","https://www.google.com/maps?q=31.6304740,74.2773410"
"1165","S.Book Spot","Kite Flying - Seller","S.Book Spot, Business arcade, Defence chowk, near khan tower, Walton road, Lahore Can't., Lahore Cantt","Lahore Cantt","03334756338","https://www.google.com/maps?q=31.4789000,74.3591000"
"1166","Muneer Kite Maker","Kite Flying - Seller","H8WW+686, Kalma Chowk, Chah Miran, Lahore, Pakistan, Ravi Town","Ravi Town","03228016193","https://www.google.com/maps?q=31.5955830,74.3457490"
"1167","irfan nazami","Kite Flying - Seller","Bhati Chowk Station, H8J4+4JG, Kucha Faqirkhana Walled City of Lahore, Lahore, 54000, Pakistan, Lahore City","Lahore City","03204504896","https://www.google.com/maps?q=31.5802780,74.3065550"
"1168","ABC KITES","Kite Flying - Seller","C946+F43, Lahore – Kasur Rd, Asif Town, Lahore, Pakistan, Nishter Town","Nishter Town","03006829461","https://www.google.com/maps?q=31.4060530,74.3603360"
"1169","Safe Kite Store","Kite Flying - Seller","House no 70 Street 3 Qaddafi Road Mustafabad, Lahore, Pakistan, Lahore Cantt","Lahore Cantt","03110010146","https://www.google.com/maps?q=31.5548860,74.3664520"
"1170","Pracha kite","Kite Flying - Seller","Plot 360, Sabzazar Block F Sabzazar Housing Scheme Phase 1 & 2 Lahore, Pakistan, Lahore City","Lahore City","03244208401","https://www.google.com/maps?q=31.5228190,74.2612750"
"1171","Arslan Traders","Kite Flying - Seller","H9C2+M4X, Railway Colony, Lahore, Pakistan, Shalimar Town","Shalimar Town","03204093472","https://www.google.com/maps?q=31.5731240,74.3493880"
"1172","Inam Gudi Farosh","Kite Flying - Seller","H9HQ+3GM, Kotli Abdur Rahman Nabi Pura, Lahore, Pakistan, Shalimar Town","Shalimar Town","03064955634","https://www.google.com/maps?q=31.5776950,74.3887710"
"1173","SA Traders","Kite Flying - Seller","997C+V3Q, Kahna Nau, Kahna, Pakistan, Nishter Town","Nishter Town","03228082962","https://www.google.com/maps?q=31.3649150,74.3700340"
"1174","Waheed kite house","Kite Flying - Manufacturer","zahid street, House no 4, street no 2 Sanda Rd, Sanda Lahore, 54000, Pakistan, Lahore City","Lahore City","03707049397","https://www.google.com/maps?q=31.5621760,74.2856410"
"1175","mian shazad","Kite Flying - Seller","33, Block N Gulberg III, Lahore, Pakistan, Model Town","Model Town","03061320210","https://www.google.com/maps?q=31.5216350,74.3580670"
"1176","Inam Gudi Maker","Kite Flying - Manufacturer","H9HQ+3GM, Kotli Abdur Rahman Nabi Pura, Lahore, Pakistan, Shalimar Town","Shalimar Town","03064955634","https://www.google.com/maps?q=31.5776950,74.3887710"
"1177","Malik Soyyan Taredrs","Kite Flying - Trader","Street Number 171, Madina Colony Baghbanpura, Lahore, Pakistan, Shalimar Town","Shalimar Town","03009407773","https://www.google.com/maps?q=31.5920510,74.3808420"
"1178","Rasheed kite store","Kite Flying - Seller","9979+FM3, Kahna Nau, Kahna, Pakistan, Nishter Town","Nishter Town","03238662569","https://www.google.com/maps?q=31.3639550,74.3688540"
"1179","Punjab kite House","Kite Flying - Trader","FC5R+C79, Bedian Rd, Rehman Pura Lidher, Lahore, Pakistan, Lahore Saddar","Lahore Saddar","03124236100","https://www.google.com/maps?q=31.4584750,74.4406870"
"1180","EBAAD KITE STORE","Kite Flying - Trader","57 Gulberg Rd, Millat Colony, Lahore, Pakistan, Model Town","Model Town","03045499925","https://www.google.com/maps?q=31.5292130,74.3594080"
"1181","Tuqeer Gudi Maker","Kite Flying - Seller","H9HQ+3GM, Kotli Abdur Rahman Nabi Pura, Lahore, Pakistan, Shalimar Town","Shalimar Town","03249376791","https://www.google.com/maps?q=31.5776950,74.3887710"
"1182","LAHORI KITES","Kite Flying - Seller","F772+W2C, Shan Bhatti Rd, Block K Ali Town, Lahore, Pakistan, Allama Iqbal","Allama Iqbal","03224609232","https://www.google.com/maps?q=31.4648080,74.2499990"
"1183","MUHAMMAD ILYAS KITE MANUFACTURER","Kite Flying - Manufacturer","J7JJ+7Q5, Shahdara Town, Shahdara, Pakistan, Ravi Town","Ravi Town","03161640066","https://www.google.com/maps?q=31.6306470,74.2818250"
"1184","Shahbaz Kite House","Kite Flying - Seller","H9HG+596, Jehangir St, Singhpura, Lahore, 54840, Pakistan, Shalimar Town","Shalimar Town","03454288122","https://www.google.com/maps?q=31.5778670,74.3759120"
"1185","FR Kite Culb","Kite Flying - Trader","F9R5+QH9, Madina Colony, Lahore, Pakistan, Shalimar Town","Shalimar Town","03226069555","https://www.google.com/maps?q=31.4922460,74.3586780"
"1186","Hamza traiders","Kite Flying - Manufacturer","Muslimabad Street 2،, Railway Rd, Gawalmandi, Lahore, 54000, Pakistan, Shalimar Town","Shalimar Town","03225077407","https://www.google.com/maps?q=31.5738140,74.3175220"
"1187","Madina kite house","Kite Flying - Seller","18 Street No.2, Township Sector A 1 Lahore, 54600, Pakistan, Model Town","Model Town","03134003391","https://www.google.com/maps?q=31.4613630,74.3224790"
"1188","Tuqeer Gudi Farosh","Kite Flying - Manufacturer","H9HQ+3GM, Kotli Abdur Rahman Nabi Pura, Lahore, Pakistan, Shalimar Town","Shalimar Town","03249376791","https://www.google.com/maps?q=31.5776950,74.3887710"
"1189","Bismillah Holesale","Kite Flying - Manufacturer","174 Millat Rd, Ittehad Colony, Lahore, 54000, Pakistan, Lahore City","Lahore City","03299404523","https://www.google.com/maps?q=31.5274180,74.2943700"
"1190","ASIF KITS","Kite Flying - Seller","G9C5+4FX Daska, Daska to, Block N Gulberg III, Lahore, Pakistan, Lahore Cantt","Lahore Cantt","03030085859","https://www.google.com/maps?q=31.5203540,74.3587750"
"1191","Bilal Photocopy & Stationary Shop","Kite Flying - Seller","H74F+2VP, Khawaja Fareed Rd, D2 Block Block E Gulshan-e-Ravi, Lahore, 54000, Pakistan, Lahore City","Lahore City","03147183910","https://www.google.com/maps?q=31.5553070,74.2753250"
"1192","Ustad Aslam kite house","Kite Flying - Seller","C7GR+VG7, Bagrian Shiraz Town, Lahore, Pakistan, Model Town","Model Town","03014257493","https://www.google.com/maps?q=31.4272380,74.2912030"
"1193","XTREME MART","Kite Flying - Seller","G8X2+9X4, Poonch Rd, Islamia Park Arya Nagar, Lahore, 54000, Pakistan, Lahore City","Lahore City","03034357162","https://www.google.com/maps?q=31.5484210,74.3025040"
"1194","Diamond kite House","Kite Flying - Seller","H7JX+V37, Data Gunj Buksh Town, Lahore, Pakistan, Lahore City","Lahore City","03334201857","https://www.google.com/maps?q=31.5821500,74.2975780"
"1195","GUDA MANJHA MAKER","Kite Flying - Manufacturer","H9HF+8VC, Singhpura Lahore, 54000, Pakistan, Shalimar Town","Shalimar Town","03004179807","https://www.google.com/maps?q=31.5782020,74.3743860"
"1196","Aesthetic kites","Kite Flying - Manufacturer","H9HG+596, Jehangir St, Singhpura, Lahore, 54840, Pakistan, Shalimar Town","Shalimar Town","03214149306","https://www.google.com/maps?q=31.5780800,74.3760710"
"1197","Hajvery kites Shahdara","Kite Flying - Seller","H#93 ST#2 BHUTTO COLONY GT ROAD SHAHADARA, Shahdara Town, Lahore, Pakistan, Ravi Town","Ravi Town","03004337747","https://www.google.com/maps?q=31.6361390,74.2881410"
"1198","Zavesta Marketing","Kite Flying - Trader","FCXJ+G8M, Street 4, Tibba, Lahore, Pakistan, Lahore Cantt","Lahore Cantt","03214769528","https://www.google.com/maps?q=31.4993140,74.4309110"
"1199","Sheikh's kites","Kite Flying - Seller","Shop no.7 Babloo market near Rehmat market Aslam khan road, Landa Bazaar, Naulakha, Lahore, 54000, Pakistan, Ravi Town","Ravi Town","03334797079","https://www.google.com/maps?q=31.5796880,74.3322780"
"1200","Ayub kites","Kite Flying - Seller","HC32+P25, Main Bazar Nizamabad, Ghaziabad, Lahore, Pakistan, Shalimar Town","Shalimar Town","03004597430","https://www.google.com/maps?q=31.5542690,74.4000790"
"1201","umair mobile centre","Kite Flying - Manufacturer","C976+3X4, Youhanabad, Lahore, Pakistan, Nishter Town","Nishter Town","03004784190","https://www.google.com/maps?q=31.4126320,74.3624530"
"1202","Tasawer Kite Flying Shop","Kite Flying - Manufacturer","House#E-350/3, Gulistan Colony near baba bodi Kabristan, Qainchi Amer Sidhu,Lahore ,Pakistan, Model Town","Model Town","03214652030","https://www.google.com/maps?q=31.4656840,74.3541240"
"1203","Raheel Kite House","Kite Flying - Seller","House No. 120 Mohallah Block No. 6 Sector B-1 Township Lahore, Model Town","Model Town","03244611505","https://www.google.com/maps?q=31.4482340,74.3184430"
"1204","Abdullah khan kite house","Kite Flying - Seller","27 College Rd, Lahore 54660 College Rd, Block H Gulberg 2, Lahore, 54660, Pakistan, Model Town","Model Town","03257865804","https://www.google.com/maps?q=31.5301940,74.3569390"
"1205","Zavesta Marketing","Kite Flying - Manufacturer","FCXJ+G8M, Street 4, Tibba, Lahore, Pakistan, Lahore Cantt","Lahore Cantt","03214769528","https://www.google.com/maps?q=31.4993130,74.4309130"
"1206","Ustad billa","Kite Flying - Seller","HC32+P25, Main Bazar Nizamabad, Ghaziabad, Lahore, Pakistan, Shalimar Town","Shalimar Town","03285181764","https://www.google.com/maps?q=31.5542690,74.4000790"
"1207","Karan Arjun kite flying","Kite Flying - Seller","Jan Muhammad Street 93, Ichhra Lahore, 54000, Pakistan, Model Town","Model Town","03270444628","https://www.google.com/maps?q=31.5333570,74.3134540"
"1208","Mujahid","Kite Flying - Seller","H8FF+FGW, Railway Rd, Gawalmandi, Lahore, 54000, Pakistan, Shalimar Town","Shalimar Town","03229483816","https://www.google.com/maps?q=31.5737980,74.3239960"
"1209","jahangir hotel","Kite Flying - Trader","Shop No. 295-A, Ground Floor, Taksali Chowk, Ravi Rd, Data Gunj Buksh Town, Lahore, 54000, Pakistan, Lahore City","Lahore City","03222322239","https://www.google.com/maps?q=31.5856120,74.3065580"
"1210","Haji Akbar Kite house","Kite Flying - Seller","G9C6+Q34, St 6, Jinnah Park Lahore, Pakistan, Model Town","Model Town","03064167494","https://www.google.com/maps?q=31.5217790,74.3599840"
"1211","Zaker Kites","Kite Flying - Manufacturer","F965+6F9, Gul Colony, Lahore, Pakistan, Model Town","Model Town","03074419029","https://www.google.com/maps?q=31.4606990,74.3588520"
"1212","jahangir hotel","Kite Flying - Manufacturer","Shop No. 295-A, Ground Floor, Taksali Chowk, Ravi Rd, Data Gunj Buksh Town, Lahore, 54000, Pakistan, Lahore City","Lahore City","03222322239","https://www.google.com/maps?q=31.5856000,74.3065640"
"1213","Zaker Kites","Kite Flying - Seller","F965+6F9, Gul Colony, Lahore, Pakistan, Model Town","Model Town","03074419029","https://www.google.com/maps?q=31.4606990,74.3588520"
"1214","Professor","Kite Flying - Manufacturer","543-3-B-2 Dar ul Islam road township Lahore, Model Town","Model Town","03214175911","https://www.google.com/maps?q=31.4553790,74.3050220"
"1215","Kite manufacturing","Kite Flying - Manufacturer","G8J9+G73, Ichhra Shah Din Scheme Lahore, 54000, Pakistan, Model Town","Model Town","03249474833","https://www.google.com/maps?q=31.5313210,74.3182040"
"1216","Zaker Kites","Kite Flying - Trader","F965+6F9, Gul Colony, Lahore, Pakistan, Model Town","Model Town","03074419029","https://www.google.com/maps?q=31.4606990,74.3588520"
"1217","Faisal kite","Kite Flying - Trader","C9C5+RCG, Lahore – Kasur Rd, Bilal Block Nishter Colony, Lahore, Pakistan, Nishter Town","Nishter Town","03214711171","https://www.google.com/maps?q=31.4220530,74.3587200"
"1218","Gill Kite Makers","Kite Flying - Manufacturer","H# E-346/16, Usman Street, Shakeel Park Walton road Lahore Cant., Lahore Cantt","Lahore Cantt","03234579116","https://www.google.com/maps?q=31.5210670,74.3598830"
"1219","Kite Lovers","Kite Flying - Seller","HCM5+Q55, Zaitoon Colony, Lahore, Pakistan, Shalimar Town","Shalimar Town","03281051519","https://www.google.com/maps?q=31.5848120,74.4079420"
"1220","Shah Gee sports","Kite Flying - Seller","H8CC+Q64, Gawalmandi, Lahore, 54000, Pakistan, Shalimar Town","Shalimar Town","03214657829","https://www.google.com/maps?q=31.5719000,74.3205630"
"1221","Bhatti kites","Kite Flying - Manufacturer","G7XV+H8C, Toheed Pk Rd, A-Block Block A New Chauburji Park, Lahore, 54000, Pakistan, Lahore City","Lahore City","03126543371","https://www.google.com/maps?q=31.5490930,74.2930400"
"1222","Aesthetic kites","Kite Flying - Seller","H9HG+596, Jehangir St, Singhpura, Lahore, 54840, Pakistan, Shalimar Town","Shalimar Town","03214149306","https://www.google.com/maps?q=31.5780160,74.3760440"
"1223","Shah decors","Kite Flying - Seller","H8GC+VJ6, Mochi Gate Walled City of Lahore, Lahore, 54000, Pakistan, Lahore City","Lahore City","03114349004","https://www.google.com/maps?q=31.5769430,74.3215820"
"1224","Acho usman","Kite Flying - Manufacturer","HCP7+C58, Zaitoon Colony, Lahore, Pakistan, Shalimar Town","Shalimar Town","03044527840","https://www.google.com/maps?q=31.5859260,74.4134940"
"1225","BASHIR KITE & DOR TRADER","Kite Flying - Trader","110 McLeod Rd, Qila Gujjar Singh, Lahore, 54000, Pakistan, Shalimar Town","Shalimar Town","03204141693","https://www.google.com/maps?q=31.5683150,74.3264040"
"1226","Ashraf kite mekkar","Kite Flying - Seller","Shop 1185C, Said Mitha Bazar Rd, Mohalla Diyan sing Walled City of Lahore, Lahore, Pakistan, Lahore City","Lahore City","03080400891","https://www.google.com/maps?q=31.5826050,74.3134780"
"1227","LUSH PUSH INTERNATIONAL","Kite Flying - Manufacturer","H85X+8MH, Sardar St, Garhi Shahu, Lahore, 54000, Pakistan, Lahore Cantt","Lahore Cantt","03214599303","https://www.google.com/maps?q=31.5583330,74.3492910"
"1228","MUKRRAM KITE MAKER","Kite Flying - Manufacturer","FCR6+X2W, Bedian Rd, Nadirabad, Lahore, Pakistan, Lahore Cantt","Lahore Cantt","03009422173","https://www.google.com/maps?q=31.4926060,74.4096030"
"1229","Traders Junction","Kite Flying - Trader","shop no 1, 32 Nisbat Rd, near Al – Muqaram Masjid، Gawalmandi, Lahore, 54000, Pakistan, Shalimar Town","Shalimar Town","03040102019","https://www.google.com/maps?q=31.5697940,74.3201510"
"1230","TIGICH KITE & DOR TRADER","Kite Flying - Trader","g96, 6w7, Academy Road, Qasim Pura Qasimpura, Lahore, Pakistan, Lahore Cantt","Lahore Cantt","03044064356","https://www.google.com/maps?q=31.5105230,74.3598220"
"1231","i links","Kite Flying - Seller","17 Kacha Hall Rd, Garhi Shahu, Lahore, 54000, Pakistan, Lahore City","Lahore City","03088206782","https://www.google.com/maps?q=31.5636030,74.3188770"
"1232","Asif kite house","Kite Flying - Seller","G8P2+VVQ Little Park, Samanabad Town, Lahore, 54000, Pakistan, Lahore City","Lahore City","03004705552","https://www.google.com/maps?q=31.5375240,74.3019670"
"1233","Poma bhatti kites","Kite Flying - Seller","C9RR+W2X, State Life Phase 1 State Life, Lahore, Pakistan, Nishter Town","Nishter Town","03004594659","https://www.google.com/maps?q=31.4424520,74.3901630"
"1234","javed book center shanghai road chungi amer sadhu lahore","Kite Flying - Manufacturer","F925+8PW, Sitara Colony, Lahore, Pakistan, Model Town","Model Town","03224516328","https://www.google.com/maps?q=31.4507990,74.3591690"
"1235","Ashraf kite mekkar","Kite Flying - Manufacturer","C,1181, hawli diyan sing said mitha wallcity minar_pakistan, Model Town","Model Town","03080400891","https://www.google.com/maps?q=31.5247270,74.3595590"
"1236","Sadiq Kites","Kite Flying - Seller","J84H+995, Khokhar Rd, near Ghullam Qadeer mobile, Main Bazar Badami Bagh, Lahore, Pakistan, Ravi Town","Ravi Town","03008008052","https://www.google.com/maps?q=31.6060640,74.3286270"
"1237","Abdul Shakoor Kite Maker","Kite Flying - Manufacturer","J8G4+66J, Shahdara Town, Lahore, Pakistan, Ravi Town","Ravi Town","03216325712","https://www.google.com/maps?q=31.6258100,74.3055830"
"1238","Traders Junction","Kite Flying - Seller","shop no 1, 32 Nisbat Rd, near Al – Muqaram Masjid، Gawalmandi, Lahore, 54000, Pakistan, Shalimar Town","Shalimar Town","03040102019","https://www.google.com/maps?q=31.5697940,74.3201510"
"1239","Mm kite flying shop","Kite Flying - Seller","95JX+4W Lahore, Pakistan, Allama Iqbal","Allama Iqbal","03075555807","https://www.google.com/maps?q=31.3803360,74.1998630"
"1240","JAMIL KITE MAKER","Kite Flying - Manufacturer","G755+7P9, Dr Sadia Shoaib Awan Rd, Awan Town, Lahore, Pakistan, Allama Iqbal","Allama Iqbal","03238092051","https://www.google.com/maps?q=31.5081740,74.2593300"
"1241","Asif Traders","Kite Flying - Seller","155 Sheraz Town Rd, Sheraz Town Shiraz Town, Lahore, Pakistan, Ravi Town","Ravi Town","03228006818","https://www.google.com/maps?q=31.4262570,74.2899900"
"1242","JAVED KITE SELLER","Kite Flying - Seller","H927+QH3, Street # 24, Mustafabad, Lahore, Pakistan, Lahore Cantt","Lahore Cantt","03161471542","https://www.google.com/maps?q=31.5518050,74.3638940"
"1243","Asad kites Fly","Kite Flying - Seller","H8V8+HXC، Station Road، Data Nagar Badami Bagh, Lahore, Pakistan, Ravi Town","Ravi Town","03070479772","https://www.google.com/maps?q=31.5939440,74.3173810"
"1244","BILAL COSMETICS","Kite Flying - Manufacturer","house 15 near derra gujjran station ISLAM PARK CHUNGI, Lahore, Pakistan, Shalimar Town","Shalimar Town","03035241695, 03129571924","https://www.google.com/maps?q=31.5192750,74.3577670"
"1245","MZ Door Maker","Kite Flying - Manufacturer","J853+J52, Band T number 2, Sadaat Colony, Lahore, Pakistan, Ravi Town","Ravi Town","03041248022","https://www.google.com/maps?q=31.6089920,74.3028840"
"1246","Shadow Kites","Kite Flying - Manufacturer","H9R4+4GV, Kot Khawaja Saeed, Lahore, Pakistan, Shalimar Town","Shalimar Town","03270145125","https://www.google.com/maps?q=31.5903190,74.3564030"
"1247","Principle kite","Kite Flying - Manufacturer","G7HR+F7R, Millat Thana Rd, Ittehad Colony Baitul Raza Colony, Lahore, 54000, Pakistan, Lahore City","Lahore City","03114687396","https://www.google.com/maps?q=31.5285410,74.2903930"
"1248","FAZK KITES HOUSE","Kite Flying - Seller","HC65+P23, Tajpura, Lahore, Pakistan, Shalimar Town","Shalimar Town","03194632361","https://www.google.com/maps?q=31.5616440,74.4072640"
"1249","ABDULLAH REHAN SAFE KITE HOUSE","Kite Flying - Manufacturer","H8QW+7FC, Chah Miran Rd, Chah Miran, Lahore, Pakistan, Ravi Town","Ravi Town","03007251083","https://www.google.com/maps?q=31.5881700,74.3462480"
"1250","Tariq mashi","Kite Flying - Manufacturer","H659+85 Burj, Pakistan, Model Town","Model Town","03248460097","https://www.google.com/maps?q=31.5583230,74.2178840"
"1251","GOGA KITES","Kite Flying - Manufacturer","2a Bhogiwal Rd, Baghbanpura, Lahore, 54920, Pakistan, Shalimar Town","Shalimar Town","03214648737","https://www.google.com/maps?q=31.5899260,74.3692000"
"1252","Waqar medical store","Kite Flying - Seller","C9C8+9RX, Main Bazar, Nishter Colony, Lahore, 54600, Pakistan, Nishter Town","Nishter Town","03184584761","https://www.google.com/maps?q=31.4209890,74.3672830"
"1253","Shahbaz Ahmad","Kite Flying - Seller","J83W+424, Karnal Pura Shad Bagh, Lahore, Pakistan, Ravi Town","Ravi Town","03214541107","https://www.google.com/maps?q=31.6027950,74.3449890"
"1254","JOB HOLDER","Kite Flying - Seller","F8FR+W25, Bahar Colony, Lahore, Pakistan, Model Town","Model Town","03201140348","https://www.google.com/maps?q=31.4746400,74.3402520"
"1255","HR Trader","Kite Flying - Seller","7 canal park, Gulberg 2, Lahore, Model Town","Model Town","03245183458","https://www.google.com/maps?q=31.5334000,74.3396280"
"1256","Muntaha kites","Kite Flying - Seller","Qadimi Shehr, Lahore, Punjab, H8J5+9PV, Cho Mohalla Kucha Faqirkhana Walled City of Lahore, Lahore, 54000, Pakistan, Lahore City","Lahore City","03219457173","https://www.google.com/maps?q=31.5810030,74.3093740"
"1257","KITE MAKER","Kite Flying - Manufacturer","Shalamar Town, Daroghe Wala, Lahore, 05466, Pakistan, Shalimar Town","Shalimar Town","03219401933","https://www.google.com/maps?q=31.5856640,74.3907020"
"1258","ABDUL WAHEED KITE SELLER","Kite Flying - Seller","G7JP+GJH, Dholanwal Nagra Town, Lahore, 54000, Pakistan, Lahore City","Lahore City","03214022516","https://www.google.com/maps?q=31.5313220,74.2867540"
"1259","Abbas Kites","Kite Flying - Manufacturer","F965+6F9, Gul Colony, Lahore, Pakistan, Model Town","Model Town","03214989162","https://www.google.com/maps?q=31.4606990,74.3588520"
"1260","Geo Kite Center","Kite Flying - Seller","Band Road, Lichi Wala Bag, Lahore, Lahore City","Lahore City","03244182584","https://www.google.com/maps?q=31.5472540,74.2677750"
"1261","ABDULLAH REHAN SAFE KITE HOUSE","Kite Flying - Manufacturer","H8QW+7FC, Chah Miran Rd, Chah Miran, Lahore, Pakistan, Ravi Town","Ravi Town","03227724176","https://www.google.com/maps?q=31.5881700,74.3462480"
"1262","KITE SELLER","Kite Flying - Seller","Shalamar Town, Daroghe Wala, Lahore, 05466, Pakistan, Shalimar Town","Shalimar Town","03219401933","https://www.google.com/maps?q=31.5856640,74.3907020"
"1263","Sheikh Kite House","Kite Flying - Manufacturer","05, opposite Himayat islam college, Sabzazar Block B Sabzazar Housing Scheme Phase 1 & 2 Lahore, 54000, Pakistan, Lahore City","Lahore City","03004376273","https://www.google.com/maps?q=31.5251350,74.2821120"
"1264","Waqas Billa kite house","Kite Flying - Seller","H9R9+MPC, Bhogiwal Rd, Gujjarpura, Lahore, 54000, Pakistan, Shalimar Town","Shalimar Town","03204750404","https://www.google.com/maps?q=31.5916220,74.3693500"
"1265","Mian Kite House","Kite Flying - Seller","H8QW+7FC, Chah Miran Rd, Chah Miran, Lahore, Pakistan, Ravi Town","Ravi Town","03068446522","https://www.google.com/maps?q=31.5881700,74.3462480"
"1266","Gujjar kite works","Kite Flying - Seller","51 A Poonch Rd, Islamia Park Lahore, 54000, Pakistan, Lahore City","Lahore City","03234778680","https://www.google.com/maps?q=31.5467500,74.3022740"
"1267","Abbas Kites","Kite Flying - Seller","F965+6F9, Gul Colony, Lahore, Pakistan, Model Town","Model Town","03214989162","https://www.google.com/maps?q=31.4606990,74.3588520"
"1268","Khawaja sultan bans store","Kite Flying - Trader","H8F8+PRG, Baans Bazar, Anarkali Bazaar Gawalmandi, Lahore, 54000, Pakistan, Lahore City","Lahore City","03068596932","https://www.google.com/maps?q=31.5741120,74.3173770"
"1269","Asim kites","Kite Flying - Seller","HC32+P25, Main Bazar Nizamabad, Ghaziabad, Lahore, Pakistan, Shalimar Town","Shalimar Town","03044931370","https://www.google.com/maps?q=31.5542690,74.4000790"
"1270","Sheikh kites","Kite Flying - Seller","G8H3+P78, Sheraz Rd, Chauhdry Colony Combo Colony, Lahore, 54000, Pakistan, Model Town","Model Town","03236076776","https://www.google.com/maps?q=31.5294120,74.3032860"
"1271","Usman Enterprises","Kite Flying - Manufacturer","G7RR+G4M, New Shalimar Rd, Samanabad Town, Lahore, 54000, Pakistan, Lahore City","Lahore City","03238427731","https://www.google.com/maps?q=31.5413830,74.2903000"
"1272","Fiaz kite maker","Kite Flying - Manufacturer","J83Q+98W, Fazal St, Shad Bagh, Lahore, Pakistan, Ravi Town","Ravi Town","03133333756","https://www.google.com/maps?q=31.6034410,74.3383080"
"1273","Rehan Kites","Kite Flying - Manufacturer","997J+GMG, new, Lahore, Pakistan, Nishter Town","Nishter Town","03158465448","https://www.google.com/maps?q=31.3633540,74.3823970"
"1274","Shahbaz Ahmad","Kite Flying - Manufacturer","H9W2+7V4, Scheme No 2, Lahore, Pakistan 54020, Ravi Town","Ravi Town","03214541107","https://www.google.com/maps?q=31.5956760,74.3521720"
"1275","ZUBAIR GUDDA SELLER","Kite Flying - Seller","H9HF+8GG, Jehangir St, Singhpura, Lahore, 54000, Pakistan, Shalimar Town","Shalimar Town","03226322089","https://www.google.com/maps?q=31.5780470,74.3743120"
"1276","MUZAFAR KITE SELLER","Kite Flying - Seller","95RQ+9QV, Bhatti Waal Takbeer Block Sector B Bahria Town, Lahore, Pakistan, Allama Iqbal","Allama Iqbal","03227818299","https://www.google.com/maps?q=31.3909510,74.1891850"
"1277","Mithu Kite House","Kite Flying - Trader","H8FJ+5W6, McLeod Rd, Garhi Shahu, Lahore, 54000, Pakistan, Shalimar Town","Shalimar Town","03214898296","https://www.google.com/maps?q=31.5729020,74.3322720"
"1278","Saddam Kite Maker","Kite Flying - Manufacturer","J74F+2V, no 9 Main Amin Park Rd, Ameen Park Karim Park, Lahore, Pakistan, Lahore City","Lahore City","03165621621","https://www.google.com/maps?q=31.5860590,74.2931440"
"1279","Abid kite store","Kite Flying - Seller","J7WP+G62, Ali Park, Shahdara, 54000, Pakistan, Ravi Town","Ravi Town","03214822627","https://www.google.com/maps?q=31.6468660,74.2860360"
"1280","Mehraan state agency","Kite Flying - Seller","H8XQ+W35, Gol Bagh Rd, Shad Bagh, Lahore, Pakistan, Ravi Town","Ravi Town","03133333756, 03008827271","https://www.google.com/maps?q=31.5997590,74.3377460"
"1281","Sheikh Kite House","Kite Flying - Seller","G7FJ+WW3, Shahalam St, Sabzazar Block B Sabzazar Housing Scheme Phase 1 & 2 Lahore, 54000, Pakistan, Lahore City","Lahore City","03004376273","https://www.google.com/maps?q=31.5245000,74.2822720"
"1282","Saddam Kite Maker","Kite Flying - Seller","Timber Market, Ravi Park, Lahore, Pakistan, Ravi Town","Ravi Town","03165621621","https://www.google.com/maps?q=31.5950930,74.3021040"
"1283","New Era Kites","Kite Flying - Trader","H77R+VGG, Alamgir Rd, Krishan Nagar Lahore, 54000, Pakistan, Lahore City","Lahore City","03070707555","https://www.google.com/maps?q=31.5647080,74.2914170"
"1284","job holder","Kite Flying - Manufacturer","F8FR+Q42, Bahar Colony Lahore, 54700, Pakistan, Model Town","Model Town","03201140348","https://www.google.com/maps?q=31.4745630,74.3404360"
"1285","Swag Kites","Kite Flying - Seller","G8H8+XH3, Ichhra Shah Din Scheme Lahore, 54000, Pakistan, Model Town","Model Town","03224846674","https://www.google.com/maps?q=31.5298790,74.3164410"
"1286","MR Traders","Kite Flying - Seller","J7FG+FQM, Chattha Park Shahdara Town, Lahore, Pakistan, Ravi Town","Ravi Town","03069272823","https://www.google.com/maps?q=31.6235250,74.2770480"
"1287","KITE HUB","Kite Flying - Manufacturer","9-A Shalimar Link Road, Muslim Colony Mughalpura, Lahore, 54840, Pakistan, Shalimar Town","Shalimar Town","03480044505","https://www.google.com/maps?q=31.5771510,74.3813710"
"1288","SBA KITE HOUSE","Kite Flying - Seller","87 A, Block B PCSIR Staff Colony, Lahore, Pakistan, Model Town","Model Town","03224377228","https://www.google.com/maps?q=31.4329370,74.2890750"
"1289","Khan kite saler خان گڈی فروش","Kite Flying - Seller","H93V+QCR, Ghaziabad, Lahore, Pakistan, Shalimar Town","Shalimar Town","03024267061","https://www.google.com/maps?q=31.5547120,74.3933860"
"1290","JAVED KITE MAKER","Kite Flying - Manufacturer","H76C+M8 Lahore, Pakistan, Lahore City","Lahore City","03214884701","https://www.google.com/maps?q=31.5617120,74.2707800"
"1291","M.J Traders","Kite Flying - Seller","G7RC+9Q Lahore, Pakistan, Lahore City","Lahore City","03228010298","https://www.google.com/maps?q=31.5409490,74.2719350"
"1292","KAMBOH KYTES","Kite Flying - Seller","Street 16, Falcon Complex PAF Falcon Complex Gulberg 3, Lahore, Pakistan, Lahore Cantt","Lahore Cantt","03314541185","https://www.google.com/maps?q=31.4983520,74.3530370"
"1293","HASSAN KITE SHOP","Kite Flying - Seller","H8GC+XJ8, Mochi Gate Bazaar, Kucha Chagtah Walled City of Lahore, Lahore, 54000, Pakistan, Lahore City","Lahore City","03390455619","https://www.google.com/maps?q=31.5773740,74.3215880"
"1294","Haji khdam bartan store","Kite Flying - Seller","7 Ahbab Colony Rd, Canal View, Lahore, 54000, Pakistan, Allama Iqbal","Allama Iqbal","03204032560","https://www.google.com/maps?q=31.4848510,74.2496480"
"1295","Raheem Kites Manufacturing","Kite Flying - Manufacturer","H8V8+G8 Lahore, Pakistan, Ravi Town","Ravi Town","03094665040","https://www.google.com/maps?q=31.5938260,74.3158410"
"1296","ZI Traders","Kite Flying - Seller","G9XM+G43, Saddar Town, Lahore, Pakistan, Lahore Cantt","Lahore Cantt","03214856482","https://www.google.com/maps?q=31.5488490,74.3828110"
"1297","Bilal Kites","Kite Flying - Seller","99F3+RQF, Kahna Kacha Rd, Kahna Nau, Kahna, Pakistan, Nishter Town","Nishter Town","03223077786","https://www.google.com/maps?q=31.3746220,74.3544850"
"1298","Ittefaq kite house","Kite Flying - Seller","Qurban Lines Rd, Iqbal Colony Lahore, Pakistan, Model Town","Model Town","03104121201","https://www.google.com/maps?q=31.5322050,74.3604350"
"1299","Irtaza Kite Shop","Kite Flying - Seller","H8GC+XM9, Mochi Gate Bazar, Kucha Chagtah Walled City of Lahore, Lahore, 54000, Pakistan, Lahore City","Lahore City","03104074165","https://www.google.com/maps?q=31.5773360,74.3216420"
"1300","Asif jawed","Kite Flying - Seller","11 Madni St, Alfalah Park Block H Sabzazar Housing Scheme Phase 1 & 2 New, Lahore, Pakistan, Lahore City","Lahore City","03004109401","https://www.google.com/maps?q=31.5145360,74.2742970"
"1301","Nauman traders","Kite Flying - Seller","J768+J8M, Shahdara Town, Lahore, Pakistan, Ravi Town","Ravi Town","03174113844","https://www.google.com/maps?q=31.6115910,74.2658760"
"1302","Mubarak Kite Shop","Kite Flying - Seller","H8HC+3PH, Kucha Chagtah Walled City of Lahore, Lahore, 54000, Pakistan, Lahore City","Lahore City","03054644745","https://www.google.com/maps?q=31.5777420,74.3218250"
"1303","Abdullah karyana store","Kite Flying - Seller","G83X+374, Street 1,Block E Gulberg III, Lahore, Pakistan, Lahore Cantt","Lahore Cantt","03024616610","https://www.google.com/maps?q=31.5026850,74.3482300"
"1304","BUTT KITE CENTER","Kite Flying - Seller","C 25, Sector XX DHA Phase 3, Lahore, Pakistan, Model Town","Model Town","03226972595","https://www.google.com/maps?q=31.4709520,74.3645350"
"1305","Shah Husain Kite kite house","Kite Flying - Seller","H9MC+FCF, Baghbanpura, Lahore, 54000, Pakistan, Shalimar Town","Shalimar Town","03259859737","https://www.google.com/maps?q=31.5839410,74.3711300"
"1306","Abdul latif kite maker","Kite Flying - Manufacturer","H9JC+9JG, near yaqya wali gali, Baghbanpura, Lahore, 54000, Pakistan, Shalimar Town","Shalimar Town","03070970718","https://www.google.com/maps?q=31.5810290,74.3715280"
"1307","VIP KITE TRADERS","Kite Flying - Manufacturer","1 Canal Rd, near AL-Soud Banquet Hall, Sami Town Taj Bagh Scheme, Lahore, Pakistan, Shalimar Town","Shalimar Town","03044143120","https://www.google.com/maps?q=31.5698280,74.4153670"
"1308","Arshad Traders","Kite Flying - Seller","Shop no 1 House no.2436-D, Mohallah koocha Dogran New bazaar Shama, Lahore, Lahore City","Lahore City","03214744395","https://www.google.com/maps?q=31.5767010,74.3153840"
"1309","Sandhu kite house","Kite Flying - Seller","J82Q+2VF, Shad Bagh, Lahore, Pakistan, Ravi Town","Ravi Town","03024646926","https://www.google.com/maps?q=31.6000450,74.3397780"
"1310","Anjum kite seller","Kite Flying - Manufacturer","F6CW+P29, Thokar Niaz Baig Flyover, Irrigation Colony, Lahore, Pakistan, Allama Iqbal","Allama Iqbal","03164557309","https://www.google.com/maps?q=31.4721270,74.2450290"
"1311","Khawar Kite","Kite Flying - Seller","H769, Akbari Mandi Walled City of Lahore, Lahore, 54000, Pakistan, Lahore City","Lahore City","03211144642","https://www.google.com/maps?q=31.5796180,74.3238590"
"1312","Tahir Ad","Kite Flying - Trader","8 Walton Rd, near Butt Sweet, Islam Nagar Zaman Colony, Lahore, Pakistan, Lahore Cantt","Lahore Cantt","03208072630","https://www.google.com/maps?q=31.4924730,74.3710840"
"1313","Rashid kite centre","Kite Flying - Seller","11 Street Number 11, Eden Palace Villas Eden Homes Scheme, Lahore, 58000, Pakistan, Allama Iqbal","Allama Iqbal","03496333280","https://www.google.com/maps?q=31.4405100,74.2410840"
"1314","AC Tapering","Kite Flying - Seller","Taj Mahal Park Rd, Salamatpura, Lahore, Pakistan, Shalimar Town","Shalimar Town","03464042557","https://www.google.com/maps?q=31.5797760,74.4168090"
"1315","Komboh Kites","Kite Flying - Seller","H8QJ+3X9, Aziz Road, Misri Shah Lahore, Pakistan, Ravi Town","Ravi Town","03227885028","https://www.google.com/maps?q=31.5875810,74.3326220"
"1316","YASIR KITE HOUSE","Kite Flying - Manufacturer","35 Usman St, Sodiwal Sodhiwal, Lahore, 54000, Pakistan, Lahore City","Lahore City","03704932805","https://www.google.com/maps?q=31.5384310,74.2850960"
"1317","Fahad Kites","Kite Flying - Manufacturer","Plot 244, Sector B-1 Block 12 Sector B 1 Lahore, 54770, Pakistan, Model Town","Model Town","03006968706","https://www.google.com/maps?q=31.4606240,74.3083100"
"1318","TIGER11 KITES & DOR SELLER","Kite Flying - Seller","H8G7+FCR, Anarkali Bazaar Lahore, 54000, Pakistan, Lahore City","Lahore City","03214820051","https://www.google.com/maps?q=31.5762660,74.3134990"
"1319","Rajpoot Kites","Kite Flying - Seller","E-343 Qadri Colony 2 Rd, Qadri Colony, Lahore, Pakistan, Lahore Cantt","Lahore Cantt","03214875741","https://www.google.com/maps?q=31.4831370,74.3696390"
"1320","Ustad Amir","Kite Flying - Manufacturer","H9JF+8FQ, Grand Trunk Rd, Baghbanpura, Lahore, 54000, Pakistan, Shalimar Town","Shalimar Town","03214139071","https://www.google.com/maps?q=31.5808400,74.3737420"
"1321","AG & Co.","Kite Flying - Manufacturer","G7RC+8M Lahore, Pakistan, Lahore City","Lahore City","03204776006","https://www.google.com/maps?q=31.5407910,74.2717250"
"1322","TIGER11 KITES & DOR TRADER","Kite Flying - Trader","H8G7+FCR, Anarkali Bazaar Lahore, 54000, Pakistan, Lahore City","Lahore City","03214820051","https://www.google.com/maps?q=31.5762560,74.3134950"
"1323","A.G .Traders","Kite Flying - Trader","G7RC+8M Lahore, Pakistan, Lahore City","Lahore City","03204776006","https://www.google.com/maps?q=31.5408280,74.2716600"
"1324","Madina Stationary","Kite Flying - Seller","Plot 40, Sabzazar Block Q Sabzazar Housing Scheme Phase 1 & 2 Lahore, Pakistan, Lahore City","Lahore City","03224714613","https://www.google.com/maps?q=31.5202000,74.2633500"
"1325","Zulfiqar kite manufacturer","Kite Flying - Manufacturer","G9R6+2C8, Mian Mir Colony Lahore, Pakistan, Lahore Cantt","Lahore Cantt","03244738396","https://www.google.com/maps?q=31.5401940,74.3612700"
"1326","kite flying","Kite Flying - Seller","33 Nisbat Rd, Anarkali Bazaar Lahore, 54000, Pakistan, Shalimar Town","Shalimar Town","03074851696","https://www.google.com/maps?q=31.5699660,74.3203430"
"1327","Butt Kites Traders","Kite Flying - Seller","37 Nisbat Rd, near Moon Light School, Anarkali Bazaar Gawalmandi, Lahore, 54000, Pakistan, Shalimar Town","Shalimar Town","03229748160","https://www.google.com/maps?q=31.5704550,74.3195990"
"1328","Ustad Amir","Kite Flying - Seller","H9JF+8FQ, Grand Trunk Rd, Baghbanpura, Lahore, 54000, Pakistan, Shalimar Town","Shalimar Town","03214139071","https://www.google.com/maps?q=31.5808400,74.3737420"
"1329","FC KITES & DOR SELLER","Kite Flying - Seller","G8P6+X8 Lahore, Pakistan, Model Town","Model Town","03148784057","https://www.google.com/maps?q=31.5374770,74.3108260"
"1330","Furqan Kite Shop","Kite Flying - Seller","H9X6+RPW, China Scheme, Lahore, Pakistan, Shalimar Town","Shalimar Town","03061477451","https://www.google.com/maps?q=31.5999790,74.3619290"
"1331","Bhatti Kite","Kite Flying - Seller","Multan Rd, Chung, Lahore, Pakistan, Allama Iqbal","Allama Iqbal","03057229142","https://www.google.com/maps?q=31.4215130,74.1697230"
"1332","Friends Kites Shop","Kite Flying - Seller","G7JX+8M6, Samanabad Town, Lahore, 54000, Pakistan, Lahore City","Lahore City","03004141437","https://www.google.com/maps?q=31.5308670,74.2991500"
"1333","Khan jee kite house","Kite Flying - Seller","88, Larex Colony Mughalpura, Lahore, 54000, Pakistan, Shalimar Town","Shalimar Town","03244135502","https://www.google.com/maps?q=31.5589040,74.3553820"
"1334","Sheikh kite house","Kite Flying - Seller","F936+2WJ, Gul Colony Lahore, Pakistan, Model Town","Model Town","03224202724","https://www.google.com/maps?q=31.4513780,74.3601950"
"1335","Raza Mehmood","Kite Flying - Trader","G8W8+M4V, Jinnah Town, Lahore, 54000, Pakistan, Lahore City","Lahore City","03234179801","https://www.google.com/maps?q=31.5467220,74.3155670"
"1336","Atif Kite Centre","Kite Flying - Seller","st#13,h#1,gulzaib colony,more samanabad, lahore, Lahore City","Lahore City","03004248241","https://www.google.com/maps?q=31.5436190,74.2830780"
"1337","Amir Kites","Kite Flying - Seller","H8P4+RFG Kachi abadi shamash Pura Ravi road Lahore, Kacha Ravi Rd, Data Gunj Buksh Town, Lahore, Pakistan, Ravi Town","Ravi Town","03248519700","https://www.google.com/maps?q=31.5870940,74.3062110"
"1338","Sign guru kites","Kite Flying - Seller","31 Rasool Park Main Rd, Rasool Park Lahore, 54000, Pakistan, Model Town","Model Town","03034825935","https://www.google.com/maps?q=31.5409150,74.3108320"
"1339","Welcome kite house","Kite Flying - Seller","J79F+952, Kot Begum Shahdara Town, Lahore, Pakistan, Ravi Town","Ravi Town","03096065115","https://www.google.com/maps?q=31.6179700,74.2732070"
"1340","M.A Kites","Kite Flying - Seller","F86P+36W, Karman Wala Bazar Rd, Kot Lakhpat, Lahore, 53700, Pakistan, Model Town","Model Town","03077510524","https://www.google.com/maps?q=31.4604030,74.3354190"
"1341","Sheikh kite house","Kite Flying - Manufacturer","F926+H3Q, Main Bazar, Muft pura Gul Colony, Lahore, Pakistan, Model Town","Model Town","03224202724","https://www.google.com/maps?q=31.4514160,74.3602550"
"1342","F. B Traders","Kite Flying - Trader","HFMX+RCG, Khaira Jallo, Pakistan, Wahgah Town","Wahgah Town","03026850001","https://www.google.com/maps?q=31.5845180,74.4988930"
"1343","Friends grop","Kite Flying - Manufacturer","JC28+XV5, Sharif Pura, majeed town Lahore, Pakistan, Wahgah Town","Wahgah Town","03029551863","https://www.google.com/maps?q=31.6023090,74.4176230"
"1344","Shoaib and Sons Trading Company","Kite Flying - Seller","Plot 522, Township Block 2 Twp Sector C 1 Lahore, 54770, Pakistan, Model Town","Model Town","03047799441","https://www.google.com/maps?q=31.4448200,74.3028260"
"1345","Mastan Dada kite maker","Kite Flying - Manufacturer","G7RW+RQQ, Gulzaib Colony Samanabad Town, Lahore, 54000, Pakistan, Lahore City","Lahore City","03094028331","https://www.google.com/maps?q=31.5421190,74.2969860"
"1346","Ali Hamza","Kite Flying - Manufacturer","H78W+79X, Owais Qarni Rd, Krishan Nagar Islampura, Lahore, 54000, Pakistan, Lahore City","Lahore City","03124793733","https://www.google.com/maps?q=31.5656410,74.2959210"
"1347","F. B Traders","Kite Flying - Seller","HFMX+RCG, Khaira Jallo, Pakistan, Wahgah Town","Wahgah Town","03026850001","https://www.google.com/maps?q=31.5846660,74.4988040"
"1348","ZA Kites","Kite Flying - Seller","131 Shahi Rd, beside thana shilmar, behind darbar madhulal Hussain, Baghbanpura, Lahore, 54000, Pakistan, Shalimar Town","Shalimar Town","03201494881","https://www.google.com/maps?q=31.5874930,74.3744360"
"1349","Khilji kites house","Kite Flying - Seller","J82P+M73، Chiragh Park Road، Rajput Park Shad Bagh, Lahore, Pakistan, Ravi Town","Ravi Town","03154696269","https://www.google.com/maps?q=31.6016160,74.3357420"
"1350","Sign guru kites","Kite Flying - Manufacturer","31 Rasool Park Main Rd, Rasool Park Lahore, 54000, Pakistan, Lahore City","Lahore City","03034825935","https://www.google.com/maps?q=31.5409150,74.3108320"
"1351","MAD Kites","Kite Flying - Seller","HC7W+HG Lahore, Pakistan, Lahore Cantt","Lahore Cantt","03028442978","https://www.google.com/maps?q=31.5639040,74.4463390"
"1352","NEON SQUARE PRIVATE LIMITED","Kite Flying - Seller","FCXV+FR Lahore, Pakistan, Lahore Cantt","Lahore Cantt","03214525697","https://www.google.com/maps?q=31.4986870,74.4445630"
"1353","Waheed kite house","Kite Flying - Seller","H76P+P7W, Sanda Lahore, 54000, Pakistan, Lahore City","Lahore City","03707049397","https://www.google.com/maps?q=31.5621250,74.2856710"
"1354","HUSSAIN CONSULTANCY","Kite Flying - Seller","226c LDA Ave ONE Rd, Block C Lda Avenue Phase 1 Lda Avenue, Lahore, 54000, Pakistan, Allama Iqbal","Allama Iqbal","03334272550","https://www.google.com/maps?q=31.4158800,74.2135670"
"1355","Hadier kites","Kite Flying - Seller","H97P+Q3P, Ganj Bazar Road, Gunj Lahore, Pakistan, Shalimar Town","Shalimar Town","03246571710","https://www.google.com/maps?q=31.5644730,74.3851630"
"1356","Khan Brother's kite House","Kite Flying - Manufacturer","Plot 12, Township Block 7 Sector B 1 Lahore, 54770, Pakistan, Model Town","Model Town","03147554483","https://www.google.com/maps?q=31.4588710,74.3113570"
"1357","Rashid kite centre","Kite Flying - Trader","11 Street Number 11, Eden Palace Villas Eden Homes Scheme, Lahore, 58000, Pakistan, Allama Iqbal","Allama Iqbal","03496333280","https://www.google.com/maps?q=31.4405150,74.2410800"
"1358","Irfan kite maker house","Kite Flying - Manufacturer","99F3+RQF, Kahna Kacha Rd, Kahna Nau, Kahna, Pakistan, Nishter Town","Nishter Town","03227154660","https://www.google.com/maps?q=31.3746220,74.3544850"
"1359","Daylight","Kite Flying - Seller","H8QC+V4V, Data Nagar Badami Bagh, Lahore, Pakistan, Ravi Town","Ravi Town","03174003624","https://www.google.com/maps?q=31.5897080,74.3203540"
"1360","BISMILLAH KITE MAKER","Kite Flying - Manufacturer","102 Babar Rd, Mughalpura Shalimar Larechs Colony, Lahore, 54840, Pakistan, Shalimar Town","Shalimar Town","03145064477","https://www.google.com/maps?q=31.5656270,74.3765310"
"1361","Bilal store kite flying club","Kite Flying - Seller","F8J5+C25, Model Town Extension Block M Model Town, Lahore, Pakistan, Model Town","Model Town","03277111162","https://www.google.com/maps?q=31.4807960,74.3076130"
"1362","mazhar kites","Kite Flying - Seller","F889+WQ8, Umar St, Bhatti Colony, Lahore, 54600, Pakistan, Model Town","Model Town","03211253443","https://www.google.com/maps?q=31.4673090,74.3193800"
"1363","Sky colur","Kite Flying - Manufacturer",", Sharif Pura, Ahmad town Lahore, Pakistan, Wahgah Town","Wahgah Town","03217270161","https://www.google.com/maps?q=31.6023090,74.4176230"
"1364","BISMILLAH KITE MAKER","Kite Flying - Manufacturer","102 Babar Rd, Mughalpura Shalimar Larechs Colony, Lahore, 54840, Pakistan, Shalimar Town","Shalimar Town","03145064477","https://www.google.com/maps?q=31.5656350,74.3765050"
"1365","Waseem Kite Center","Kite Flying - Seller","Malipura Main Bazaar, Karim Park Lahore, Pakistan, Ravi Town","Ravi Town","03224076072","https://www.google.com/maps?q=31.5902390,74.2957290"
"1366","Faizi Net Cafe","Kite Flying - Seller","H9JJ+53F, Sehar Road, Singhpura, Lahore, 54000, Pakistan, Shalimar Town","Shalimar Town","03014674810","https://www.google.com/maps?q=31.5804070,74.3802740"
"1367","mazhar kites","Kite Flying - Manufacturer","F889+WQ8, Umar St, Bhatti Colony, Lahore, 54600, Pakistan, Model Town","Model Town","03211253443","https://www.google.com/maps?q=31.4673080,74.3193850"
"1368","Signature Kites","Kite Flying - Seller","Plot A 747, Block A Dha Rahbar Phase 1 Dha Rahbar, Lahore, Pakistan, Nishter Town","Nishter Town","03151460297","https://www.google.com/maps?q=31.3921300,74.2443500"
"1369","Nasir Kite House","Kite Flying - Seller","H8JP+68Q, Sultanpura Misri Shah, Lahore, Pakistan, Ravi Town","Ravi Town","03224681087","https://www.google.com/maps?q=31.5804590,74.3363480"
"1370","Amir Kite House","Kite Flying - Manufacturer","H8WM+GCP, Misri Shah Lahore, Pakistan, Ravi Town","Ravi Town","03234540303","https://www.google.com/maps?q=31.5962660,74.3336640"
"1371","Mainland Hussain Pakistan Limited","Kite Flying Association","52 Canal Rd, Mughalpura, Lahore, 54840, Pakistan, Lahore Cantt","Lahore Cantt","03214882163","https://www.google.com/maps?q=31.5579130,74.3624850"
"1372","Tayyab Kite Centre","Kite Flying - Seller","HC33+JV6, Mian Amiruddin Park Lahore, Pakistan, Shalimar Town","Shalimar Town","03374887999","https://www.google.com/maps?q=31.5539730,74.4046160"
"1373","Zafar ali kite flying manufacturing","Kite Flying - Manufacturer","G9R6+35M, Mian Mir Rd, Saiden Shah Colony Saidan Shah, Lahore, Pakistan, Lahore Cantt","Lahore Cantt","03219671762","https://www.google.com/maps?q=31.5402230,74.3604360"
"1374","Nasir Kite House","Kite Flying - Manufacturer","H8JP+68Q, Sultanpura Misri Shah, Lahore, Pakistan, Ravi Town","Ravi Town","03224681087","https://www.google.com/maps?q=31.5804610,74.3363360"
"1375","Kite House","Kite Flying - Trader","H73V+343, Block B Gulshan-e-Ravi, Lahore, 54000, Pakistan, Lahore City","Lahore City","03054828800","https://www.google.com/maps?q=31.5527920,74.2929780"
"1376","Irfan kites","Kite Flying - Manufacturer","HC64+5JG, Tajpura, Lahore, Pakistan, Shalimar Town","Shalimar Town","03097886915","https://www.google.com/maps?q=31.5606220,74.4065460"
"1377","Aqil plastic","Kite Flying - Seller","Shop no e/20 inside mouchi gate inside mouchi gate, Lahore City","Lahore City","03334209737","https://www.google.com/maps?q=31.5204100,74.3600040"
"1378","Tahir Kite Maker","Kite Flying - Manufacturer","H8J4+52R, Shish Mahal Rd, Data Gunj Buksh Town, Lahore, Pakistan, Lahore City","Lahore City","03014122233","https://www.google.com/maps?q=31.5804230,74.3049910"
"1379","MIAN KITE & DOR SELLER","Kite Flying - Seller","H9HQ+5R6, Kotli Abdur Rahman Mughalpura, Lahore, Pakistan, Shalimar Town","Shalimar Town","03211040005","https://www.google.com/maps?q=31.5778600,74.3894980"
"1380","BOBY KITE","Kite Flying - Manufacturer","20A Main Rd, Block C1 Block E Phase 1 Johar Town, Lahore, 54000, Pakistan, Model Town","Model Town","03334414485","https://www.google.com/maps?q=31.4782400,74.2991450"
"1381","Najaf Kite fly","Kite Flying - Seller","F6QQ+G7P, Thokar Niaz Baig, Lahore, Pakistan, Allama Iqbal","Allama Iqbal","03234342132","https://www.google.com/maps?q=31.4890410,74.2383870"
"1382","imran kite shop","Kite Flying - Seller","2 Main Bazar, Sitara Colony, Lahore, Pakistan, Model Town","Model Town","03035520316, 03064021913","https://www.google.com/maps?q=31.4473520,74.3606070"
"1383","Moazzam Stationery and Gift Center","Kite Flying - Trader","F956+H6R, Shaukat Town Rd, Shoukat Town Gul Colony, Lahore, Pakistan, Lahore City","Lahore City","03020483651","https://www.google.com/maps?q=31.4589640,74.3605050"
"1384","Malik Kite House","Kite Flying - Seller","T4, Lahore, 54000, Pakistan, Lahore City","Lahore City","03204566464","https://www.google.com/maps?q=31.5598660,74.2773880"
"1385","Shami kite house","Kite Flying - Seller","Commercial Area, Lahore – Kasur Rd, Fazlia Colony, Lahore, 54000, Pakistan, Model Town","Model Town","03214798473","https://www.google.com/maps?q=31.5288850,74.3227670"
"1386","Usman ki betkh","Kite Flying - Seller","H8MG+39G, Inside Dehligate, near Hawali Alif Shah, Kucha Deputy Alam Shah Walled City of Lahore, Lahore, 54000, Pakistan, Lahore City","Lahore City","03244636268","https://www.google.com/maps?q=31.5826930,74.3259880"
"1387","KITE HUB","Kite Flying - Seller","9-A Shalimar Link Road, Muslim Colony Mughalpura, Lahore, 54840, Pakistan, Shalimar Town","Shalimar Town","03480044505","https://www.google.com/maps?q=31.5771510,74.3813710"
"1388","Alkaram Association","Kite Flying - Manufacturer","G7QG+HV3, Jaffaria Colony Shera Kot, Lahore, 54000, Pakistan, Lahore City","Lahore City","03334260501","https://www.google.com/maps?q=31.5387110,74.2773490"
"1389","HARAM TRADERS","Kite Flying - Seller","H8C2+8FM, St Nagar, Lahore, 54000, Pakistan, Lahore City","Lahore City","03224258190","https://www.google.com/maps?q=31.5706920,74.3011430"
"1390","Boo Kata kite","Kite Flying - Manufacturer","24 Mughalpura Rd, Garhi Shahu, Lahore, 54000, Pakistan, Shalimar Town","Shalimar Town","03004318970","https://www.google.com/maps?q=31.5634580,74.3476810"
"1391","Lahore kite fly","Kite Flying - Seller","H8R3+HX8, Kacha Ravi Rd, Karim Park Lahore, Pakistan, Lahore City","Lahore City","03104424148","https://www.google.com/maps?q=31.5918320,74.3045560"
"1392","Alkaram Association","Kite Flying - Seller","G7QH+XJ4, Street 21, Shera Kot Lahore, 54000, Pakistan, Lahore City","Lahore City","03334260501","https://www.google.com/maps?q=31.5398690,74.2790740"
"1393","Arif kit","Kite Flying - Seller","G9C5+9MV, Block N Gulberg III, Lahore, Pakistan, Model Town","Model Town","03114661152","https://www.google.com/maps?q=31.5211010,74.3591750"
"1394","FAREED KITE HOUSE","Kite Flying - Seller","F924+H2X, Main Bazar, Muft pura Gul Colony, Lahore, Pakistan, Model Town","Model Town","03084334077","https://www.google.com/maps?q=31.4514860,74.3551080"
"1395","Zafar Kite Store Lahore Cantt","Kite Flying - Seller","184 Allama Iqbal Rd, Mustafabad, Lahore, Pakistan, Lahore Cantt","Lahore Cantt","03004506463","https://www.google.com/maps?q=31.5511370,74.3639940"
"1396","Naseer Kite Maker","Kite Flying - Manufacturer","H8JW+QPM, Main Tazab Ahatta Road, near Ghuray Shah Chowk, Tezab Ahata Sultanpura Misri Shah, Lahore, Pakistan, Ravi Town","Ravi Town","03224259861","https://www.google.com/maps?q=31.5819860,74.3468250"
"1397","Kite seller","Kite Flying - Seller","H8QV+5RR, Chah Miran Rd, Chah Miran, Lahore, Pakistan, Ravi Town","Ravi Town","03294179731","https://www.google.com/maps?q=31.5880130,74.3445070"
"1398","Madina kite flying","Kite Flying - Seller","G674+Q2 Lahore, Pakistan, Allama Iqbal","Allama Iqbal","03026900951","https://www.google.com/maps?q=31.5144370,74.2050940"
"1399","Nadeem Kite Seller","Kite Flying - Manufacturer","G8H6+4FP, Maqbool Rd, New Shah Kamal Colony Combo Colony, Lahore, 54000, Pakistan, Model Town","Model Town","03334416916","https://www.google.com/maps?q=31.5279040,74.3112310"
"1400","IRFAN Kite Trader","Kite Flying - Seller","G7J5+95, Babu Sabu Lahore, Pakistan, Lahore City","Lahore City","03254026247","https://www.google.com/maps?q=31.5314200,74.2582960"
"1401","U M kite Trade","Kite Flying - Seller","F9V9+4J3, Abid Rd, Islam Nagar Zaman Colony, Lahore, Pakistan, Lahore Cantt","Lahore Cantt","03211147900","https://www.google.com/maps?q=31.4927700,74.3689710"
"1402","AB kites","Kite Flying - Manufacturer","H8J9+7P8, Kasaira Bazar, Mohalla chabuk sawaran Walled City of Lahore, Lahore, 54000, Pakistan, Lahore City","Lahore City","03298309517","https://www.google.com/maps?q=31.5828280,74.3194030"
"1403","Bhatti Kite","Kite Flying - Seller","532-b-3 johar town Lahore 1 Johar Town, Lahore, 54600, Pakistan, Model Town","Model Town","03164839676","https://www.google.com/maps?q=31.4600550,74.2978320"
"1404","Khan Kite Centre","Kite Flying - Seller","145 Khuda-Bukhsh Rd, Sodiwal Sodhiwal, Lahore, 54000, Pakistan, Lahore City","Lahore City","03224502426","https://www.google.com/maps?q=31.5396160,74.2852940"
"1405","Babu Kites","Kite Flying - Manufacturer","HC37+VMW, Harbanspura Rd, Aziz Bhatti Town, Lahore, Pakistan, Shalimar Town","Shalimar Town","03234832119","https://www.google.com/maps?q=31.5548150,74.4139600"
"1406","Afzal Traders","Kite Flying - Seller","H959+G8F, Canal Rd, Upper Mall Scheme, Lahore, 54840, Pakistan, Lahore Cantt","Lahore Cantt","03224190544","https://www.google.com/maps?q=31.5587380,74.3682210"
"1407","Chacha G Kite House","Kite Flying - Seller","H8M5+PX4, Hakiman Bazaar, Kucha Astana Sharif Walled City of Lahore, Lahore, 54000, Pakistan, Lahore City","Lahore City","03035836914","https://www.google.com/maps?q=31.5842900,74.3100240"
"1408","Asim Fast Food","Kite Flying - Seller","F933+PVP, Mast Iqbal Rd, Gulistan Colony Gul Colony, Lahore, Pakistan, Model Town","Model Town","03238860351","https://www.google.com/maps?q=31.4544060,74.3546830"
"1409","Haji khadam bartan store","Kite Flying - Seller","7 Ahbab Colony Rd, Canal View, Lahore, 54000, Pakistan, Allama Iqbal","Allama Iqbal","03054838321","https://www.google.com/maps?q=31.4848510,74.2496480"
"1410","Makkah Store","Kite Flying - Seller","G895+GC9, Clifton Colony Rd, Wahdat Colony, Lahore, 54000, Pakistan, Model Town","Model Town","03237245571","https://www.google.com/maps?q=31.5188070,74.3085920"
"1411","Ahmad Book centre","Kite Flying - Seller","C9RJ+8FX, Atta Bakhsh Rd, Kamahan Village, Lahore, Pakistan, Lahore Saddar","Lahore Saddar","03052832495","https://www.google.com/maps?q=31.4404280,74.3814920"
"1412","Naseer Kite Maker","Kite Flying - Seller","H8JW+QPM, Main Tazab Ahatta Road, near Ghuray Shah Chowk, Tezab Ahata Sultanpura Misri Shah, Lahore, Pakistan, Ravi Town","Ravi Town","03224259861","https://www.google.com/maps?q=31.5820300,74.3468160"
"1413","ABU BAKAR KITE FLYING","Kite Flying - Seller","Joyshah Rd, H74P+RXR, Sanda Kalan, Sanda, Dilkusha Park Sanda, Lahore, 54000, Pakistan, Lahore City","Lahore City","03230470075","https://www.google.com/maps?q=31.5570950,74.2875230"
"1414","UBN Trader","Kite Flying - Seller","H9R2+VPP, Scheme No. 2 Kot Khawaja Saeed, Lahore, Pakistan, Shalimar Town","Shalimar Town","03224023907","https://www.google.com/maps?q=31.5923140,74.3518490"
"1415","Kite Kings Lahore","Kite Flying - Seller","G725+962, Al-Hamd Park Block N Marghzar Housing Scheme, Lahore, Pakistan, Allama Iqbal","Allama Iqbal","03074606099","https://www.google.com/maps?q=31.5008480,74.2578960"
"1416","AS Kites","Kite Flying - Manufacturer","H8JW+MWR, Tezab Ahata Swami Nagar, Lahore, Pakistan, Ravi Town","Ravi Town","03214160565","https://www.google.com/maps?q=31.5817030,74.3472070"
"1417","Bismillah PCO and photocopy","Kite Flying - Seller","FCR8+PFR, Khuda Buksh Colony Gulshan e Ali Colony, Lahore, Pakistan, Lahore Cantt","Lahore Cantt","03454604604","https://www.google.com/maps?q=31.4918640,74.4162360"
"1418","The shop","Kite Flying - Seller","425, Block G4 Block G 4 Phase 2 Johar Town, Lahore, Pakistan, Allama Iqbal","Allama Iqbal","03214481887","https://www.google.com/maps?q=31.4743880,74.2712780"
"1419","Almeer Adventures","Kite Flying - Seller","HCP8+376, Rajba Rd, Sharif Garden, Lahore, Pakistan, Shalimar Town","Shalimar Town","03230428825, 03390009940","https://www.google.com/maps?q=31.5852350,74.4156540"
"1420","AS Kites","Kite Flying - Seller","H8JW+MWR, Tezab Ahata Swami Nagar, Lahore, Pakistan, Ravi Town","Ravi Town","03214160565","https://www.google.com/maps?q=31.5817180,74.3473180"
"1421","Wasim Kite Flying","Kite Flying - Seller","G7VJ+8Q4، بابو صابو - نوناریاں روڈ، Shera Kot, Lahore, 54000, Pakistan, Lahore City","Lahore City","03284772954","https://www.google.com/maps?q=31.5432360,74.2819620"
"1422","Javed and sons","Kite Flying - Manufacturer","JC52+WX6 Lahore Sialkot Motorway Bypass Interchange, Lahore, Pakistan, Shalimar Town","Shalimar Town","03035768613","https://www.google.com/maps?q=31.6098260,74.4023320"
"1423","MALIK KITE ZONE","Kite Flying - Seller","Street No 2, Walton Rd, Yasrab Colony Qadri Colony, Lahore, Pakistan, Lahore Cantt","Lahore Cantt","03290302802","https://www.google.com/maps?q=31.4868400,74.3666190"
"1424","MAqsood Kite Flying Saler","Kite Flying - Seller","JQX+756 Qaiser Town Shahdara Town Road Shahdara Town Lahore Pakistan, Ravi Town","Ravi Town","03244415252","https://www.google.com/maps?q=31.6348850,74.3014610"
"1425","Railway line","Kite Flying - Seller","House#8 Bagh a Pura Nasir a bad street no 34 , Lahore, 54000, Pakistan, Shalimar Town","Shalimar Town","03098506072","https://www.google.com/maps?q=31.5818360,74.3800640"
"1426","M Aqeel Kite Seller","Kite Flying - Seller","H857+FFC, Mozang Main Bazar, Mozang Chungi, Lahore, 54000, Pakistan, Lahore City","Lahore City","03007571322","https://www.google.com/maps?q=31.5559310,74.3140290"
"1427","SS Kites","Kite Flying - Seller","Bazaar Laal khoh، inside Mochi Gate، Kucha Chagtah Walled City of Lahore, Lahore, 54000, Pakistan, Lahore City","Lahore City","03007410060","https://www.google.com/maps?q=31.5777730,74.3220350"
"1428","Kite pina","Kite Flying - Manufacturer","17 Kacha Hall Rd, Garhi Shahu, Lahore, 54000, Pakistan, Lahore City","Lahore City","03344213152","https://www.google.com/maps?q=31.5636030,74.3188770"
"1429","SHAHEER AHMAD TRADER","Kite Flying - Manufacturer","HFV9+GQ3, Grand Trunk Rd, Bata Pur, Lahore, Pakistan, Wahgah Town","Wahgah Town","03206892872","https://www.google.com/maps?q=31.5938620,74.4694050"
"1430","Asif Traders","Kite Flying - Seller","Plot 14, Township Block 4 Sector B 1 Lahore, Pakistan, Model Town","Model Town","03228006818","https://www.google.com/maps?q=31.4581010,74.3121910"
"1431","Shair Kite House","Kite Flying - Seller","H9FP+GVV, Sahowari Mughalpura, Lahore, Pakistan, Shalimar Town","Shalimar Town","03014777784","https://www.google.com/maps?q=31.5739250,74.3872040"
"1432","ABBAS KITE SELLER","Kite Flying - Seller","10 Main Bazar Siddiqia Colony, Siddiqia Colony Badami Bagh, Lahore, Pakistan, Ravi Town","Ravi Town","03014829426","https://www.google.com/maps?q=31.6041640,74.3301200"
"1433","Masih kite Makers","Kite Flying - Manufacturer","Tomb Of Khan-e-Jahan Zafar Jahan Kokaltash, Canal Rd, Larechs Colony Mughalpura, Lahore, Pakistan, Shalimar Town","Shalimar Town","03245218933","https://www.google.com/maps?q=31.5600950,74.3669350"
"1434","G.I.G. Kite Manufacturers","Kite Flying - Manufacturer","House #E-1352, St #2, Mohallah Marium Nishat Colony, Lahore Cantt","Lahore Cantt","03314711625","https://www.google.com/maps?q=31.4908710,74.3931580"
"1435","SA Kites","Kite Flying - Seller","Malik Munir Rd, H74P+3X7, Sanda Kalan, Sanda, D Block Block D Gulshan-e-Ravi, Lahore, 54000, Pakistan, Lahore City","Lahore City","03224285101","https://www.google.com/maps?q=31.5550960,74.2873910"
"1436","Salman Kite Maker","Kite Flying - Manufacturer","Plot 33, D1 Block Block D 1 Gulshan-e-Ravi, Lahore, 54000, Pakistan, Lahore City","Lahore City","03224919964","https://www.google.com/maps?q=31.5538740,74.2810660"
"1437","Asim kite House","Kite Flying - Manufacturer","J8H2+CC7, Shahdara Town, Shahdara, Pakistan, Ravi Town","Ravi Town","03314118276","https://www.google.com/maps?q=31.6286060,74.3010900"
"1438","Funky Kites","Kite Flying - Manufacturer","F7Q6+76Q, Hanjarwal, Lahore, 54030, Pakistan, Allama Iqbal","Allama Iqbal","03284585696","https://www.google.com/maps?q=31.4881060,74.2608270"
"1439","Danish kite","Kite Flying - Manufacturer","G996+X7P, Khan Colony Lahore, 43555, Pakistan, Lahore City","Lahore City","03184594024","https://www.google.com/maps?q=31.5201630,74.3606280"
"1440","ustad shehzad","Kite Flying - Manufacturer","HC32+P25, Main Bazar Nizamabad, Ghaziabad, Lahore, Pakistan, Shalimar Town","Shalimar Town","03203027194","https://www.google.com/maps?q=31.5542690,74.4000790"
"1441","Mughal Traders & Marketing","Kite Flying - Seller","54-F Multan Rd, P&t Colony Post & Telegraph Colony, Lahore, 54000, Pakistan, Lahore City","Lahore City","03095558889","https://www.google.com/maps?q=31.5497890,74.2973510"
"1442","ustad shehzad","Kite Flying - Seller","HC32+P25, Main Bazar Nizamabad, Ghaziabad, Lahore, Pakistan, Shalimar Town","Shalimar Town","03203027194","https://www.google.com/maps?q=31.5542690,74.4000790"
"1443","Lucky mobile center","Kite Flying - Seller","H8MC+898, Kashmiri Bazar, Mohalla Katra Bash Kucha Jamadaran Walled City of Lahore, Lahore, Pakistan, Lahore City","Lahore City","03228080787","https://www.google.com/maps?q=31.5833070,74.3209680"
"1444","Sajid Kite Fiying","Kite Flying - Seller","133 Circular Rd, Gawalmandi, Lahore, 54000, Pakistan, Lahore City","Lahore City","03044130249","https://www.google.com/maps?q=31.5754670,74.3188220"
"1445","Shah G Kite House","Kite Flying - Seller","G8C6+H56, Combo Colony, Lahore, 54000, Pakistan, Allama Iqbal","Allama Iqbal","03096612251","https://www.google.com/maps?q=31.5210000,74.3107290"
"1446","BUTT KITES TRADERS","Kite Flying - Trader","32 Nisbat Rd, near Al – Muqaram Masjid، Anarkali Bazaar Gawalmandi, Lahore, 54000, Pakistan, Shalimar Town","Shalimar Town","03229748160","https://www.google.com/maps?q=31.5697940,74.3201510"
"1447","Tipu Sain Kite Maker","Kite Flying - Manufacturer","G8C6+H56, Combo Colony, Lahore, 54000, Pakistan, Allama Iqbal","Allama Iqbal","03096612251","https://www.google.com/maps?q=31.5208610,74.3106340"
"1448","Kashi pan shop","Kite Flying - Seller","F9VQ+PV9, Nishat Colony Lahore, Pakistan, Lahore Cantt","Lahore Cantt","03094221978","https://www.google.com/maps?q=31.4941960,74.3895930"
"1449","Awais Traders","Kite Flying - Trader","22، Sector M7C1 لیک سٹی، M7C1, 54790, Pakistan, Raiwind","Raiwind","03204478178","https://www.google.com/maps?q=31.3477930,74.2468290"
"1450","Wt kite","Kite Flying - Manufacturer","32/4, 55-A Outfall Rd, St Nagar, Lahore, 54000, Pakistan, Lahore City","Lahore City","03047741616","https://www.google.com/maps?q=31.5707820,74.2894570"
"1451","Shah G Kite House & Trade","Kite Flying - Trader","G8C6+H56, Combo Colony, Lahore, 54000, Pakistan, Allama Iqbal","Allama Iqbal","03096612251","https://www.google.com/maps?q=31.5210060,74.3106640"
"1452","Hafiz Muhammad Waqar Butt Kites Merchant","Kite Flying - Seller","H8CF+RP3, Gawalmandi, Lahore, 54000, Pakistan, Shalimar Town","Shalimar Town","03224751796","https://www.google.com/maps?q=31.5719740,74.3242670"
"1453","Spectrum Kite Traders","Kite Flying - Seller","H9W3+26H, Scheme No. 2 Scheme No 2, Lahore, Pakistan, Ravi Town","Ravi Town","03234760760","https://www.google.com/maps?q=31.5951420,74.3530710"
"1454","Malik Kites","Kite Flying - Trader","F8G3+5WC, Main Rd, Commercial Area Faisal Town, Lahore, Pakistan, Model Town","Model Town","03004595989","https://www.google.com/maps?q=31.4753990,74.3047570"
"1455","Asif Butt kite house","Kite Flying - Seller","HC74+5FX, Street, Tajpura, Lahore, Pakistan, Shalimar Town","Shalimar Town","03004781062","https://www.google.com/maps?q=31.5629170,74.4062960"
"1456","Muntaha kites","Kite Flying - Manufacturer","H8J5+FP9, Hakiman Bazar, Kucha Faqirkhana Cho Mohalla Walled City of Lahore, Lahore, 54000, Pakistan, Lahore City","Lahore City","03219457173","https://www.google.com/maps?q=31.5810290,74.3094140"
"1457","UB TRADERS","Kite Flying - Seller","H837+RMX, Main Bazar Mozang, Mozang Chungi, Lahore, 54000, Pakistan, Lahore City","Lahore City","03224691966","https://www.google.com/maps?q=31.5545940,74.3141600"
"1458","Muqam Kites Maker","Kite Flying - Manufacturer","GCHP+CXR, Bao Wala Barki Rd, Baoo Wala Block J Park View CHS, Lahore, Pakistan, Lahore Cantt","Lahore Cantt","03351178705","https://www.google.com/maps?q=31.5287330,74.4373030"
"1459","Sajjna Di Hati (Faisal Javed)","Kite Flying - Seller","H9JF+76X, Baghbanpura, Lahore, 54000, Pakistan, Shalimar Town","Shalimar Town","03234152161","https://www.google.com/maps?q=31.5808440,74.3730950"
"1460","imran kites","Kite Flying - Manufacturer","house number d 3840 mohalla inside lohari gate, Lahore City","Lahore City","03238416499","https://www.google.com/maps?q=31.5800450,74.3129280"
"1461","Azeem K","Kite Flying - Seller","F9QR+C93, Maryam Rd, Nishat Colony Lahore, Pakistan, Lahore Cantt","Lahore Cantt","03214143589","https://www.google.com/maps?q=31.4885030,74.3909290"
"1462","Ustad Billa Kite Maker","Kite Flying - Manufacturer","H9R9+HPW, Kot Khawaja Saeed, Lahore, 54000, Pakistan, Shalimar Town","Shalimar Town","03204750404","https://www.google.com/maps?q=31.5915610,74.3693650"
"1463","Fahad kite seller","Kite Flying - Seller","33a Nisbat Rd, Anarkali Bazaar Lahore, 54000, Pakistan, Shalimar Town","Shalimar Town","03211682780","https://www.google.com/maps?q=31.5699660,74.3203430"
"1464","AA Kites","Kite Flying - Seller","G997+3Q Lahore, Pakistan, Lahore City","Lahore City","03294470008","https://www.google.com/maps?q=31.5176380,74.3644720"
"1465","Mashallah kite seller","Kite Flying - Seller","Sehar Road, Singhpura, Lahore, 54000, Pakistan, Shalimar Town","Shalimar Town","03014848004","https://www.google.com/maps?q=31.5795830,74.3751230"
"1466","German Kite House","Kite Flying - Trader","C8M5+3X3, Sector D2 Sector D 2 Block 5 Green Town, Lahore, 54770, Pakistan, Model Town","Model Town","03284832204","https://www.google.com/maps?q=31.4327080,74.3099120"
"1467","Vicky enterprises","Kite Flying - Manufacturer","F9F8+JJ7, Al Noor Town, Lahore, Pakistan, Model Town","Model Town","03231428636","https://www.google.com/maps?q=31.4740050,74.3662410"
"1468","Sufi General Store & Guddi Frosh","Kite Flying - Trader","H8V2+F3F، Qasoor Pura Bazar Rd، Qasurpura, Lahore, Pakistan, Lahore City","Lahore City","03044396546","https://www.google.com/maps?q=31.5936820,74.3002170"
"1469","ALL PAKISTAN KITE MAKERS ASSOCIATION","Kite Flying Association","Plot 531, Township Block 2 Sector B 2 Lahore, Pakistan, Model Town","Model Town","03214175911","https://www.google.com/maps?q=31.4557870,74.3101280"
"1470","Thekadar Kite Seller","Kite Flying - Seller","G7VR+X4X, Usman St, Gulzaib Colony Samanabad Town, Lahore, 54000, Pakistan, Lahore City","Lahore City","03211049837","https://www.google.com/maps?q=31.5450750,74.2901250"
"1471","Principle kite","Kite Flying - Seller","G7HQ+9RJ, Ittehad Colony Baitul Raza Colony, Lahore, 54000, Pakistan, Lahore City","Lahore City","03114687396","https://www.google.com/maps?q=31.5286720,74.2895480"
"1472","Shahid kite house","Kite Flying - Seller","G8J9+G73, Ichhra Shah Din Scheme Lahore, 54000, Pakistan, Model Town","Model Town","03214647203","https://www.google.com/maps?q=31.5313210,74.3182040"
"1473","Azan Kite Flying","Kite Flying - Seller","F764+Q4V, Abbas St, Rasūlpur Rasoolpur, Lahore, Pakistan, Allama Iqbal","Allama Iqbal","03019400021","https://www.google.com/maps?q=31.4619440,74.2554650"
"1474","Khawaja sultan bans store","Kite Flying - Manufacturer","H8F8+5QW, Baans Bazar, Anarkali Bazaar Gawalmandi, Lahore, 54000, Pakistan, Lahore City","Lahore City","03068596932","https://www.google.com/maps?q=31.5728040,74.3171030"
"1475","Rajpoot kite house","Kite Flying - Seller","99P8+57J, Gajju Matah, Pakistan, Nishter Town","Nishter Town","03256560665","https://www.google.com/maps?q=31.3854360,74.3654660"
"1476","RI kite Seller","Kite Flying - Seller","G996+PFH, Defence Road, near Bhatta Chowk, near Jazz franchise, Khan Colony Lahore, Pakistan, Model Town","Model Town","03044308649","https://www.google.com/maps?q=31.5192630,74.3609920"
"1477","Khawaja sultan bans store l","Kite Flying - Seller","street no 4 Railway Rd, opposite islamia collage, Gawalmandi, Lahore, 54000, Pakistan, Shalimar Town","Shalimar Town","03068596932","https://www.google.com/maps?q=31.5727440,74.3170190"
"1478","Adnan kites","Kite Flying - Trader","99F3+RQF, Kahna Kacha Rd, Kahna Nau, Kahna, Pakistan, Nishter Town","Nishter Town","03014892744","https://www.google.com/maps?q=31.3746220,74.3544850"
"1479","TZ Kites Store","Kite Flying - Seller","H88R+6P7, Muhammad Nagar Garhi Shahu, Lahore, Pakistan, Shalimar Town","Shalimar Town","03244563500","https://www.google.com/maps?q=31.5655930,74.3417320"
"1480","Jaguar Kite Store","Kite Flying - Seller","5-6 Jail Rd, Gulberg V, Lahore, Pakistan, Lahore City","Lahore City","03444060912","https://www.google.com/maps?q=31.5347760,74.3468500"
"1481","Mahmood Akhtar Kite Manufacturers","Kite Flying - Manufacturer","G9GC+2MM, Multan Rd, Mansoora Bazar Cantt, Lahore, 54000, Pakistan, Lahore Cantt","Lahore Cantt","03310177723","https://www.google.com/maps?q=31.5246850,74.3718770"
"1482","Jsf electronics","Kite Flying - Seller","A block Rail Town Lahore, Pakistan, Allama Iqbal","Allama Iqbal","03205877662","https://www.google.com/maps?q=31.4391050,74.2040250"
"1483","GM Kite Hut","Kite Flying - Manufacturer","H9CM+X87, Sahowari Ramgarh, Lahore, Pakistan, Shalimar Town","Shalimar Town","03008826647","https://www.google.com/maps?q=31.5723100,74.3835310"
"1484","Colour Kites","Kite Flying - Manufacturer","C9M6+92V, Main Bazar Awan Market, opposite pak arab housing society, Awan Market, Lahore, Pakistan, Nishter Town","Nishter Town","03009419360","https://www.google.com/maps?q=31.4333150,74.3599590"
"1485","Khawaja kites","Kite Flying - Seller","Arifabad, Nadirabad, Lahore, Pakistan, Lahore Cantt","Lahore Cantt","03186149179","https://www.google.com/maps?q=31.4913250,74.4084530"
"1486","National trader's","Kite Flying - Manufacturer","G998+Q5 Lahore, Pakistan, Lahore Cantt","Lahore Cantt","03228013018","https://www.google.com/maps?q=31.5194670,74.3653760"
"1487","Evergreen Engineering","Kite Flying - Seller","C7CM+H3H, Block A Military Accounts Chs, Lahore, Pakistan, Model Town","Model Town","03035860867","https://www.google.com/maps?q=31.4213880,74.2828590"
"1488","Anmol General Store","Kite Flying - Manufacturer","F9W6+69G, Madina Colony, Lahore, Pakistan, Shalimar Town","Shalimar Town","03008832021","https://www.google.com/maps?q=31.4956780,74.3609640"
"1489","khuram kite makers","Kite Flying - Manufacturer","H8RH+F2J, Farooq Gunj Bazar Rd, Farooq Gunj Mohalla Habib Gunj, Lahore, Pakistan, Ravi Town","Ravi Town","03214832218","https://www.google.com/maps?q=31.5912830,74.3275610"
"1490","Raza Kites and Dor Factory","Kite Flying - Manufacturer","H9MW+48J, Sue Wala Rd, opposite Nadia Ghee Mills،، Khan Colony, Lahore, 54000, Pakistan, Shalimar Town","Shalimar Town","03218499350","https://www.google.com/maps?q=31.5826480,74.3959450"
"1491","Malik kites","Kite Flying - Seller","G9XM+54H, Bangali Mohalla Lahore, Pakistan, Lahore Cantt","Lahore Cantt","03099991629","https://www.google.com/maps?q=31.5477020,74.3829140"
"1492","Amir kite selling home","Kite Flying - Seller","Bazaar Laal khoh، inside Mochi Gate، Kucha Chagtah Walled City of Lahore, Lahore, 54000, Pakistan, Lahore City","Lahore City","03217011459","https://www.google.com/maps?q=31.5778860,74.3220800"
"1493","Kite mastero","Kite Flying - Seller","G724+6VM, Al-Hamd Park Block N Marghzar Housing Scheme, Lahore, Pakistan, Allama Iqbal","Allama Iqbal","03051931947","https://www.google.com/maps?q=31.5005260,74.2571480"
"1494","Adnan kites","Kite Flying - Manufacturer","24 Km Main Lahore – Kasur Rd, near Gourmet Bakery, Kahna Nau, Kahna, Pakistan, Nishter Town","Nishter Town","03014892744","https://www.google.com/maps?q=31.3724610,74.3655360"
"1495","GOGA KITES","Kite Flying - Seller","2a Bhogiwal Rd, Baghbanpura, Lahore, 54920, Pakistan, Shalimar Town","Shalimar Town","03214648737","https://www.google.com/maps?q=31.5899230,74.3691910"
"1496","SHAHID KITE MAKER","Kite Flying - Manufacturer","H7GW+8Q3, Data Gunj Buksh Town, Lahore, 54000, Pakistan, Lahore City","Lahore City","03234453103","https://www.google.com/maps?q=31.5761350,74.2970950"
"1497","Pk kites","Kite Flying - Manufacturer","C954+2V2, Anum Rd, Glaxo Town, Lahore, Pakistan, Nishter Town","Nishter Town","03214840158","https://www.google.com/maps?q=31.4071110,74.3575800"
"1498","Garosari","Kite Flying - Seller","H87X+MRR, Garhi Shahu, Lahore, Pakistan, Shalimar Town","Shalimar Town","03204908940","https://www.google.com/maps?q=31.5642580,74.3494240"
"1499","KITE SELLER","Kite Flying - Seller","Suite #5, Lower Ground Floor MK Arcade، 32 Davis Road, Garhi Shahu, Lahore, Pakistan, Shalimar Town","Shalimar Town","03354021305","https://www.google.com/maps?q=31.5572120,74.3394540"
"1500","SHAHID KITE SELLER","Kite Flying - Seller","H7GW+8Q3, Data Gunj Buksh Town, Lahore, 54000, Pakistan, Lahore City","Lahore City","03234453103","https://www.google.com/maps?q=31.5761680,74.2970810"
"1501","Two Star Kites","Kite Flying - Manufacturer","G9Q6+6P9, Mian Mir Colony Lahore, Pakistan, Lahore Cantt","Lahore Cantt","03055727167","https://www.google.com/maps?q=31.5379210,74.3617170"
"1502","Papu Book Center","Kite Flying - Seller","676, H Block Youhanabad, Lahore, 57400, Pakistan, Nishter Town","Nishter Town","03074238637","https://www.google.com/maps?q=31.4108870,74.3631340"
"1503","Meher kite house","Kite Flying - Seller","H8HC+49Q, Mochi Gate Walled City of Lahore, Lahore, 54000, Pakistan, Lahore City","Lahore City","03320030027","https://www.google.com/maps?q=31.5775360,74.3210790"
"1504","Essa Traders","Kite Flying - Seller","Khawaja Farid Rd, Block D 1, Gulshan-e-Ravi, Block D 1 Gulshan-e-Ravi, Lahore, 54000, Pakistan, Lahore City","Lahore City","03204835140","https://www.google.com/maps?q=31.5535950,74.2833900"
"1505","Makhan kite maker","Kite Flying - Manufacturer","137 Krishna Street, Haq Nawaz Rd, Baghbanpura, Lahore, 54000, Pakistan, Shalimar Town","Shalimar Town","03184530631","https://www.google.com/maps?q=31.5828390,74.3742960"
"1506","Ak kites","Kite Flying - Seller","F7M6+R7G, Samsani Road, Mustafa Town, Lahore, Pakistan, Lahore City","Lahore City","03054479747","https://www.google.com/maps?q=31.4845490,74.2606390"
"1507","Kamran kite flying shop","Kite Flying - Trader","H8VQ+QH8, Shadbagh Rd, Shad Bagh, Lahore, Pakistan, Ravi Town","Ravi Town","03202551738","https://www.google.com/maps?q=31.5944420,74.3389350"
"1508","Hafiz Trader","Kite Flying - Trader","Shop#7 gori center, Hall Rd, Garhi Shahu, Lahore, 54000, Pakistan, Lahore City","Lahore City","03164846051","https://www.google.com/maps?q=31.5639290,74.3206280"
"1509","Khalifa kite maker","Kite Flying - Manufacturer","H8J5+PC2, Noor Mohalla St, Noor Mohalla Jogi Mohalla Kucha Faqirkhana Walled City of Lahore, Lahore, 54000, Pakistan, Lahore City","Lahore City","03244512101","https://www.google.com/maps?q=31.5818280,74.3084000"
"1510","Makhan kite seller","Kite Flying - Seller","137 Krishna Street, Haq Nawaz Rd, Baghbanpura, Lahore, 54000, Pakistan, Shalimar Town","Shalimar Town","03184530631","https://www.google.com/maps?q=31.5828390,74.3742960"
"1511","Boo kata kite","Kite Flying - Trader","H984+F9M, Road, Larechs Colony Mughalpura, Lahore, Pakistan, Shalimar Town","Shalimar Town","03004108310","https://www.google.com/maps?q=31.5657430,74.3563070"
"1512","Sultan Ahmad Basant Kite Seller","Kite Flying - Seller","F7W5+PWJ, Maraghzar Colony Kakazai, Lahore, Pakistan, Allama Iqbal","Allama Iqbal","03212966760","https://www.google.com/maps?q=31.4967520,74.2598690"
"1513","Al Janat entere prises","Kite Flying - Trader","street, no 123 house, 60 Nisbat Rd, Anarkali Bazaar Lahore, 54000, Pakistan, Lahore City","Lahore City","03214500773","https://www.google.com/maps?q=31.5714820,74.3180120"
"1514","Jhollay Lal Store","Kite Flying - Seller","House No.6, Street No. 35, Mohalla Feroz ganj Garhi Shahu Lahore, Shalimar Town","Shalimar Town","03117833913","https://www.google.com/maps?q=31.5639080,74.3499380"
"1515","Wind Master Kites","Kite Flying - Seller","240 Allama Iqbal Rd, Dharampura, Lahore, Pakistan, Lahore Cantt","Lahore Cantt","03484192903","https://www.google.com/maps?q=31.5506494,74.3682414"
"1516","Papu kite trader","Kite Flying - Trader","Shop#2 Al-Mumtaz Rd, near buns road station, Samanabad Town, Lahore, 54000, Pakistan, Lahore City","Lahore City","03004405466","https://www.google.com/maps?q=31.5304970,74.2925830"
"1517","Bawa g trader","Kite Flying - Trader","J8H2+Q5C Ittehad Park, Shahdara Town, Shahdara, Pakistan, Ravi Town","Ravi Town","03034639358","https://www.google.com/maps?q=31.6294320,74.3003980"
"1518","Ak & Co.","Kite Flying - Manufacturer","40 Khalid Shah St, Sahowari Ramgarh, Lahore, Pakistan, Shalimar Town","Shalimar Town","03231996830","https://www.google.com/maps?q=31.5712160,74.3867530"
"1519","Malik kite flying","Kite Flying - Seller","H9P7+8JJ, Tajpura road, Islampura Kot Khawaja Saeed, Lahore, 54000, Pakistan, Shalimar Town","Shalimar Town","03273232000","https://www.google.com/maps?q=31.5857100,74.3673800"
"1520","SA Kites","Kite Flying - Manufacturer","Malik Munir Rd, H74P+3X7, Sanda Kalan, Sanda, D Block Block D Gulshan-e-Ravi, Lahore, 54000, Pakistan, Lahore City","Lahore City","03224285101","https://www.google.com/maps?q=31.5550960,74.2873910"
"1521","Hafiz Trader","Kite Flying - Manufacturer","HC22+H8M, Al-Faisal Town, Lahore, Pakistan, Shalimar Town","Shalimar Town","03164846051","https://www.google.com/maps?q=31.5513120,74.4007730"
"1522","AZ JEANS","Kite Flying - Seller","H-689 Chowk masjid wazir Khan Delhi gate, Chota Mufti Baqar Walled City of Lahore, Lahore, Pakistan, Lahore City","Lahore City","03234881224","https://www.google.com/maps?q=31.5833610,74.3235400"
"1523","Rana kites","Kite Flying - Manufacturer","J79X+X5Q, Ravi Clifton St, Shahdara Town, Lahore, Pakistan, Ravi Town","Ravi Town","03140485526","https://www.google.com/maps?q=31.6198980,74.2981090"
"1524","Hamza kites","Kite Flying - Seller","F82R+9G3, Quaid e Millat Colony, Lahore, Pakistan, Model Town","Model Town","03298474485","https://www.google.com/maps?q=31.4508980,74.3412960"
"1525","Miraj din kite manufacturer","Kite Flying - Manufacturer","HFX7+HJ6, Rehmatpura Nai Abadi, Lahore, Pakistan, Wahgah Town","Wahgah Town","03024240043","https://www.google.com/maps?q=31.5986290,74.4641260"
"1526","Hafiz Trader","Kite Flying - Seller","HC22+FCX, Al-Faisal Town, Lahore, Pakistan, Shalimar Town","Shalimar Town","03164846051","https://www.google.com/maps?q=31.5511700,74.4007680"
"1527","Husnain kite shop","Kite Flying - Seller","99P8+737, Gajju Matah, Pakistan, Nishter Town","Nishter Town","03064372402","https://www.google.com/maps?q=31.3856520,74.3651780"
"1528","DiscountHub","Kite Flying - Manufacturer","F9VQ+PHG, Nishat Colony Lahore, Pakistan, Lahore Cantt","Lahore Cantt","03219400359","https://www.google.com/maps?q=31.4940930,74.3889900"
"1529","Mithu pan shop","Kite Flying - Seller","Astana Naqshbandi Bazar, Zaitoon Colony, Lahore, 54920, Pakistan, Shalimar Town","Shalimar Town","03009448861","https://www.google.com/maps?q=31.5852010,74.4043590"
"1530","AbdurRehman Kite Traders","Kite Flying - Trader","G7JX+8M6, Samanabad Town, Lahore, 54000, Pakistan, Lahore City","Lahore City","03208536155","https://www.google.com/maps?q=31.5308670,74.2991500"
"1531","Basant Lahore Festivals","Kite Flying - Seller","FCM9+X78, Rohi Nala Rd, Kohār Phase 2 Cantt View Housing Scheme, Lahore, Pakistan, Lahore Cantt","Lahore Cantt","03227951432","https://www.google.com/maps?q=31.4857580,74.4196510"
"1532","Hamza store","Kite Flying - Seller","H8C9+WMV, Gawalmandi, Lahore, 54000, Pakistan, Shalimar Town","Shalimar Town","03204492070","https://www.google.com/maps?q=31.5724300,74.3191970"
"1533","PAKISTAN KITE HOUSE","Kite Flying - Seller","FC3Q+XXP, Babu Mehar Town, Lahore, Pakistan, Lahore Saddar","Lahore Saddar","03013534619","https://www.google.com/maps?q=31.4548290,74.4402930"
"1534","MJK Traders","Kite Flying - Seller","H9FP+2XQ, Sahowari Ramgarh, Lahore, Pakistan, Shalimar Town","Shalimar Town","03248819491","https://www.google.com/maps?q=31.5728080,74.3875440"
"1535","ARIF KITE HOUSE","Kite Flying - Seller","266 Grand Trunk Rd, Baghbanpura, Lahore, 54000, Pakistan, Shalimar Town","Shalimar Town","03214111841","https://www.google.com/maps?q=31.5829740,74.3780300"
"1536","I/35 Mochi Gate lahore","Kite Flying - Seller","H8HC+2QV, Mohalla Porbian Kucha Chagtah Walled City of Lahore, Lahore, 54000, Pakistan, Lahore City","Lahore City","03008808761","https://www.google.com/maps?q=31.5775070,74.3217230"
"1537","Waqar associates","Kite Flying - Trader","Aviation View Housing Society, DHA Phase 8, Commerical Broadway, Lahore Cantt, Tibba, Lahore, Pakistan, Lahore Cantt","Lahore Cantt","03234809165","https://www.google.com/maps?q=31.4959550,74.4279320"
"1538","Rizwan Manyari","Kite Flying - Seller","89HR+2GV, Julkay Village, Lahore, Pakistan, Nishter Town","Nishter Town","03014741284","https://www.google.com/maps?q=31.3275580,74.3911370"
"1539","Abid kite","Kite Flying - Manufacturer","H8PG+349, Sheranwala Bazar, Nawan Mohalla Walled City of Lahore, Lahore, Pakistan, Lahore City","Lahore City","03234094759","https://www.google.com/maps?q=31.5851460,74.3252610"
"1540","Siraj sons","Kite Flying - Seller","Plot 8, DHA Phase 4 Sector CCA Dha Phase 4, Lahore, Pakistan, Lahore Cantt","Lahore Cantt","03004623439","https://www.google.com/maps?q=31.4636040,74.3834990"
"1541","Azam Kite Manufacturing","Kite Flying - Manufacturer","J7JW+73C, Street No. 6, Seraj Park Shahdara Town, Shahdara, Pakistan, Ravi Town","Ravi Town","03248459812","https://www.google.com/maps?q=31.6306480,74.2950960"
"1542","Miraj kites","Kite Flying - Seller","J769+JRF, Shahdara Town, Lahore, Pakistan, Ravi Town","Ravi Town","03207116528","https://www.google.com/maps?q=31.6113850,74.2690060"
"1543","Riaz kite","Kite Flying - Seller","Main Bazar, Sanda Rd, Sanda Lahore, 54000, Pakistan, Lahore City","Lahore City","03204306835","https://www.google.com/maps?q=31.5587130,74.2799970"
"1544","AB kites","Kite Flying - Seller","H862+P69, Sanda Rd, Islampura, Lahore, 54000, Pakistan, Lahore City","Lahore City","03153662336","https://www.google.com/maps?q=31.5618470,74.3005740"
"1545","Decent kites","Kite Flying - Seller","107 main Outfall Rd, Data Gunj Buksh Town, Lahore, 54000, Pakistan, Lahore City","Lahore City","03224884000","https://www.google.com/maps?q=31.5739810,74.2963840"
"1546","Abid kite","Kite Flying - Seller","H8PG+349, Sheranwala Bazar, Nawan Mohalla Walled City of Lahore, Lahore, Pakistan, Lahore City","Lahore City","03234094759","https://www.google.com/maps?q=31.5851360,74.3252450"
"1547","AK Traders","Kite Flying - Seller","H97Q+W6C, Gunj Lahore, Pakistan, Shalimar Town","Shalimar Town","03354766735","https://www.google.com/maps?q=31.5649340,74.3879910"
"1548","Rajput Transportation","Kite Flying - Seller","Plot 673, Nargis Block Allama Iqbal Town, Lahore, 54000, Pakistan, Model Town","Model Town","03040437072","https://www.google.com/maps?q=31.5155680,74.2812400"
"1549","Zohan kite & Door Maker","Kite Flying - Manufacturer","C8J3+33X, Bagrian Lahore, Pakistan, Model Town","Model Town","03234036886","https://www.google.com/maps?q=31.4304610,74.3027600"
"1550","SHEIKH KITE & DOR TRADERS","Kite Flying - Trader","H8HF+5VF, Ram Gali Naulakha, Lahore, 54000, Pakistan, Ravi Town","Ravi Town","03004510180","https://www.google.com/maps?q=31.5779150,74.3248120"
"1551","Muskan Cosmetics","Kite Flying - Seller","F6JP+98Q, Multan Rd, Thokar Niaz Baig, Lahore, Pakistan, Allama Iqbal","Allama Iqbal","03134418981","https://www.google.com/maps?q=31.4806370,74.2358130"
"1552","SHEIKH,S KITE,S","Kite Flying - Manufacturer","H77W+GHM, Islampura, Lahore, 54000, Pakistan, Lahore City","Lahore City","03054830055","https://www.google.com/maps?q=31.5639440,74.2968570"
"1553","Usman Sharafat","Kite Flying - Manufacturer","H#20,St#140A, mohallah aman park baghbanpura lahore, Shalimar Town","Shalimar Town","03014496687","https://www.google.com/maps?q=31.5176020,74.3648500"
"1554","Mitho kites","Kite Flying - Seller","FCR5+J92, Bedian Rd, Nadirabad, Lahore, 54792, Pakistan, Lahore Cantt","Lahore Cantt","03214090285","https://www.google.com/maps?q=31.4913680,74.4084570"
"1555","YOUSAF KITE FLYING","Kite Flying - Seller","F955+RWF, Main St, Shoukat Town Gul Colony, Lahore, 54600, Pakistan, Model Town","Model Town","03014508655","https://www.google.com/maps?q=31.4595220,74.3599130"
"1556","MK Traders","Kite Flying - Seller","G9XF+CWW, Street 71, Bazaz Mohalla, Lahore, Pakistan, Lahore Cantt","Lahore Cantt","03234008196","https://www.google.com/maps?q=31.5484770,74.3748730"
"1557","SHEIKH,S Kite.s","Kite Flying - Seller","Owais Qarni Rd, Islampura, Lahore, 54000, Pakistan, Lahore City","Lahore City","03054830055","https://www.google.com/maps?q=31.5640400,74.2988010"
"1558","Golden Traders","Kite Flying - Manufacturer","H8WQ+Q5P, Amir Rd, Shad Bagh, Lahore, Pakistan, Ravi Town","Ravi Town","03345599064","https://www.google.com/maps?q=31.5969710,74.3379620"
"1559","Masurry","Kite Flying - Trader","Plot 307, Township Block 1 Sector D1 Lahore, Pakistan, Model Town","Model Town","03214535358","https://www.google.com/maps?q=31.4428650,74.3064470"
"1560","SHEIKH TRADERS","Kite Flying - Trader","Plot 492, Karim Block Allama Iqbal Town, Lahore, Pakistan, Model Town","Model Town","03219999384","https://www.google.com/maps?q=31.5073760,74.2778190"
"1561","Swag Kites","Kite Flying - Trader","G8H8+XH3, Ichhra Shah Din Scheme Lahore, 54000, Pakistan, Model Town","Model Town","03224846674","https://www.google.com/maps?q=31.5298790,74.3164410"
"1562","Farooqi trader","Kite Flying - Seller","79Main Ravi Block Rd, Ravi Block Allama Iqbal Town, Lahore, 54000, Pakistan, Model Town","Model Town","03264373368","https://www.google.com/maps?q=31.5133210,74.2798740"
"1563","Umer Kite Center","Kite Flying - Seller","24 Shadab Colony Rd, Sherwani Town, Lahore, Pakistan, Model Town","Model Town","03039149199","https://www.google.com/maps?q=31.4242490,74.3498190"
"1564","HM Kites","Kite Flying - Manufacturer","H9HG+CPM, Street Number 7, Singhpura, Lahore, 54000, Pakistan, Shalimar Town","Shalimar Town","03204580637","https://www.google.com/maps?q=31.5785750,74.3762200"
"1565","Spectrum Kite manufacturer","Kite Flying - Manufacturer","H9W4+54R, Tariq Shaheed Rd, Bhagatpura, Lahore, Pakistan, Ravi Town","Ravi Town","03234760760","https://www.google.com/maps?q=31.5954550,74.3555120"
"1566","N.A TRADERS","Kite Flying - Seller","2 Sultan Ahmed Rd, Ichhra Lahore, 54000, Pakistan, Model Town","Model Town","03337400003","https://www.google.com/maps?q=31.5317510,74.3199170"
"1567","Malik kite Reseller","Kite Flying - Seller","97FM+4WF, Halloki, Lahore, Pakistan, Nishter Town","Nishter Town","03057272956","https://www.google.com/maps?q=31.3728110,74.2848520"
"1568","19 Crust Prizza","Kite Flying - Seller","Plot 130 S, Model Town Extension Block S Model Town, Lahore, Pakistan, Model Town","Model Town","03078742522","https://www.google.com/maps?q=31.4697880,74.3321370"
"1569","IB trader","Kite Flying - Seller","Bazaar Laal khoh، inside Mochi Gate، Kucha Chagtah Walled City of Lahore, Lahore, 54000, Pakistan, Lahore City","Lahore City","03009436843","https://www.google.com/maps?q=31.5777730,74.3220350"
"1570","Al Jannat Store","Kite Flying - Manufacturer","C8WW+GF6, Usman Ghani Rd, Quaid e Millat Colony, Lahore, 54700, Pakistan, Model Town","Model Town","03004705676","https://www.google.com/maps?q=31.4463280,74.3461770"
"1571","Shahzad Maker","Kite Flying - Manufacturer","103 Nawazish Ali Rd, Gawalmandi, Lahore, 52000, Pakistan, Shalimar Town","Shalimar Town","03227971856","https://www.google.com/maps?q=31.5708610,74.3274660"
"1572","Iqbal Kites","Kite Flying - Seller","F9F6+FGW, Al-Noor Town Al Noor Town, Lahore, Pakistan, Nishter Town","Nishter Town","03034319164","https://www.google.com/maps?q=31.4738300,74.3611480"
"1573","Hussnain kite and cold drink corner","Kite Flying - Seller","C5C9+JV5, Multan Rd, Chung, Lahore, Pakistan, Allama Iqbal","Allama Iqbal","03123604629","https://www.google.com/maps?q=31.4215130,74.1697230"
"1574","Mobile Shop","Kite Flying - Manufacturer","J6M7+RC Gulfishan Town, Lahore, Pakistan, Model Town","Model Town","03204053637","https://www.google.com/maps?q=31.6345500,74.2135270"
"1575","Lahore Kites","Kite Flying - Manufacturer","H97R+989, MuhammadPura Lalpul Canal View Park, Lahore, Pakistan, Shalimar Town","Shalimar Town","03091016607","https://www.google.com/maps?q=31.5746350,74.3921080"
"1576","G.M kite","Kite Flying - Seller","G7VR+XW5, Kalyar Rd, Samanabad Town, Lahore, 54000, Pakistan, Lahore City","Lahore City","03249435096","https://www.google.com/maps?q=31.5448990,74.2923700"
"1577","Asif book center","Kite Flying - Seller","F7V6+G6G, Mansoorha Main Bazaar Rd, Mansoora Bazar Cresent Town, Lahore, Pakistan, Allama Iqbal","Allama Iqbal","03065716520","https://www.google.com/maps?q=31.4938210,74.2605850"
"1578","pak kite","Kite Flying - Trader","HCC5+8PF, Fatehgarh, Lahore, Pakistan, Shalimar Town","Shalimar Town","03251500555","https://www.google.com/maps?q=31.5708310,74.4095790"
"1579","Asif kite manufacturer","Kite Flying - Manufacturer","457, Block N Gulberg III, Lahore, Pakistan, Lahore Cantt","Lahore Cantt","03214367339","https://www.google.com/maps?q=31.5198780,74.3592880"
"1580","G men Traders","Kite Flying - Seller","Tariq Building, Sanda Rd, Sanda Shams-ud-Din, Islampura, Lahore, Punjab, H77M+HCF, Sanda Khurd, Lahore, 54000, Pakistan, Lahore City","Lahore City","03229478422","https://www.google.com/maps?q=31.5639350,74.2835280"
"1581","Comfort Mobile","Kite Flying - Manufacturer","F9QR+C93, Maryam Rd, Nishat Colony Lahore, Pakistan, Lahore Cantt","Lahore Cantt","03224869211","https://www.google.com/maps?q=31.4885030,74.3909290"
"1582","Shaban Traders","Kite Flying - Seller","HC62+3C6, Ghaziabad, Lahore, Pakistan, Shalimar Town","Shalimar Town","03208384000","https://www.google.com/maps?q=31.5599390,74.4009420"
"1583","Estate consultant","Kite Flying - Manufacturer","C7XW+WH3, Ghausia Colony, Lahore, 54770, Pakistan, Model Town","Model Town","03078870611","https://www.google.com/maps?q=31.4495870,74.2966550"
"1584","Emmanuel stationery shop","Kite Flying - Manufacturer","F8CR+8G3, Main Bahar Colony Rd, Bahar Colony Lahore, Pakistan, Model Town","Model Town","03134500474","https://www.google.com/maps?q=31.4708210,74.3413100"
"1585","Asad Kite Maker","Kite Flying - Manufacturer","F9C6+VC5, Ichhra Rasool Park, Lahore, 54000, Pakistan, Model Town","Model Town","03324183953","https://www.google.com/maps?q=31.5370990,74.3124520"
"1586","Chheena Kites","Kite Flying - Trader","Block G4 Block G 4 Phase 2 Johar Town, Lahore, Pakistan, Allama Iqbal","Allama Iqbal","03026666909","https://www.google.com/maps?q=31.4731600,74.2699700"
"1587","Talha kite maker","Kite Flying - Manufacturer","Taj Mahal Park Rd, Salamatpura, Lahore, Pakistan, Shalimar Town","Shalimar Town","03228494142","https://www.google.com/maps?q=31.5797760,74.4168090"
"1588","Laben samuel","Kite Flying - Manufacturer","Tanki Mohalla Railway Power House, H994+F83, Railway Housing Scheme Mughalpura, Lahore, Pakistan, Shalimar Town","Shalimar Town","03078796883","https://www.google.com/maps?q=31.5685700,74.3561840"
"1589","Sufi General Store & Guddi Frosh","Kite Flying - Seller","H8V2+F3F، Qasoor Pura Bazar Rd، Qasurpura, Lahore, Pakistan, Lahore City","Lahore City","03044396546","https://www.google.com/maps?q=31.5936820,74.3002170"
"1590","BISMILLAH KITE & DOR SELLER","Kite Flying - Seller","H89J+H94, Qila Gujjar Singh, Lahore, 54000, Pakistan, Shalimar Town","Shalimar Town","03007433869","https://www.google.com/maps?q=31.5688680,74.3310620"
"1591","GFG Kite Seller","Kite Flying - Seller","HCWW+MMX, Mominpura, Lahore, Pakistan, Wahgah Town","Wahgah Town","03404040620","https://www.google.com/maps?q=31.5964040,74.4464780"
"1592","Daniyal Kite House","Kite Flying - Seller","HCFG+V6P, Harbanspura, Lahore, Pakistan, Shalimar Town","Shalimar Town","03064343800","https://www.google.com/maps?q=31.5747770,74.4255460"
"1593","Husnain kite traders","Kite Flying - Seller","H77R+V3G, Abdali Rd, Sanda Islampura, Lahore, 54030, Pakistan, Lahore City","Lahore City","03054784723","https://www.google.com/maps?q=31.5646660,74.2902740"
"1594","Daniyal Kite House","Kite Flying - Manufacturer","HCFG+V6P, Harbanspura, Lahore, Pakistan, Shalimar Town","Shalimar Town","03064343800","https://www.google.com/maps?q=31.5747770,74.4255460"
"1595","Majestic Showcase","Kite Flying - Manufacturer","F6HR+4P4, Gulzar Colony, Lahore, Pakistan, Allama Iqbal","Allama Iqbal","03014683173","https://www.google.com/maps?q=31.4778100,74.2416310"
"1596","Faisal Kite Traders","Kite Flying - Seller","F952+VG6, Nishtar Town, Lahore, Pakistan, Model Town","Model Town","03092953030","https://www.google.com/maps?q=31.4597630,74.3512660"
"1597","Shah G kite house","Kite Flying - Manufacturer","F924+H2X, Main Bazar, Muft pura Gul Colony, Lahore, Pakistan, Model Town","Model Town","03104016985","https://www.google.com/maps?q=31.4514860,74.3551080"
"1598","Rashid kite store","Kite Flying - Seller","Bilal Masjid ward no 9, Kahna Nau, Lahore, Pakistan, Nishter Town","Nishter Town","03237038699","https://www.google.com/maps?q=31.3680200,74.3726780"
"1599","Auto-rickshaw driver","Kite Flying - Manufacturer","H845+HG2, Peer Bahawal Sher Rd, Muslim Gunj Mozang Chungi, Lahore, 54000, Pakistan, Lahore City","Lahore City","03234862135","https://www.google.com/maps?q=31.5561410,74.3086610"
"1600","Kite Saler","Kite Flying - Manufacturer","Arifabad, Nadirabad, Lahore, Pakistan, Lahore Cantt","Lahore Cantt","03314653201","https://www.google.com/maps?q=31.4912460,74.4087990"
"1601","Rehmani book center","Kite Flying - Manufacturer","F924+H2X, Main Bazar, Muft pura Gul Colony, Lahore, Pakistan, Model Town","Model Town","03224991844","https://www.google.com/maps?q=31.4514860,74.3551080"
"1602","WAQAS KITE HOUSE","Kite Flying - Seller","27 Bahawal Sher Road, Mozang Chungi, Lahore, 54000, Pakistan, Lahore City","Lahore City","03224825463","https://www.google.com/maps?q=31.5560210,74.3074930"
"1603","Khan Baba Kites","Kite Flying - Seller","Plot 131, Block C Sher Shah Colony, Lahore, Pakistan, Model Town","Model Town","03464686983","https://www.google.com/maps?q=31.4077970,74.2225890"
"1604","Star kite shop","Kite Flying - Seller","J83C+84F, Abu Bakar Rd, Badami Bagh, Lahore, Pakistan, Ravi Town","Ravi Town","03234627802","https://www.google.com/maps?q=31.6033220,74.3202900"
"1605","DMS Trading","Kite Flying - Trader","27, 10 Paisa Akhbar St, Anarkali Bazaar Lahore, 54000, Pakistan, Lahore City","Lahore City","03202020529","https://www.google.com/maps?q=31.5746170,74.3116840"
"1606","Goss sopping centre","Kite Flying - Seller","HFPJ+QRR, Manawan, Lahore, Pakistan, Shalimar Town","Shalimar Town","03081492884","https://www.google.com/maps?q=31.5869000,74.4095000"
"1607","ALI @ SONS KITE SELLER","Kite Flying - Seller","Gajju Matah Bus Stop overpass, Gajju Matah, Lahore, Pakistan, Model Town","Model Town","03004988308","https://www.google.com/maps?q=31.3987710,74.3612480"
"1608","ASIF KITE MAKER","Kite Flying - Manufacturer","J73J+MR9, Street no 8, Main Bazar farkhabad, Shahdara, Pakistan, Ravi Town","Ravi Town","03010872183","https://www.google.com/maps?q=31.6043370,74.2817720"
"1609","Kashif Kites","Kite Flying - Manufacturer","F6CW+P29, Thokar Niaz Baig Flyover, Irrigation Colony, Lahore, Pakistan, Allama Iqbal","Allama Iqbal","03219439777","https://www.google.com/maps?q=31.4721270,74.2450290"
"1610","Haider kite Making","Kite Flying - Manufacturer","H9HQ+5R6, kotli Abdur rehman Mughalpura, Lahore, Model Town","Model Town","03074455268","https://www.google.com/maps?q=31.4580640,74.3461000"
"1611","RS Kite Seller","Kite Flying - Seller","FCFM+3WP, Chacho Wali Sector X DHA Phase 8, Lahore, Pakistan, Lahore Saddar","Lahore Saddar","03000400025","https://www.google.com/maps?q=31.4728980,74.4349460"
"1612","Mona Kite House","Kite Flying - Seller","H9QH+625, Shalimar College Rd, Gujjarpura, Lahore, 54000, Pakistan, Shalimar Town","Shalimar Town","03334252627","https://www.google.com/maps?q=31.5879860,74.3777560"
"1613","Asif journal store","Kite Flying - Seller","F9H8+7JX, Farooq Colony Model Colony, Lahore, Pakistan, Model Town","Model Town","03164525270","https://www.google.com/maps?q=31.4782600,74.3666230"
"1614","Malik kites","Kite Flying - Trader","G9XM+54H, Bangali Mohalla Lahore, Pakistan, Lahore Cantt","Lahore Cantt","03099991629","https://www.google.com/maps?q=31.5476900,74.3829370"
"1615","FAHAD KITE SELLER","Kite Flying - Seller","H7PW+PVR, Data Gunj Buksh Town, Lahore, 54030, Pakistan, Lahore City","Lahore City","03124733034","https://www.google.com/maps?q=31.5868250,74.2971050"
"1616","Rahman kite saller","Kite Flying - Seller","CCV2+J8F, Kamahan - Lidher Rd, Block B State Life Phase 1 State Life, Lahore, Pakistan, Nishter Town","Nishter Town","03284968185","https://www.google.com/maps?q=31.4438730,74.4006900"
"1617","Abdullah kite","Kite Flying - Seller","6 Empress Rd, Jogi Mohalla Garhi Shahu, Lahore, 54000, Pakistan, Shalimar Town","Shalimar Town","03244710371","https://www.google.com/maps?q=31.5744300,74.3342960"
"1618","Mirza Kite House","Kite Flying - Seller","H8GC+MH4, Mochi Gate Walled City of Lahore, Lahore, 54000, Pakistan, Lahore City","Lahore City","03004245987","https://www.google.com/maps?q=31.5765630,74.3214430"
"1619","Faysal sports","Kite Flying - Trader","F9M7+PVJ, Pir Colony, Lahore, Pakistan, Lahore Cantt","Lahore Cantt","03159606107","https://www.google.com/maps?q=31.4842320,74.3647190"
"1620","Shah g kite House","Kite Flying - Seller","C Block, Jaffria Colony, Shera Kot Lahore, 54000, Pakistan, Lahore City","Lahore City","03014192386","https://www.google.com/maps?q=31.5386680,74.2793970"
"1621","Abdullah kite maker","Kite Flying - Manufacturer","6 Empress Rd, Jogi Mohalla Garhi Shahu, Lahore, 54000, Pakistan, Shalimar Town","Shalimar Town","03244710371","https://www.google.com/maps?q=31.5743870,74.3342790"
"1622","Abdullah traders","Kite Flying - Trader","6 Empress Rd, Jogi Mohalla Garhi Shahu, Lahore, 54000, Pakistan, Shalimar Town","Shalimar Town","03244710371","https://www.google.com/maps?q=31.5744010,74.3343010"
"1623","mian kite house","Kite Flying - Seller","J7VQ+C67, Barkat Town Rd, Barkat Town Lahore, Pakistan, Ravi Town","Ravi Town","03114318792","https://www.google.com/maps?q=31.6435630,74.2880700"
"1624","Jw clothing","Kite Flying - Seller","51 Shalimar Link Road, next to Euro Store, Ramgarh Lahore, 54000, Pakistan, Shalimar Town","Shalimar Town","03161478211","https://www.google.com/maps?q=31.5702720,74.3810460"
"1625","Ahmad","Kite Flying - Seller","CF5Q+64H, Heir, Lahore, Pakistan, Lahore Saddar","Lahore Saddar","03064403180","https://www.google.com/maps?q=31.4079810,74.4878790"
"1626","Lahori kite flying","Kite Flying - Seller","F6RP+W87, Thokar Niaz Baig, Lahore, Pakistan, Allama Iqbal","Allama Iqbal","03008859936","https://www.google.com/maps?q=31.4925900,74.2356580"
"1627","Ustad papu","Kite Flying - Manufacturer","GCHP+GFX, Bao Wala Barki Rd, Baoo Wala Block J Park View CHS, Lahore, Pakistan, Lahore Cantt","Lahore Cantt","03224308460","https://www.google.com/maps?q=31.5288580,74.4362800"
"1628","Saeed Kite Maker","Kite Flying - Manufacturer","HCF9+X2H, Canal Rd, near The Trust School, Amir Town Harbanspura, Lahore, 54000, Pakistan, Shalimar Town","Shalimar Town","03214426196","https://www.google.com/maps?q=31.5746240,74.4175780"
"1629","Ibrahim kite house","Kite Flying - Seller","H845+9VM, Bahawal Sher Rd, Muslim Gunj Mozang Chungi, Lahore, 54000, Pakistan, Lahore City","Lahore City","03054337104","https://www.google.com/maps?q=31.5560380,74.3091010"
"1630","Guddu kite maker","Kite Flying - Manufacturer","H9R4+H9X, Kot Khawaja Saeed, Lahore, Pakistan, Shalimar Town","Shalimar Town","03224125031","https://www.google.com/maps?q=31.5917920,74.3556800"
"1631","Hafiz Trader","Kite Flying - Trader","HC22+FCX, Al-Faisal Town, Lahore, Pakistan, Shalimar Town","Shalimar Town","03164846051","https://www.google.com/maps?q=31.5510570,74.4007650"
"1632","B.S kite's","Kite Flying - Seller","G9F6+V9V, Fateh Abad Fatehabad, Lahore, Pakistan, Model Town","Model Town","03222224002","https://www.google.com/maps?q=31.5247320,74.3612630"
"1633","UMF","Kite Flying - Manufacturer","Plot 419, Nasheman Iqbal Phase 1 Nasheman-e-Iqbal Housing Society, Lahore, Pakistan, Model Town","Model Town","03359999330","https://www.google.com/maps?q=31.4298390,74.2505750"
"1634","Abbas General Store","Kite Flying - Seller","HCQJ+2P2, Wara Sittar Lahore, Pakistan, Shalimar Town","Shalimar Town","03434375004","https://www.google.com/maps?q=31.5875150,74.4317670"
"1635","Kite equipments","Kite Flying - Seller","Shahdara Metro Sation (RT18), Saeed Park Shahdara Town, Shahdara, Pakistan, Ravi Town","Ravi Town","03410499265","https://www.google.com/maps?q=31.6167310,74.2908760"
"1636","Bismillah enterprises","Kite Flying - Seller","7 Ansari Rd, Krishan Nagar Islampura, Lahore, 54000, Pakistan, Lahore City","Lahore City","03221413047","https://www.google.com/maps?q=31.5652050,74.2885670"
"1637","AD TRADERS","Kite Flying - Seller","J93Q+GPX، near iffi chock ghano ki bambi، Mehmood Booti, Lahore, Pakistan, Shalimar Town","Shalimar Town","03204199288","https://www.google.com/maps?q=31.6038200,74.3891925"
"1638","SONU KITE SHOPE","Kite Flying - Seller","F7R7+5WP, Sayed Irshad Ali Rd, Mustafa Town, Lahore, Pakistan, Allama Iqbal","Allama Iqbal","03009406423","https://www.google.com/maps?q=31.4904750,74.2648070"
"1639","G&G maker","Kite Flying - Manufacturer","152, A Block Block A Gulshan-e-Ravi, Lahore, 54000, Pakistan, Lahore City","Lahore City","03222224002","https://www.google.com/maps?q=31.5495520,74.2860940"
"1640","Woo Kites","Kite Flying - Seller","HCC4+G9G, Fateh Garh Main Bazar Rd, Fateh Garh Fatehgarh, Lahore, Pakistan, Shalimar Town","Shalimar Town","03104400352","https://www.google.com/maps?q=31.5713080,74.4059080"
"1641","UMF","Kite Flying - Seller","Plot 419, Nasheman Iqbal Phase 1 Nasheman-e-Iqbal Housing Society, Lahore, Pakistan, Model Town","Model Town","03359999330, 03187484287, 03071334460, 03356111151","https://www.google.com/maps?q=31.4298420,74.2505840"
"1642","Khan Kites","Kite Flying - Seller","H99J+XG2 euro store, 51 Shalimar Link Road, Ramgarh Lahore, 54000, Pakistan, Shalimar Town","Shalimar Town","03044197958","https://www.google.com/maps?q=31.5697510,74.3812180"
"1643","Ahsan general store","Kite Flying - Seller","G9XJ+V3H, Saddar Gol Chakar, Saddar Town, Lahore, Pakistan, Lahore Cantt","Lahore Cantt","03072895224","https://www.google.com/maps?q=31.5497000,74.3802240"
"1644","Rafique Kite Manufacturer","Kite Flying - Manufacturer","G7JV+3C3, Baitul Raza Colony, Lahore, 54000, Pakistan, Lahore City","Lahore City","03004767508","https://www.google.com/maps?q=31.5301900,74.2936530"
"1645","GOOD FAITH STORE","Kite Flying - Seller","F8CP+9HP, Dilkusha Garden Lahore, Pakistan, Model Town","Model Town","03234529295","https://www.google.com/maps?q=31.4709550,74.3364030"
"1646","Bhatti Kite","Kite Flying - Seller","972 Delhi Rd, Kharas Mohalla, Lahore, Pakistan, Lahore Cantt","Lahore Cantt","03034850129","https://www.google.com/maps?q=31.5469620,74.3781260"
"1647","WAQAS KITE HOUSE","Kite Flying - Manufacturer","45-B Bahawal Sher Road, Muslim Gunj Mozang Chungi, Lahore, 54000, Pakistan, Lahore City","Lahore City","03224825463","https://www.google.com/maps?q=31.5560240,74.3074970"
"1648","Kite saler","Kite Flying - Seller","J93V+JXV, Mehmood Booti Lahore, Pakistan, Model Town","Model Town","03217070978","https://www.google.com/maps?q=31.6044584,74.3948687"
"1649","Huda Cash & Carry","Kite Flying - Trader","HFPR+WW3, Bata Officers Colony, Lahore, Pakistan, Wahgah Town","Wahgah Town","03335200066","https://www.google.com/maps?q=31.5873720,74.4924290"
"1650","UMF","Kite Flying - Trader","Plot 419, Nasheman Iqbal Phase 1 Nasheman-e-Iqbal Housing Society, Lahore, Pakistan, Model Town","Model Town","03359999330, 03187484287, 03071334460, 03356111151","https://www.google.com/maps?q=31.4298570,74.2505910"
"1651","Construction company","Kite Flying - Manufacturer","Houses # 53 street #4 near akbar atta chakki faisal town kotha pind lahore, Model Town","Model Town","03004505191","https://www.google.com/maps?q=31.5233000,74.3603110"
"1652","DreamLand","Kite Flying - Seller","2190a Fort Rd, Shahi Mohallah Walled City of Lahore, Lahore, 54000, Pakistan, Lahore City","Lahore City","03018445511","https://www.google.com/maps?q=31.5866780,74.3097380"
"1653","Huda Cash & Carry","Kite Flying - Manufacturer","HFPR+WW3, Bata Officers Colony, Lahore, Pakistan, Wahgah Town","Wahgah Town","03335200066","https://www.google.com/maps?q=31.5872440,74.4925150"
"1654","Shafaqat Ali Kites","Kite Flying - Manufacturer","F924+H2X, Main Bazar, Muft pura Gul Colony, Lahore, Pakistan, Model Town","Model Town","03004996359","https://www.google.com/maps?q=31.4514860,74.3551080"
"1655","Khan Kites","Kite Flying - Manufacturer","H9CW+24C, Nabi Pura Lahore, Pakistan, Shalimar Town","Shalimar Town","03224617347","https://www.google.com/maps?q=31.5700710,74.3952840"
"1656","Khadim kite centre","Kite Flying - Seller","Farooq Street #58,Friends ColonySamanabad، Multan Rd،, Samanabad Town, Lahore, 54000, Pakistan, Lahore City","Lahore City","03278835077","https://www.google.com/maps?q=31.5373120,74.2921410"
"1657","Qurashi Brother Kite's","Kite Flying - Seller","G9F6+QHR, Fateh Abad Fatehabad, Lahore, Pakistan, Model Town","Model Town","03048975578","https://www.google.com/maps?q=31.5243050,74.3612000"
"1658","Fire.net.pk","Kite Flying - Trader","H87Q+G8W, Bibi Pak Daman Rd, Muhammad Nagar Garhi Shahu, Lahore, Pakistan, Shalimar Town","Shalimar Town","03334318912","https://www.google.com/maps?q=31.5638070,74.3385470"
"1659","Sajjad bans marchent","Kite Flying - Manufacturer","G986+MG8, Cantt, Lahore, Pakistan, Lahore Cantt","Lahore Cantt","03214066333","https://www.google.com/maps?q=31.5161410,74.3614590"
"1660","Asif journal store","Kite Flying - Seller","C9M9+7QH, Lahore, Pakistan, Nishter Town","Nishter Town","03054463548","https://www.google.com/maps?q=31.4331870,74.3694840"
"1661","Shafaqat Ali Kites","Kite Flying - Seller","F924+H2X, Main Bazar, Muft pura Gul Colony, Lahore, Pakistan, Model Town","Model Town","03004996359","https://www.google.com/maps?q=31.4514860,74.3551080"
"1662","omais mobile and kite saller","Kite Flying - Seller","F6JQ+Q4Q, Niazbeg Rd, Gulzar colony Gulzar Colony, Lahore, Pakistan, Allama Iqbal","Allama Iqbal","03238445245","https://www.google.com/maps?q=31.4818870,74.2379070"
"1663","Sajid Kite Flying Manufachure","Kite Flying - Manufacturer","H8FC+W2P, 5 Chamberlain Rd, Mochi Gate Gawalmandi, Lahore, 54000, Pakistan, Shalimar Town","Shalimar Town","03044130249","https://www.google.com/maps?q=31.5756790,74.3188570"
"1664","Mughal Kite Maker","Kite Flying - Manufacturer","G8H2+FG7, Nadeem Shaheed Rd, Samanabad Town, Lahore, 54000, Pakistan, Lahore City","Lahore City","03164397726","https://www.google.com/maps?q=31.5286800,74.3009400"
"1665","N.A TRADERS","Kite Flying - Trader","2 Sultan Ahmed Rd, Ichhra Lahore, 54000, Pakistan, Model Town","Model Town","03337400003","https://www.google.com/maps?q=31.5317510,74.3199170"
"1666","Mian juice Corner","Kite Flying - Seller","H6RQ+J99, Al Rehman Garden Phase 2, Lahore, Pakistan, Lahore Cantt","Lahore Cantt","03254410040","https://www.google.com/maps?q=31.5915000,74.2385000"
"1667","Bismillah kites traders","Kite Flying - Manufacturer","7 Ansari Rd, Krishan Nagar Islampura, Lahore, 54000, Pakistan, Lahore City","Lahore City","03221413047","https://www.google.com/maps?q=31.5652050,74.2885670"
"1668","Syed stationers amir road","Kite Flying - Seller","H8WQ+Q64, Amir Rd, Shad Bagh, Lahore, Pakistan, Ravi Town","Ravi Town","03464158565","https://www.google.com/maps?q=31.5969710,74.3379620"
"1669","Aqib kite","Kite Flying - Seller","750, Kashmir Block Allama Iqbal Town, Lahore, 54000, Pakistan, Model Town","Model Town","03077089458","https://www.google.com/maps?q=31.5161390,74.2884700"
"1670","CHAIRMAN KITE HOUSE","Kite Flying - Manufacturer","C97F+9C2, Dullu, Lahore, Pakistan, Nishter Town","Nishter Town","03238885091","https://www.google.com/maps?q=31.4129300,74.3727960"
"1671","Individual","Kite Flying - Manufacturer","F9VR+RGJ, Nishat Colony Main Rd, Nishat Colony Lahore, Pakistan, Lahore Cantt","Lahore Cantt","03454225769","https://www.google.com/maps?q=31.4946680,74.3912520"
"1672","Bismillah Enterprises","Kite Flying - Manufacturer","7 Ansari Rd, Krishan Nagar Islampura, Lahore, 54000, Pakistan, Lahore City","Lahore City","03221413047","https://www.google.com/maps?q=31.5652050,74.2885670"
"1673","Asad Sons Kite Centre","Kite Flying - Seller","156 Multan Road Bastami Stop, Sodhiwal, Lahore, 54000, Pakistan, Lahore City","Lahore City","03219442281","https://www.google.com/maps?q=31.5374380,74.2911870"
"1674","AirVibe Kites Hub","Kite Flying - Seller","C9H8+7G, Attari Saroba, Lahore, Pakistan, Nishter Town","Nishter Town","03224993712","https://www.google.com/maps?q=31.4284130,74.3663660"
"1675","Mustafa Kite house","Kite Flying - Seller","H845+9VM, Bahawal Sher Rd, Muslim Gunj Mozang Chungi, Lahore, 54000, Pakistan, Lahore City","Lahore City","03234862135","https://www.google.com/maps?q=31.5560430,74.3090910"
"1676","Lubricants","Kite Flying - Manufacturer","65 Ravi Rd, Qasurpura, Lahore, Pakistan, Lahore City","Lahore City","03008149732","https://www.google.com/maps?q=31.5963430,74.3001830"
"1677","Amjad Kite Maker","Kite Flying - Manufacturer","J72W+27V, Lahore, Pakistan, Ravi Town","Ravi Town","03234078067","https://www.google.com/maps?q=31.5999960,74.2957020"
"1678","Malik kites","Kite Flying - Seller","Behind General Truck Stand, Ravi Link Road،, J834+842, Timber Market Rd, Qila Lachman Singh, Lahore, Pakistan, Ravi Town","Ravi Town","03204404061","https://www.google.com/maps?q=31.6033020,74.3053470"
"1679","Nadeem string manufacturer","Kite Flying - Manufacturer","H89R+P25, Railway Colony Garhi Shahu, Lahore, Pakistan, Shalimar Town","Shalimar Town","03214526494","https://www.google.com/maps?q=31.5694920,74.3401610"
"1680","Zahid kites Hub","Kite Flying - Seller","11 Street No 3, Muslim Park Shahdara Town, Shahdara, 54950, Pakistan, Ravi Town","Ravi Town","03234774076","https://www.google.com/maps?q=31.6277260,74.3001290"
"1681","Shahzad Kite House","Kite Flying - Manufacturer","H9MF+273, Baghbanpura, Lahore, 54000, Pakistan, Shalimar Town","Shalimar Town","03297700851","https://www.google.com/maps?q=31.5825630,74.3730630"
"1682","Waqas kites","Kite Flying - Seller","G7VV+6HJ, Multan Rd, Samanabad Town, Lahore, 54000, Pakistan, Lahore City","Lahore City","03224947588","https://www.google.com/maps?q=31.5429940,74.2938610"
"1683","Zahid kites Hub","Kite Flying - Trader","11 Street No 3, Muslim Park Shahdara Town, Shahdara, 54950, Pakistan, Ravi Town","Ravi Town","03234774076","https://www.google.com/maps?q=31.6277260,74.3001290"
"1684","M&R","Kite Flying - Manufacturer","H7VW+GP7, Karim Park Lahore, Pakistan, Ravi Town","Ravi Town","03074725388","https://www.google.com/maps?q=31.5936280,74.2963410"
"1685","مستان دادا کائیٹ","Kite Flying - Manufacturer","G7VX+8G8, Samanabad Main Boulevard, Samanabad Town, Lahore, 54000, Pakistan, Lahore City","Lahore City","03094028336","https://www.google.com/maps?q=31.5432940,74.2988150"
"1686","MS Kites","Kite Flying - Manufacturer","G7RF+FX6, Mohra Sharif Rd, Shera Kot Lahore, 54000, Pakistan, Lahore City","Lahore City","03004774467","https://www.google.com/maps?q=31.5412960,74.2747670"
"1687","Rehman kite hose","Kite Flying - Manufacturer","HCM3+CVR, Shalimar Housing Scheme, Lahore, 54000, Pakistan, Shalimar Town","Shalimar Town","03214719335","https://www.google.com/maps?q=31.5835010,74.4046900"
"1688","Acho usman","Kite Flying - Seller","HCP7+C58, Zaitoon Colony, Lahore, Pakistan, Lahore Cantt","Lahore Cantt","03044527840","https://www.google.com/maps?q=31.5860110,74.4134890"
"1689","SHINING STAR","Kite Flying - Manufacturer","H9GG+5MC, Shalimar Link Road, Singhpura, Lahore, 54000, Pakistan, Shalimar Town","Shalimar Town","03014891373","https://www.google.com/maps?q=31.5756190,74.3767070"
"1690","Awais kite store","Kite Flying - Seller","H9HQ+JVF, Nabi Pura, Lahore, Pakistan, Shalimar Town","Shalimar Town","03210188867","https://www.google.com/maps?q=31.5790540,74.3896670"
"1691","Mushkoor Kite Maker","Kite Flying - Seller","H75P+399, Sanda Lahore, 54000, Pakistan, Lahore City","Lahore City","03218166824","https://www.google.com/maps?q=31.5576350,74.2860620"
"1692","German Kite House","Kite Flying - Manufacturer","Plot 60, Block A Military Accounts Chs, Lahore, Pakistan, Model Town","Model Town","03110311811","https://www.google.com/maps?q=31.4230030,74.2829050"
"1693","Fahad kite Trader","Kite Flying - Seller","C9V5+57C, Gulshan Yaseen Colony, Lahore, Pakistan, Model Town","Model Town","03048143342","https://www.google.com/maps?q=31.4428060,74.3583490"
"1694","German Kite House","Kite Flying - Trader","Plot 60, Block A Military Accounts Chs, Lahore, Pakistan, Model Town","Model Town","03110311811","https://www.google.com/maps?q=31.4230110,74.2829050"
"1695","Mubeen kite","Kite Flying - Seller","H8JF+RWF, Mohalla Namdgaran Akbari Mandi Walled City of Lahore, Lahore, 54000, Pakistan, Lahore City","Lahore City","03318555528","https://www.google.com/maps?q=31.5820840,74.3248080"
"1696","Hussain kite mekar","Kite Flying - Manufacturer","J7PX+HX6, Qaiser Town-Shahdara Town Rd, Shahdara Town, Lahore, Pakistan, Ravi Town","Ravi Town","03141628636","https://www.google.com/maps?q=31.6363580,74.2998260"
"1697","Sufi General Store & Guddi Frosh","Kite Flying - Manufacturer","H8V2+F3F، Qasoor Pura Bazar Rd، Qasurpura, Lahore, Pakistan, Lahore City","Lahore City","03044396546, 03334238581","https://www.google.com/maps?q=31.5936820,74.3002170"
"1698","ERIK KITES & DOR SELLER","Kite Flying - Seller","H87R+CM Lahore, Pakistan, Shalimar Town","Shalimar Town","03214070357","https://www.google.com/maps?q=31.5635760,74.3416550"
"1699","Kite flying saler","Kite Flying - Seller","H9H6+XX2, Begumpura Main Rd, Begampura Begumpura, Lahore, 54000, Pakistan, Shalimar Town","Shalimar Town","03235621590","https://www.google.com/maps?q=31.5799380,74.3624120"
"1700","Goga gamowala","Kite Flying - Seller","Multan road saidpur lahore, Pakistan, Lahore City","Lahore City","03274795866","https://www.google.com/maps?q=31.5212780,74.3588720"
"1701","Sameer Associates","Kite Flying - Seller","C8P3+8RP، چراغ دین روڈ، Sector D2 Sector D 2 Block 3 Green Town, Lahore, 54770, Pakistan, Model Town","Model Town","03004566826","https://www.google.com/maps?q=31.4358080,74.3046380"
"1702","N.K Traders","Kite Flying - Seller","FCXV+GX Lahore, Pakistan, Lahore Cantt","Lahore Cantt","03214525697","https://www.google.com/maps?q=31.4987710,74.4449000"
"1703","Zahid Kites Seller","Kite Flying - Manufacturer","H9PG+X5X, Shalimar College Rd, Baghbanpura, Lahore, 54000, Pakistan, Shalimar Town","Shalimar Town","03244334505","https://www.google.com/maps?q=31.5875220,74.3754670"
"1704","Munir Super Store","Kite Flying - Seller","FCJC+MWG, Haji Park Gohawa, Lahore, Pakistan, Lahore Saddar","Lahore Saddar","03234658754","https://www.google.com/maps?q=31.4817000,74.4221530"
"1705","Amin Waseem kite house","Kite Flying - Seller","G83X+48G, Firdous Market Rd, Theh Block J Gulberg III, Lahore, Pakistan, Model Town","Model Town","03175734363","https://www.google.com/maps?q=31.5028240,74.3483290"
"1706","Haji Liaqat Kite Traders","Kite Flying - Manufacturer","J926+33R, China Scheme, Lahore, Pakistan, Shalimar Town","Shalimar Town","03217946508, 03008081708, 03104585320","https://www.google.com/maps?q=31.6003910,74.3602370"
"1707","Aqib Electric Hardware Store","Kite Flying - Seller","J83Q+5MG, Hafiz St, Shad Bagh, Lahore, Pakistan, Ravi Town","Ravi Town","03228030749","https://www.google.com/maps?q=31.6028900,74.3391270"
"1708","SMA","Kite Flying - Seller","H78V+6FG, Krishan Nagar Islampura, Lahore, 54000, Pakistan, Lahore City","Lahore City","03334597606","https://www.google.com/maps?q=31.5655500,74.2935390"
"1709","Shah kite flying","Kite Flying - Seller","H9H6+XX2, Begumpura Main Rd, Begampura Begumpura, Lahore, 54000, Pakistan, Shalimar Town","Shalimar Town","03248455019","https://www.google.com/maps?q=31.5799380,74.3624120"
"1710","DS kites House","Kite Flying - Seller","F6HQ+RWJ, Gulzar colony Gulzar Colony, Lahore, Pakistan, Allama Iqbal","Allama Iqbal","03161403716","https://www.google.com/maps?q=31.4798250,74.2400910"
"1711","Hammad kitr saler","Kite Flying - Seller","G9C5+VGV, Street, Jinnah Park Lahore, 54660, Pakistan, Model Town","Model Town","03224720242","https://www.google.com/maps?q=31.5221130,74.3587570"
"1712","Umer kite shop","Kite Flying - Seller","Shafiqabad khalq park Khokhar Town, Lahore, Pakistan, Lahore City","Lahore City","03454352965","https://www.google.com/maps?q=31.5820090,74.2872780"
"1713","Abdullah Mobile and Sports Center","Kite Flying - Seller","9532+3QP, NFC Housing Society (Phase II), Lahore, Pakistan, Raiwind","Raiwind","03314748350","https://www.google.com/maps?q=31.3516590,74.1525710"
"1714","Qadri general store","Kite Flying - Seller","GCX9+CCH، Zarrar Shaheed Road، Guldasht Town, Lahore, Pakistan, Shalimar Town","Shalimar Town","03004331748","https://www.google.com/maps?q=31.5488430,74.4183720"
"1715","Chand kite Maker","Kite Flying - Manufacturer","Sunny Flour Mill Mosque, 40, Block N Gulberg III, Lahore, 56000, Pakistan, Lahore Cantt","Lahore Cantt","03141628636","https://www.google.com/maps?q=31.5201200,74.3599590"
"1716","Umer carpenter","Kite Flying - Seller","14 Barkat Town Rd, Barkat Town Shahdara Town, Lahore, Pakistan, Ravi Town","Ravi Town","03091442204","https://www.google.com/maps?q=31.6427450,74.2877080"
"1717","Bismillah Enterprises","Kite Flying - Trader","7 Ansari Rd, Krishan Nagar Islampura, Lahore, 54000, Pakistan, Lahore City","Lahore City","03221413047","https://www.google.com/maps?q=31.5652050,74.2885670"
"1718","Saleem kits maker","Kite Flying - Manufacturer","Shadara town paracha colony, Lahore Cantt","Lahore Cantt","03248460097","https://www.google.com/maps?q=31.5193760,74.3601700"
"1719","Khalid general store","Kite Flying - Seller","Barkat Market, Commercial Area Garden Town, Lahore, Pakistan, Model Town","Model Town","03004557134","https://www.google.com/maps?q=31.5010680,74.3215550"
"1720","Majid Kite House","Kite Flying - Manufacturer","G8F6+Q76, Shah Kamal Rd, Combo Colony, Lahore, 54000, Pakistan, Model Town","Model Town","03244517279","https://www.google.com/maps?q=31.5244610,74.3107740"
"1721","Kashif kites","Kite Flying - Manufacturer","G8F4+8CJ, Alhamd Rd, Combo Colony, Lahore, 54000, Pakistan, Model Town","Model Town","03234217718","https://www.google.com/maps?q=31.5236570,74.3056930"
"1722","Amin kite maker","Kite Flying - Manufacturer","106a Zarrar Shaheed Rd, Ghausia Colony Cantt, Lahore, 54000, Pakistan, Shalimar Town","Shalimar Town","03213497817","https://www.google.com/maps?q=31.5486950,74.4052950"
"1723","BUTT KITE HOUSE","Kite Flying - Manufacturer","J7HX+G8X, Muslim Park No. 2 Muslim Park 2 Shahdara Town, Shahdara, Pakistan, Ravi Town","Ravi Town","03434278527","https://www.google.com/maps?q=31.6299120,74.2984300"
"1724","Mian Kite Maker","Kite Flying - Seller","Circular Rd, lari adda, H8W8+475, Data Nagar Badami Bagh, Lahore, Pakistan, Ravi Town","Ravi Town","03124001773","https://www.google.com/maps?q=31.5957310,74.3152380"
"1725","Kites trader","Kite Flying - Trader","Lahore Ring Rd, Kamahan Village, Lahore, Pakistan, Model Town","Model Town","03004594659","https://www.google.com/maps?q=31.4411620,74.3839880"
"1726","Kite house","Kite Flying - Manufacturer","C9P3+W89, Venus Housing Society Main Blvd, Saroba Garden Housing Scoiety, Lahore, Pakistan, Nishter Town","Nishter Town","03211194277","https://www.google.com/maps?q=31.4372450,74.3533610"
"1727","Decent flowers and decorations","Kite Flying - Seller","255 Grand Trunk Rd, Baghbanpura, Lahore, 22000, Pakistan, Shalimar Town","Shalimar Town","03224369494","https://www.google.com/maps?q=31.5825430,74.3768930"
"1728","Solar Job","Kite Flying - Seller","G8G4+CRW, Combo Colony, Lahore, 54000, Pakistan, Model Town","Model Town","03238750050","https://www.google.com/maps?q=31.5260250,74.3065900"
"1729","Mehmood Kite maker","Kite Flying - Manufacturer","H847+7HH, Mozang Main Bazar, Mozang Chungi, Lahore, 54000, Pakistan, Lahore City","Lahore City","03234259040","https://www.google.com/maps?q=31.5559180,74.3134150"
"1730","Moon Kites","Kite Flying - Seller","St 10 Swami Nagar Rd, Ghoray Shah Muhammadi Mohalla, Lahore, 54000, Pakistan, Ravi Town","Ravi Town","03241422034","https://www.google.com/maps?q=31.5813680,74.3481210"
"1731","Kashif kites","Kite Flying - Seller","Plot 621, Kashmir Block Allama Iqbal Town, Lahore, 54000, Pakistan, Model Town","Model Town","03234217718","https://www.google.com/maps?q=31.5171330,74.2867150"
"1732","MU kite","Kite Flying - Seller","G986+MG8, Cantt, Lahore, Pakistan, Lahore Cantt","Lahore Cantt","03034041655","https://www.google.com/maps?q=31.5166850,74.3609270"
"1733","Pasha kite house","Kite Flying - Manufacturer","J7C7+337, Shahdara Town, Shahdara, Pakistan, Ravi Town","Ravi Town","03014449095","https://www.google.com/maps?q=31.6199880,74.2623120"
"1734","Bhatti kites","Kite Flying - Manufacturer","F8GF+JM3, Plot 49 G, Block G Model Town, Lahore, Pakistan, Model Town","Model Town","03174947265","https://www.google.com/maps?q=31.4767750,74.3239880"
"1735","Suba Khan kite center","Kite Flying - Seller","C67J+HPF, Dubai Town Lahore, Pakistan, Allama Iqbal","Allama Iqbal","03038860156","https://www.google.com/maps?q=31.4140680,74.2319020"
"1736","Kite plus","Kite Flying - Manufacturer","G7QJ+5CR, Jaffaria Colony Shera Kot, Lahore, 54000, Pakistan, Lahore City","Lahore City","03009490985","https://www.google.com/maps?q=31.5379020,74.2810240"
"1737","Ustad Veeru Dor Maker","Kite Flying - Manufacturer","H#89 St. 4, Seraj Park Shahdara Town, Lahore, Pakistan, Ravi Town","Ravi Town","03074745248","https://www.google.com/maps?q=31.6292550,74.2962340"
"1738","Azam kite seller","Kite Flying - Seller","H8HC+2QV, Mohalla Porbian Kucha Chagtah Walled City of Lahore, Lahore, 54000, Pakistan, Lahore City","Lahore City","03225904519","https://www.google.com/maps?q=31.5774770,74.3218410"
"1739","S H Kite Centre","Kite Flying - Seller","Main Multan Rd, near Zambia Hospital, Mustafa Town, Lahore, Pakistan, Allama Iqbal","Allama Iqbal","03024640409","https://www.google.com/maps?q=31.4903360,74.2618790"
"1740","Qasim Kite House","Kite Flying - Trader","H8J2+WWH, Mohni Rd, Bilal Ganj, Lahore, 54000, Pakistan, Lahore City","Lahore City","03233388696","https://www.google.com/maps?q=31.5822710,74.3024350"
"1741","Nadeem Tariq Enterprises","Kite Flying - Trader","157-s Maqbool Rd, Combo Colony, Lahore, 54600, Pakistan, Model Town","Model Town","03234199648","https://www.google.com/maps?q=31.5296760,74.3119570"
"1742","Mehmood Kite House","Kite Flying - Seller","H8J6+3VF, Chapra Gali, Walled City of Lahore, Lahore, 54000, Pakistan, Lahore City","Lahore City","03234521636","https://www.google.com/maps?q=31.5802610,74.3119260"
"1743","Kite flying manufacturer","Kite Flying - Manufacturer","Kamaha Lahore, Nishter Town","Nishter Town","03004594659","https://www.google.com/maps?q=31.5210090,74.3584790"
"1744","S H Kite Centre","Kite Flying - Trader","Main Multan Rd, opposite mansoorah book centre, Mustafa Town, Lahore, Pakistan, Allama Iqbal","Allama Iqbal","03024640409","https://www.google.com/maps?q=31.4903800,74.2618540"
"1745","Hashmi janar stor","Kite Flying - Seller","Amir Rd, Shad Bagh, Lahore, Pakistan, Ravi Town","Ravi Town","03204515705","https://www.google.com/maps?q=31.5969710,74.3379620"
"1746","Sameer Associates","Kite Flying - Manufacturer","C8P3+9W6، چراغ دین روڈ، Sector D2 Sector D 2 Block 3 Green Town, Lahore, 54770, Pakistan, Model Town","Model Town","03004566826","https://www.google.com/maps?q=31.4358700,74.3046820"
"1747","Chohan Enterprises","Kite Flying - Manufacturer","206-A, New Samanabad Samanabad Town, Lahore, 54000, Pakistan, Model Town","Model Town","03147387313","https://www.google.com/maps?q=31.5349630,74.3084940"
"1748","Kaleem Store","Kite Flying - Seller","C8RV+27R, Quaid e Millat Colony, Lahore, Pakistan, Model Town","Model Town","03001122577","https://www.google.com/maps?q=31.4400660,74.3436710"
"1749","Global Kites","Kite Flying - Seller","J838+CJ4, 23 Street No. 2, Hanif Park Badami Bagh, Lahore, Pakistan, Ravi Town","Ravi Town","03150487639","https://www.google.com/maps?q=31.6039020,74.3164530"
"1750","Ghazi kites","Kite Flying - Manufacturer","260 Mohlanwal Road, Westwood Colony Lahore, Pakistan, Raiwind","Raiwind","03008428989","https://www.google.com/maps?q=31.4674100,74.2379960"
"1751","Usman Sharafat","Kite Flying - Seller","H#20,St#140-a,mohallah aman park,baghbanpura lahore, Shalimar Town","Shalimar Town","03014496687","https://www.google.com/maps?q=31.5203240,74.3601230"
"1752","CHACHU KITES HOUSE","Kite Flying - Seller","G9W7+Q3X, Sikandar Road, Saddar Town, Lahore, Pakistan, Lahore Cantt","Lahore Cantt","03218842652","https://www.google.com/maps?q=31.5468780,74.3626430"
"1753","Kashif kite seller","Kite Flying - Manufacturer","H9JX+G45, Randhawa Houme, Daroghawala, Lahore, 54000, Pakistan, Shalimar Town","Shalimar Town","03237237982","https://www.google.com/maps?q=31.5814690,74.3974840"
"1754","Kite sale","Kite Flying - Seller","F9V5+CMQ, Street No. 3, Madina Colony, Lahore, Pakistan, Lahore Cantt","Lahore Cantt","03294590598","https://www.google.com/maps?q=31.4956410,74.3623700"
"1755","Masurry","Kite Flying - Manufacturer","Plot 307, Township Block 1 Sector D1 Lahore, Pakistan, Model Town","Model Town","03214535358","https://www.google.com/maps?q=31.4428890,74.3064860"
"1756","haider","Kite Flying - Seller","J7HR+85Q, Seraj Park Shahdara Town, Lahore, Pakistan, Ravi Town","Ravi Town","03224205808","https://www.google.com/maps?q=31.6284300,74.2901660"
"1757","Chaudhary's kite house","Kite Flying - Seller","Plot 880, Nishter Colony, Lahore, Pakistan, Nishter Town","Nishter Town","03254836566","https://www.google.com/maps?q=31.4217520,74.3640420"
"1758","Malik Zain kite's","Kite Flying - Seller","C964+5CM, Glaxo Town, Lahore, Pakistan, Nishter Town","Nishter Town","03054772971","https://www.google.com/maps?q=31.4107100,74.3560350"
"1759","AIB KITE hOUSE","Kite Flying - Manufacturer","House #1165/I Kucha Chabak Swaran Bazar, near Kasera Bazr Rang Mahal, inside Rang, Lahore, 54000, Lahore City","Lahore City","03298309517","https://www.google.com/maps?q=31.5826580,74.3198690"
"1760","Muhammad Waheed","Kite Flying - Seller","G7HR+RHC, Millat Rd, Baitul Raza Colony, Lahore, 54000, Pakistan, Lahore City","Lahore City","03228085607","https://www.google.com/maps?q=31.5294870,74.2915170"
"1761","Butt Shop","Kite Flying - Manufacturer","G7WJ+MWF, Rehman Park Block F Gulshan-e-Ravi, Lahore, 54000, Pakistan, Lahore City","Lahore City","03234003925","https://www.google.com/maps?q=31.5464940,74.2823200"
"1762","Muhammad Waheed","Kite Flying - Trader","G7HR+RHC, Millat Rd, Baitul Raza Colony, Lahore, 54000, Pakistan, Lahore City","Lahore City","03228085607","https://www.google.com/maps?q=31.5294870,74.2915170"
"1763","Motor bike parts tarding","Kite Flying - Manufacturer","F86P+36W, Karman Wala Bazar Rd, Kot Lakhpat, Lahore, 53700, Pakistan, Model Town","Model Town","03148600049","https://www.google.com/maps?q=31.4603920,74.3354140"
"1764","Bismillah store","Kite Flying - Seller","G965+PMG, Gurumangat Rd, Industrial Plots, Lahore, Pakistan, Lahore Cantt","Lahore Cantt","03210009884","https://www.google.com/maps?q=31.5119200,74.3593430"
"1765","Rajpoot Kites","Kite Flying - Manufacturer","HC55+9JJ, Aziz Bhatti Town, Lahore, Pakistan, Shalimar Town","Shalimar Town","03134642608","https://www.google.com/maps?q=31.5583830,74.4092190"
"1766","FR Kite Culb","Kite Flying - Manufacturer","F9R5+VF6, Madina Colony, Lahore, Pakistan, Shalimar Town","Shalimar Town","03226069555","https://www.google.com/maps?q=31.4922340,74.3585780"
"1767","Shah G & Sohail Kite House","Kite Flying - Seller","G8C6+H56, Combo Colony, Lahore, 54000, Pakistan, Allama Iqbal","Allama Iqbal","03044665685","https://www.google.com/maps?q=31.5208420,74.3106810"
"1768","Phmma kite house","Kite Flying - Manufacturer","FFQH+9FP, Bhangali Rd, Bhangali Bhangali Village, Lahore, Pakistan, Lahore Cantt","Lahore Cantt","03116007552","https://www.google.com/maps?q=31.4882660,74.4786270"
"1769","Meher kite","Kite Flying - Seller","HGQG+Q52, Bhaman, Pakistan, Wahgah Town","Wahgah Town","03244242652","https://www.google.com/maps?q=31.5890390,74.5249500"
"1770","Kite seller","Kite Flying - Seller","HCQ2+7G9, Daroghe Wala, Lahore, 54000, Pakistan, Shalimar Town","Shalimar Town","03099773084","https://www.google.com/maps?q=31.5884060,74.4017750"
"1771","Ammar Kite Flying","Kite Flying - Seller","Mochi Gate Bazar, Mohalla Porbian Mochi Gate Walled City of Lahore, Lahore, 54000, Pakistan, Lahore City","Lahore City","03078826698","https://www.google.com/maps?q=31.5777730,74.3220350"
"1772","Zain Variety House","Kite Flying - Seller","F8PV+PV5, Gopal Nagar Block P Gulberg III, Lahore, Pakistan, Model Town","Model Town","03144878480","https://www.google.com/maps?q=31.4867030,74.3447100"
"1773","Kaleem Kites","Kite Flying - Seller","C8RV+27R, Quaid e Millat Colony, Lahore, Pakistan, Model Town","Model Town","03001122577","https://www.google.com/maps?q=31.4400560,74.3437370"
"1774","Property dealer","Kite Flying - Manufacturer","63, Jahanzeb Block Allama Iqbal Town, Lahore, 54000, Pakistan, Lahore City","Lahore City","03008057390","https://www.google.com/maps?q=31.5248130,74.2890230"
"1775","Qadeer Kite Flying","Kite Flying - Manufacturer","J83H+GWF, Main Bazar, Siddiqia Colony Badami Bagh, Lahore, Pakistan, Ravi Town","Ravi Town","03235382348","https://www.google.com/maps?q=31.6039100,74.3298010"
"1776","Rehmat Ali kite menufecturing","Kite Flying - Manufacturer","H75J+M36, Main Bazar Sanda, Sanda Lahore, 54000, Pakistan, Lahore City","Lahore City","03004942066","https://www.google.com/maps?q=31.5591610,74.2801270"
"1777","Kaleem Kites House","Kite Flying - Seller","CF7Q+226, Bedian Rd, Heir, Pakistan, Lahore Saddar","Lahore Saddar","03004311073","https://www.google.com/maps?q=31.4126090,74.4875600"
"1778","Kite lover","Kite Flying - Manufacturer","F89Q+9PP, Lucky St, Kot Lakhpat, Lahore, Pakistan, Model Town","Model Town","03219337214","https://www.google.com/maps?q=31.4684690,74.3393270"
"1779","KK kites House","Kite Flying - Manufacturer","F7M6+JPH, Mustafa Town, Lahore, Pakistan, Allama Iqbal","Allama Iqbal","03014606643","https://www.google.com/maps?q=31.4837200,74.2619770"
"1780","Sutureline Kites","Kite Flying - Seller","H9JR+CH5 Allah-ho park, Sue Wala Rd, Baghban Pura Housing Scheme Shahid Park, Lahore, Pakistan, Shalimar Town","Shalimar Town","03201492458","https://www.google.com/maps?q=31.5809330,74.3911700"
"1781","Abdullah kites","Kite Flying - Seller","H9GR+C3Q, Kotli Abdur Rahman Nabi Pura, Lahore, Pakistan, Lahore Cantt","Lahore Cantt","03068402277","https://www.google.com/maps?q=31.5760860,74.3902300"
"1782","Sheikh Sons Kites","Kite Flying - Seller","Plot 73, Maraghzar Colony Block D Marghzar Housing Scheme, Lahore, Pakistan, Allama Iqbal","Allama Iqbal","03351559570","https://www.google.com/maps?q=31.5054430,74.2504350"
"1783","Murad Kite","Kite Flying - Seller","House # 7,Street # 2 Shah Bilawal Colony Ghoray Shah Rd, Staff Houses Engineering University Lahore, Lahore, Pakistan, Shalimar Town","Shalimar Town","03125253406","https://www.google.com/maps?q=31.5835170,74.3509360"
"1784","Kaleem Kites House","Kite Flying - Manufacturer","FCHF+GF2, Bedian Rd, Mana Wala, Lahore, Pakistan, Lahore Saddar","Lahore Saddar","03004311073","https://www.google.com/maps?q=31.4789150,74.4235160"
"1785","Kaleem Kites House","Kite Flying - Trader","FCHF+GF2, Bedian Rd, Mana Wala, Lahore, Pakistan, Lahore Saddar","Lahore Saddar","03004311073","https://www.google.com/maps?q=31.4789150,74.4235160"
"1786","Ramzan kite's seller's","Kite Flying - Seller","4 Bedian Rd, Cantt View Phase 1 Phase 1 Cantt View Housing Scheme, Lahore, Pakistan, Lahore Cantt","Lahore Cantt","03044465094","https://www.google.com/maps?q=31.4826260,74.4149370"
"1787","Home","Kite Flying - Seller","Plot 199, D Block Block D Gulshan-e-Ravi, Lahore, 54000, Pakistan, Lahore City","Lahore City","03239949183","https://www.google.com/maps?q=31.5543440,74.2863290"
"1788","G & N KITE SELLING","Kite Flying - Seller","H9RX+472, Aurangzeb Rd, Daroghe Wala, Lahore, 54000, Pakistan, Shalimar Town","Shalimar Town","03004453477","https://www.google.com/maps?q=31.5902630,74.3981320"
"1789","Yasir kite maker","Kite Flying - Manufacturer","C9C7+PV3, Nishter Colony, Lahore, Pakistan, Nishter Town","Nishter Town","03134441112","https://www.google.com/maps?q=31.4217300,74.3648760"
"1790","Lahore kite club","Kite Flying - Manufacturer","J77R+JG9, Lahore Metro Bus System, Shahdara Town, Shahdara, Pakistan, Ravi Town","Ravi Town","03046926762","https://www.google.com/maps?q=31.6140450,74.2913660"
"1791","Chatham kite king ⭐","Kite Flying - Seller","J8J2+55C, Shahdara Town, Shahdara, Pakistan, Ravi Town","Ravi Town","03097679051","https://www.google.com/maps?q=31.6307690,74.3005540"
"1792","Zulqurnain kite maker","Kite Flying - Manufacturer","H8PJ+66V, Aziz Road, Misri Shah Lahore, Pakistan, Ravi Town","Ravi Town","03219419186","https://www.google.com/maps?q=31.5855230,74.3311210"
"1793","Malik Ahsan gernal store","Kite Flying - Seller","H98Q+6R8, Nabi Pura Lahore, Pakistan, Shalimar Town","Shalimar Town","03030582798","https://www.google.com/maps?q=31.5652360,74.3892210"
"1794","Tofiq Kites","Kite Flying - Manufacturer","Plot 414, Block C1 Block C 1 Phase 1 Johar Town, Lahore, Pakistan, Model Town","Model Town","03064648899","https://www.google.com/maps?q=31.4563640,74.2929080"
"1795","Amjad Kite Maker","Kite Flying - Manufacturer","55 Walton Rd, LDA Quarters, Lahore, Pakistan, Model Town","Model Town","03214143046","https://www.google.com/maps?q=31.4722300,74.3529510"
"1796","Mughal kite house","Kite Flying - Manufacturer","7 Mian Aziz Din Rd, Sanda Khurd Lahore, 54000, Pakistan, Lahore City","Lahore City","03710788523","https://www.google.com/maps?q=31.5617350,74.2809130"
"1797","AMK TRADERS","Kite Flying - Manufacturer","H9M2+64W, Ghoray Shah Rd, Ghoray Shah Muhammadi Mohalla, Lahore, Pakistan, Shalimar Town","Shalimar Town","03004116875","https://www.google.com/maps?q=31.5831830,74.3505660"
"1798","Sultan kite House","Kite Flying - Seller","H8MF+3PQ, Akbari Mandi Walled City of Lahore, Lahore, 54000, Pakistan, Lahore City","Lahore City","03234043421","https://www.google.com/maps?q=31.5823720,74.3241110"
"1799","SA Enterprises","Kite Flying - Seller","26 Circular Rd, Qadimi Shehr Kucha Meher Ghous Walled City of Lahore, Lahore, 54000, Pakistan, Lahore City","Lahore City","03044399519","https://www.google.com/maps?q=31.5820610,74.3273090"
"1800","Sign guru kites","Kite Flying - Trader","31 Rasool Park Main Rd, Rasool Park Lahore, 54000, Pakistan, Model Town","Model Town","03034825935","https://www.google.com/maps?q=31.5408380,74.3108660"
"1801","Friends grop","Kite Flying - Seller","Majeed town Sharif Pura, Lahore, Pakistan, Wahgah Town","Wahgah Town","03029551863","https://www.google.com/maps?q=31.6023090,74.4176230"
"1802","Balaj kite house","Kite Flying - Seller","Ghosia Chowk، Plot 52 College Rd, Township Block 2 Twp Sector C 1 Lahore, 54600, Pakistan, Model Town","Model Town","03200443511","https://www.google.com/maps?q=31.4499930,74.2985630"
"1803","Rohan kite flying","Kite Flying - Seller","Street Number 14, Shalimar Housing Scheme Mehmood Booti, Lahore, Pakistan, Model Town","Model Town","03044084324","https://www.google.com/maps?q=31.6033140,74.3837280"
"1804","Basnat Bazaar","Kite Flying - Manufacturer","Plot 153 B, Block B Model Town, Lahore, Pakistan, Model Town","Model Town","03338162226","https://www.google.com/maps?q=31.4914530,74.3328110"
"1805","Kite maker (Muhammad Dilshad)","Kite Flying - Manufacturer","H9JC+8JX, near Esa Masjid, Baghbanpura, Lahore, 54000, Pakistan, Shalimar Town","Shalimar Town","03177324828","https://www.google.com/maps?q=31.5808410,74.3716570"
"1806","Madni General Store","Kite Flying - Seller","F7P3+24H, Hanjarwal, Lahore, Pakistan, Allama Iqbal","Allama Iqbal","03092754018","https://www.google.com/maps?q=31.4851480,74.2526230"
"1807","110 Kites","Kite Flying - Seller","H9HR+26J, Nabi Pura, Lahore, Pakistan, Shalimar Town","Shalimar Town","03134390733","https://www.google.com/maps?q=31.5779500,74.3902950"
"1808","Khilo guddi farosh","Kite Flying - Seller","23 Ravi Rd, Ravi Park, Lahore, Pakistan, Lahore City","Lahore City","03044047743","https://www.google.com/maps?q=31.5944440,74.3044670"
"1809","SHAHZAIB / SHAHZAD KITE MAKER","Kite Flying - Manufacturer","1 Abul-Khair St, near Green Wood City, Stop Garhi Shahu, Lahore, Pakistan, Shalimar Town","Shalimar Town","03481842546","https://www.google.com/maps?q=31.5638440,74.3460350"
"1810","SJ traders","Kite Flying - Manufacturer","J73F+32 Lahore, Pakistan, Ravi Town","Ravi Town","03114538900","https://www.google.com/maps?q=31.6026440,74.2725160"
"1811","ABID KITE & DOR SELLER","Kite Flying - Seller","G7RJ+JGC, Shera Kot Lahore, 54000, Pakistan, Lahore City","Lahore City","03043619786","https://www.google.com/maps?q=31.5416500,74.2812480"
"1812","imran kite shop","Kite Flying - Seller","C9W6+W8V, Sitara Colony, Lahore, Pakistan, Model Town","Model Town","03035520316","https://www.google.com/maps?q=31.4473360,74.3609310"
"1813","Azhar Kite Flying Maker","Kite Flying - Manufacturer","J8M6+6WW, Jada Rd, Shahdara Town, Lahore, Pakistan, Ravi Town","Ravi Town","03214646737","https://www.google.com/maps?q=31.6331000,74.3123420"
"1814","Azhar Kite Flying Saler","Kite Flying - Seller","J8M6+6WW, Jada Rd, Shahdara Town, Lahore, Pakistan, Ravi Town","Ravi Town","03214646737","https://www.google.com/maps?q=31.6331000,74.3123420"
"1815","Khan kites","Kite Flying - Manufacturer","JC47+9MM, Sharif Pura, Lahore, Pakistan, Wahgah Town","Wahgah Town","03157079784","https://www.google.com/maps?q=31.6064200,74.4138810"
"1816","Shaheen Kites","Kite Flying - Manufacturer","HCWQ+H96, Al-Raheem St, Dera Gujran, Lahore, Pakistan, Wahgah Town","Wahgah Town","03027484382","https://www.google.com/maps?q=31.5967210,74.4385460"
"1817","Chaudhry kites","Kite Flying - Seller","H75R+4PW, Sham Nagar Sanda, Lahore, 54000, Pakistan, Lahore City","Lahore City","03264239679","https://www.google.com/maps?q=31.5576250,74.2916260"
"1818","Ghori Kites","Kite Flying - Manufacturer","H/N246/E, Street 10, Amar Sidhu Lahore, Pakistan, Model Town","Model Town","03234350569","https://www.google.com/maps?q=31.4690790,74.3560330"
"1819","Punjab kites","Kite Flying - Seller","H8QH+59H, Koh-e-Noor Rd, Farooq Gunj Mohalla Lahore, Pakistan, Ravi Town","Ravi Town","03238400022","https://www.google.com/maps?q=31.5879800,74.3285230"
"1820","BHOLA PAN SHOP & VAPING HUB","Kite Flying - Trader","HCFG+FP2, Harbanspura Main Bazar Rd, Harbanspura, Lahore, Pakistan, Shalimar Town","Shalimar Town","03224751995","https://www.google.com/maps?q=31.5736890,74.4268030"
"1821","CHAUDHARY KITE HOUSE.","Kite Flying - Seller","F6QX+CPM, Block-B (Amina Park), C Block Ittefaq Town, Lahore, Pakistan, Allama Iqbal","Allama Iqbal","03334541786","https://www.google.com/maps?q=31.4887910,74.2493180"
"1822","Sultan Kite Flying","Kite Flying - Manufacturer","J8H4+33R, Main Bazar Shahdara Town, Lahore, 51000, Pakistan, Ravi Town","Ravi Town","03288329840","https://www.google.com/maps?q=31.6280810,74.3050010"
"1823","Imran Kites","Kite Flying - Seller","146-B, C7JQ+87R, main College Rd, Block B PCSIR Staff Colony, Lahore, 54770, Pakistan, Model Town","Model Town","03184573232","https://www.google.com/maps?q=31.4304210,74.2877450"
"1824","Ahmed kite saler","Kite Flying - Seller","J77R+Q66, Shahdara Town, Lahore, Pakistan, Ravi Town","Ravi Town","03220418565","https://www.google.com/maps?q=31.6144030,74.2900830"
"1825","Shehsa Kite House","Kite Flying - Seller","F956+GCH, Shaukat Town Rd, Shoukat Town Gul Colony, Lahore, Pakistan, Model Town","Model Town","03228021002, 03014499409","https://www.google.com/maps?q=31.4588150,74.3612470"
"1826","Kite Dor selling","Kite Flying - Seller","2045/B inside mori gate, near urdu bazar, Mohalla Chiri Maran Walled City of Lahore, Lahore, 54000, Pakistan, Lahore City","Lahore City","03238836782","https://www.google.com/maps?q=31.5776650,74.3116460"
"1827","AK Kits","Kite Flying - Seller","H9CP+88M, Ramghar Bazar Road, Sahowari Ramgarh, Lahore, Pakistan, Shalimar Town","Shalimar Town","03354496448","https://www.google.com/maps?q=31.5710940,74.3857640"
"1828","Basant Maila","Kite Flying - Manufacturer","F9H5+8PP, Service Rd, Farooq Colony Lahore, Pakistan, Model Town","Model Town","03044496921","https://www.google.com/maps?q=31.4782530,74.3596320"
"1829","Jaidi","Kite Flying - Manufacturer","HFFQ+38 Lahore, Pakistan, Shalimar Town","Shalimar Town","03207373137","https://www.google.com/maps?q=31.5727260,74.4882940"
"1830","icarus","Kite Flying - Seller","Block 53, Plot Block 53, Askari I Askari 1, Lahore, Pakistan, Lahore Cantt","Lahore Cantt","03289781794","https://www.google.com/maps?q=31.5457910,74.3837040"
"1831","Faisal kites","Kite Flying - Seller","FCW2+5GH, Ayub Ansari Street, opposite Euro Store, Ali View Garden Ali View, Lahore, Pakistan, Lahore Cantt","Lahore Cantt","03010440302","https://www.google.com/maps?q=31.4954350,74.4013440"
"1832","Buraq Kites","Kite Flying - Seller","HCRQ+PG5, Dera Gujran, Lahore, Pakistan, Wahgah Town","Wahgah Town","03231410286","https://www.google.com/maps?q=31.5917940,74.4388930"
"1833","Fahad kite Trader","Kite Flying - Trader","C9V5+57C, Gulshan Yaseen Colony, Lahore, Pakistan, Lahore Cantt","Lahore Cantt","03048143342","https://www.google.com/maps?q=31.4429060,74.3583840"
"1834","Chaudhry kites","Kite Flying - Trader","H75R+4PW, Sham Nagar Sanda, Lahore, 54000, Pakistan, Lahore City","Lahore City","03264239679","https://www.google.com/maps?q=31.5578630,74.2918150"
"1835","Kashif Kites","Kite Flying - Seller","J8P4+F3C, Shafi St, Dhair Shahdara Town, Lahore, Pakistan, Ravi Town","Ravi Town","03044726356","https://www.google.com/maps?q=31.6361360,74.3054410"
"1836","MS KITE","Kite Flying - Seller","23 km Multan Road Mohlanwal Lahore, Mohlanwal, Lahore, Pakistan, Raiwind","Raiwind","03091407367","https://www.google.com/maps?q=31.4069820,74.1515140"
"1837","Rana Enterprises","Kite Flying - Seller","H72J+6WV، Moon Market Road، E Block Block E Gulshan-e-Ravi, Lahore, 54500, Pakistan, Lahore City","Lahore City","03224876414","https://www.google.com/maps?q=31.5506210,74.2822920"
"1838","Bashir Kites","Kite Flying - Seller","G9Q6+6P9, Mian Mir Colony Lahore, Pakistan, Lahore Cantt","Lahore Cantt","03055727167","https://www.google.com/maps?q=31.5379210,74.3616960"
"1839","Nasir Pan Shop","Kite Flying - Seller","5, Sector D2 Sector D Green Town, Lahore, 46600, Pakistan, Model Town","Model Town","03035848144","https://www.google.com/maps?q=31.4619320,74.4495090"
"1840","Ms Kite Making","Kite Flying - Manufacturer","C7JV+V98, Muhammad Hussain Road, Bagrian Lahore, Pakistan, Model Town","Model Town","03025287241","https://www.google.com/maps?q=31.4321700,74.2936270"
"1841","Ali Raza Kite House","Kite Flying - Seller","H78W+4PX, Qari Rd, Islampura, Lahore, 54000, Pakistan, Lahore City","Lahore City","03354399617","https://www.google.com/maps?q=31.5653080,74.2967970"
"1842","Akbar kite canter","Kite Flying - Seller","H9MG+R9Q, Baghbanpura, Lahore, 54000, Pakistan, Shalimar Town","Shalimar Town","03224855283","https://www.google.com/maps?q=31.5847680,74.3757650"
"1843","Kite seller Ahmer Hussnain","Kite Flying - Seller","Shop B-7, khawaja Arcade, Bund Road, opp. Chauhan Road, Alhamad Colony Al Hamad Colony Lahore, 54000, Pakistan, Lahore City","Lahore City","03014767987","https://www.google.com/maps?q=31.5686910,74.2822020"
"1844","Sheikh G Kite House","Kite Flying - Seller","Murghzar Road, Lalazar Housing Society, Block A, House 26A, Phase 2, Murghzar Road, Multan Rd, Maraghzar Colony R Block Cresent Town, Lahore, Pakistan, Allama Iqbal","Allama Iqbal","03324472688","https://www.google.com/maps?q=31.4941000,74.2579590"
"1845","Badshah Kite Center","Kite Flying - Seller","Lahori Gate, Circular Rd, Qadimi Shehr, Lahore, Punjab, H8G7+P94, Mohalla Chiri Maran Walled City of Lahore, Lahore, 54000, Pakistan, Lahore City","Lahore City","03224772273","https://www.google.com/maps?q=31.5767530,74.3134600"
"1846","SS Kites & Threads","Kite Flying - Trader","HFP7+39R, Fish Farm Rd, Lahore Medical Housing Society, Lahore, Pakistan, Wahgah Town","Wahgah Town","03225849501","https://www.google.com/maps?q=31.5852350,74.4633850"
"1847","OneTen Thread Works","Kite Flying - Manufacturer","Bazaar Laal khoh، inside Mochi Gate، Kucha Chagtah Walled City of Lahore, Lahore, 54000, Pakistan, Lahore City","Lahore City","03157865912","https://www.google.com/maps?q=31.5777730,74.3220350"
"1848","Sidique Stationery & Photocopy","Kite Flying - Seller","G74P+CR3, Raza Block Allama Iqbal Town, Lahore, Pakistan, Model Town","Model Town","03349926041","https://www.google.com/maps?q=31.5060420,74.2870990"
"1849","Xtreme Kite Shop","Kite Flying - Seller","Shalimar Link Rd, Mujhadabad, Mughalpura, H99J+GCW, Ramgarh Lahore, 54000, Pakistan, Shalimar Town","Shalimar Town","03091140774","https://www.google.com/maps?q=31.5688500,74.3809470"
"1850","Zahid kite house","Kite Flying - Seller","H9MM+Q4 Lahore, Pakistan, Shalimar Town","Shalimar Town","03246556810","https://www.google.com/maps?q=31.5843850,74.3827630"
"1851","Shami kite house","Kite Flying - Manufacturer","18 Sultan Ahmed Rd, nr. 3-4, Ichhra Lahore, 54000, Pakistan, Model Town","Model Town","03214798473","https://www.google.com/maps?q=31.5300590,74.3194820"
"1852","grocery shop","Kite Flying - Seller","E 127 qadri colony street, 2 Walton Rd, Yasrab Colony Qadri Colony, Lahore, Pakistan, Lahore Cantt","Lahore Cantt","03134994006","https://www.google.com/maps?q=31.4863240,74.3674030"
"1853","Azad Khan Kites – Manufacturer & Seller`","Kite Flying - Seller","ahata workshop phatik no.8 shahdra railway station, lahore, 1 Station Rd, Seraj Park Shahdara Town, Shahdara, 54600, Pakistan, Ravi Town","Ravi Town","03204084956","https://www.google.com/maps?q=31.6290140,74.2896450"
"1854","Yaseen Kite","Kite Flying - Manufacturer","J76M+6Q9, Taragarh Shahdara Town, Shahdara, Pakistan, Ravi Town","Ravi Town","03264470651","https://www.google.com/maps?q=31.6100260,74.2853580"
"1855","Mughal empire kites","Kite Flying - Seller","F9R7+32W, Street No. 5A, Madina Colony, Lahore, Pakistan, Lahore Cantt","Lahore Cantt","03244447299","https://www.google.com/maps?q=31.4901170,74.3624900"
"1856","Azad Khan Kites – Manufacturer & Seller","Kite Flying - Manufacturer","ahata workshop phatik no.8 shahdra railway station, lahore, 1 Station Rd, Seraj Park Shahdara Town, Shahdara, 54600, Pakistan, Ravi Town","Ravi Town","03204084956","https://www.google.com/maps?q=31.6290080,74.2896610"
"1857","Noheel Kite Store","Kite Flying - Seller","C8VX+87H, Defence Rd, Hamdani Park, Lahore, Pakistan, Model Town","Model Town","03030125999","https://www.google.com/maps?q=31.4433040,74.3481760"
"1858","Bhatt Kite House","Kite Flying - Manufacturer","H8GC+VJ6, Mochi Gate Walled City of Lahore, Lahore, 54000, Pakistan, Lahore City","Lahore City","03214386135","https://www.google.com/maps?q=31.5771180,74.3215580"
"1859","Qamar Kite Shop","Kite Flying - Seller","H8HF+J62, Kucha Baghicha Samadhi, Kucha Bhagicha Samdhi Mohalla Takia Sadhu Walled City of Lahore, Lahore, 54000, Pakistan, Lahore City","Lahore City","03236232289","https://www.google.com/maps?q=31.5789860,74.3229670"
"1860","Seeyakhan enterprise","Kite Flying - Manufacturer","H79M+76M, Service Rd, St Nagar, Lahore, 54000, Pakistan, Lahore City","Lahore City","03350645254","https://www.google.com/maps?q=31.5683250,74.2834960"
"1861","Chohan Enterprises","Kite Flying - Seller","G8P5+77P, New Samanabad Samanabad Town, Lahore, 54000, Pakistan, Model Town","Model Town","03147387313","https://www.google.com/maps?q=31.5356100,74.3077650"
"1862","Kite seller","Kite Flying - Seller","Centrail jail muhalal baba fareed colony near milad streat milad chok kot lakhpat lahore, Model Town","Model Town","03104868508","https://www.google.com/maps?q=31.4969380,74.3621870"
"1863","Nouman's kite","Kite Flying - Trader","H862+P69, Sanda Rd, Islampura, Lahore, 54000, Pakistan, Lahore City","Lahore City","03044674463","https://www.google.com/maps?q=31.5618470,74.3005740"
"1864","Asif Traders","Kite Flying - Manufacturer","155 Sheraz Town Rd, Sheraz Town Shiraz Town, Lahore, Pakistan, Lahore City","Lahore City","03228006818","https://www.google.com/maps?q=31.4262570,74.2899900"
"1865","Yaseen Kite","Kite Flying - Seller","25 Targarh Rd, Taragarh Shahdara Town, Lahore, Pakistan, Ravi Town","Ravi Town","03264470651","https://www.google.com/maps?q=31.6148170,74.2799660"
"1866","DATA KITE HOUSE","Kite Flying - Seller","F647+M23، بھٹیاں والی روڈ، Khanpur, Lahore, Pakistan, Allama Iqbal","Allama Iqbal","03037212099","https://www.google.com/maps?q=31.4568830,74.2122740"
"1867","Tayyab Kite Centre","Kite Flying - Manufacturer","HC57+W99, Street Number 5, asghar park Tajpura, Lahore, Pakistan, Shalimar Town","Shalimar Town","03374887999","https://www.google.com/maps?q=31.5596960,74.4137590"
"1868","DANISH KITE CENTER","Kite Flying - Seller","H938+782, Street No. 44, Main Bazar Mustafabad, Lahore, Pakistan, Lahore Cantt","Lahore Cantt","03104000175","https://www.google.com/maps?q=31.5531430,74.3657360"
"1869","Sheikh kite flying","Kite Flying - Seller","Saeed House, H No.32 St No.54, Owais Qarni Rd, Islampura, Lahore, 54000, Pakistan, Lahore City","Lahore City","03114393527","https://www.google.com/maps?q=31.5639770,74.2991860"
"1870","Faizan Kite House","Kite Flying - Seller","G92M+W4C, Walton Cantt Board Officers Housing Society Cantt, Lahore, Pakistan, Lahore Cantt","Lahore Cantt","03707605987","https://www.google.com/maps?q=31.5017420,74.3825820"
"1871","Nadeem Kites","Kite Flying - Seller","Gunpat Rd, New Anarkali, Civil Lines, Lahore, Punjab, H8G6+9WR, Anarkali Bazaar Lahore, 54000, Pakistan, Lahore City","Lahore City","03224331228","https://www.google.com/maps?q=31.5759820,74.3122350"
"1872","Raheem Kites","Kite Flying - Seller","H7RX+72M, Karim Park Lahore, Pakistan, Ravi Town","Ravi Town","03116511277","https://www.google.com/maps?q=31.5908690,74.2975470"
"1873","RANA KITE SELLER","Kite Flying - Seller","F86G+7R6, Main St, Pindi Rajputan Kot Lakhpat, Lahore, Pakistan, Model Town","Model Town","03151469400","https://www.google.com/maps?q=31.4605510,74.3269820"
"1874","Sameer Kite Maker","Kite Flying - Manufacturer","H9M7+V97, Ghoray Shah Rd, Singhpura Ghaus Park Kot Khawaja Saeed, Lahore, 54000, Pakistan, Shalimar Town","Shalimar Town","03260854800","https://www.google.com/maps?q=31.5845590,74.3633230"
"1875","Xtreme Kite Shop","Kite Flying - Manufacturer","H99J+G8R, Shalimar Link Road, Shalimar Larechs Colony, Lahore, 54000, Pakistan, Shalimar Town","Shalimar Town","03091140774","https://www.google.com/maps?q=31.5689030,74.3807730"
"1876","Kashif Kites","Kite Flying - Manufacturer","Plot 621, Kashmir Block Allama Iqbal Town, Lahore, 54000, Pakistan, Model Town","Model Town","03234217718","https://www.google.com/maps?q=31.5171330,74.2867150"
"1877","Kite Manufacturer","Kite Flying - Manufacturer","H89R+C97, Railway Colony Garhi Shahu, Lahore, Pakistan, Shalimar Town","Shalimar Town","03004272513","https://www.google.com/maps?q=31.5684400,74.3417510"
"1878","Ashfaq Kite House","Kite Flying - Seller","H8H7+8FG, Mohalla Chiri Maran Walled City of Lahore, Lahore, 54000, Pakistan, Lahore City","Lahore City","03114674435","https://www.google.com/maps?q=31.5783520,74.3136760"
"1879","Mian Kite Store","Kite Flying - Manufacturer","H8W8+749, Data Nagar Badami Bagh, Lahore, Pakistan, Ravi Town","Ravi Town","03124001773","https://www.google.com/maps?q=31.5957310,74.3152360"
"1880","Adnan Kites","Kite Flying - Manufacturer","F88G+W8C, Pindi Rajputan Kot Lakhpat, Lahore, Pakistan, Model Town","Model Town","03244772366","https://www.google.com/maps?q=31.4673620,74.3256910"
"1881","Shami kite house","Kite Flying - Trader","G8H9+WQX, Sultan Ahmed Rd, Ichhra Lahore, 54000, Pakistan, Model Town","Model Town","03214798473","https://www.google.com/maps?q=31.5299040,74.3195330"
"1882","Meoo Trader","Kite Flying - Seller","H9C2+X5Q, Railway Colony, Lahore, Pakistan, Shalimar Town","Shalimar Town","03024005905","https://www.google.com/maps?q=31.5725240,74.3503900"
"1883","Adnan Kites","Kite Flying - Seller","F88G+W8C, Pindi Rajputan Kot Lakhpat, Lahore, Pakistan, Model Town","Model Town","03244772366","https://www.google.com/maps?q=31.4673610,74.3256460"
"1884","786 Casmetics Zaree Lase","Kite Flying - Seller","F7V4+GJG, Mansoorha Main Bazaar Rd, Maraghzar Colony Cresent Town, Lahore, Pakistan, Allama Iqbal","Allama Iqbal","03216926289","https://www.google.com/maps?q=31.4938390,74.2565300"
"1885","U.A Traders","Kite Flying - Seller","H8M7+7FQ, Said Mitha Bazar Rd, Walled City of Lahore, Lahore, Pakistan, Lahore City","Lahore City","03087294460","https://www.google.com/maps?q=31.5832380,74.3136940"
"1886","She jee studio","Kite Flying - Seller","Sanda Rd, National Town, Lahore, 54000, Pakistan, Lahore City","Lahore City","03213000072","https://www.google.com/maps?q=31.5627460,74.2936330"
"1887","Choudhary Kites","Kite Flying - Seller","F9MH+X8V, D.H.A. Main Blvd, Fort Villas, Lahore, 54750, Pakistan, Lahore Cantt","Lahore Cantt","03002288296","https://www.google.com/maps?q=31.4851570,74.3785680"
"1888","Mobile city","Kite Flying - Manufacturer","Glamour One Plaza, Al-Madina Rd, Sector B1, Township, Township Block 1 Sector B 1 Lahore, 54770, Pakistan, Model Town","Model Town","03044225252","https://www.google.com/maps?q=31.4653770,74.3119420"
"1889","Salman Shaukat manufactaror","Kite Flying - Manufacturer","C9H8+54X, Atari Saroba Attari Saroba, Lahore, Pakistan, Nishter Town","Nishter Town","03460510778","https://www.google.com/maps?q=31.4281840,74.3653840"
"1890","Mohib Pan Shop","Kite Flying - Seller","F6CW+P29, Thokar Niaz Baig Flyover, Irrigation Colony, Lahore, Pakistan, Allama Iqbal","Allama Iqbal","03155138949","https://www.google.com/maps?q=31.4721270,74.2450290"
"1891","sher shah kite houses","Kite Flying - Seller","C67G+M8X, Sher Shah Link Rd, Block B Lda Avenue Phase 1 Lda Avenue, Lahore, Pakistan, Allama Iqbal","Allama Iqbal","03261711159","https://www.google.com/maps?q=31.4141550,74.2257410"
"1892","PASHA KITES","Kite Flying - Seller","F7V5+9Q3, Jutt St, Ghulshan Abbas Scheme #2 Gulshan Park Cresent Town, Lahore, Pakistan, Allama Iqbal","Allama Iqbal","03074040195","https://www.google.com/maps?q=31.4933420,74.2592540"
"1893","Malik Manzoor Kites","Kite Flying - Seller","Bazaar Laal khoh، inside Mochi Gate، Kucha Chagtah Walled City of Lahore, Lahore, 54000, Pakistan, Lahore City","Lahore City","03204789478","https://www.google.com/maps?q=31.5778220,74.3219950"
"1894","USMAN BROTHERS","Kite Flying - Seller","134 A, 134a Street 2, Upper Mall Scheme, Lahore, 54000, Pakistan, Lahore Cantt","Lahore Cantt","03008828355","https://www.google.com/maps?q=31.5456070,74.3547980"
"1895","rehan kite zone","Kite Flying - Seller","Shop # 09, E / B Shalimar Link Road, near Shahnaz Hospital, Ramgarh, Lahore, 54000, Pakistan, Shalimar Town","Shalimar Town","03283380000","https://www.google.com/maps?q=31.5725650,74.3810980"
"1896","Saller","Kite Flying - Seller","G7RG+RQJ, Babu Sabu Shera Kot, Lahore, 54000, Pakistan, Lahore City","Lahore City","03394030765","https://www.google.com/maps?q=31.5424400,74.2771610"
"1897","Lovely Kite Seller","Kite Flying - Seller","17 Abbott Road, near Janki Devi Hospital, opposite Dunya News office, Garhi Shahu, Lahore, 54000, Pakistan, Shalimar Town","Shalimar Town","03238496534","https://www.google.com/maps?q=31.5642040,74.3296500"
"1898","AB Kites","Kite Flying - Manufacturer","Rajgarh Rd, H852+JHV, Rajgarh, Sanda, Rewaz Gardens, Lahore, 54000, Pakistan, Lahore City","Lahore City","03224479760","https://www.google.com/maps?q=31.5591890,74.3014830"
"1899","Al Rehman Printing","Kite Flying - Seller","H97G+P45, Mughalpura, Lahore, 54840, Pakistan, Shalimar Town","Shalimar Town","03360865400","https://www.google.com/maps?q=31.5642990,74.3753490"
"1900","One ten kite seller","Kite Flying - Seller","95GM+8XC, Commercial Zone Sector C Gulmahar Block Sector C Bahria Town, Lahore, Pakistan, Allama Iqbal","Allama Iqbal","03244566086","https://www.google.com/maps?q=31.3755750,74.1848990"
"1901","Rana kites","Kite Flying - Seller","Near Jahangir Tomb Rd, Shahdara Town, Lahore, Pakistan, Ravi Town","Ravi Town","03140485526","https://www.google.com/maps?q=31.6226900,74.3029400"
"1902","Order Basant Kites","Kite Flying - Seller","Plot 9, 10, Township Block 6 Sector B 1 Lahore, Pakistan, Model Town","Model Town","03494218988, 03104255320","https://www.google.com/maps?q=31.4574880,74.3110760"
"1903","AZ JEANS","Kite Flying - Manufacturer","J77C+V9V, Taragarh Shahdara Town, Lahore, Pakistan, Ravi Town","Ravi Town","03234881224","https://www.google.com/maps?q=31.6146500,74.2715690"
"1904","M.Y Traders","Kite Flying - Seller","J858+92Q, Service Rd, Hanif Park Badami Bagh, Lahore, Pakistan, Ravi Town","Ravi Town","03239002374","https://www.google.com/maps?q=31.6074620,74.3153300"
"1905","G men Traders","Kite Flying - Manufacturer","H77M+H83, Sanda Khurd, Lahore, 54000, Pakistan, Lahore City","Lahore City","03229478422","https://www.google.com/maps?q=31.5638590,74.2832100"
"1906","Zubi kites","Kite Flying - Manufacturer","Street 1 House 70G, Model Colony Lahore, Pakistan, Model Town","Model Town","03074189391","https://www.google.com/maps?q=31.4994230,74.3468250"
"1907","AS kites Dealer & Reseller","Kite Flying - Seller","Shop 2 Shalimar Link Road, near Shalimar hospital sohwari main bazar , Lahore, 54000, Pakistan, Shalimar Town","Shalimar Town","03209402625","https://www.google.com/maps?q=31.5725650,74.3810980"
"1908","AMAN ULLAH KITE HOUSE","Kite Flying - Seller","89XC+H6V, Mughal St, Old Kahna, Kahna Purana, Pakistan, Nishter Town","Nishter Town","03014056263","https://www.google.com/maps?q=31.3489130,74.3705850"
"1909","Hamza Kite Seller","Kite Flying - Seller","G7WW+M96, LOS Rd, P&t Colony Post & Telegraph Colony, Lahore, 54000, Pakistan, Lahore City","Lahore City","03128770022","https://www.google.com/maps?q=31.5467550,74.2961580"
"1910","Aleem kite house","Kite Flying - Manufacturer","G7JV+JXP, Shah Faisal Rd, Samanabad Town, Lahore, 54000, Pakistan, Lahore City","Lahore City","03231464187","https://www.google.com/maps?q=31.5315730,74.2948780"
"1911","Hussain Kite Maker","Kite Flying - Manufacturer","J8G5+W3H, Shahdara Town, Shahdara, Pakistan, Ravi Town","Ravi Town","03219417256","https://www.google.com/maps?q=31.6273390,74.3076230"
"1912","Kite Fly EVE","Kite Flying - Manufacturer","220-B New Sample Road, Shalimar Larechs Colony, Lahore, 54840, Pakistan, Shalimar Town","Shalimar Town","03233799536","https://www.google.com/maps?q=31.5676510,74.3723740"
"1913","Pizzingo","Kite Flying - Seller","F7X4+WFP, Maraghzar Colony Kakazai, Lahore, Pakistan, Allama Iqbal","Allama Iqbal","03246503373","https://www.google.com/maps?q=31.4999350,74.2561850"
"1914","Shafaqat Kite Shop","Kite Flying - Seller","F983+7JQ, Qainchi Amer Sidhu Rd, Amar Sidhu Nishtar Town, Lahore, Pakistan, Model Town","Model Town","03287571395","https://www.google.com/maps?q=31.4656840,74.3541240"
"1915","786 cosmetics & zar lass","Kite Flying - Trader","F7V2+2PC, Mansoorha Main Bazaar Rd, Ittefaq Town, Lahore, Pakistan, Allama Iqbal","Allama Iqbal","03216926289","https://www.google.com/maps?q=31.4925520,74.2517870"
"1916","Mehar kites","Kite Flying - Manufacturer","F6JM+CJW, Gulshan Town Lahore, Pakistan, Allama Iqbal","Allama Iqbal","03171108157","https://www.google.com/maps?q=31.4817950,74.2339630"
"1917","Kite Max","Kite Flying - Manufacturer","18km Multan Rd, opp. EME housing society, Kot Gujra, Lahore, Pakistan, Allama Iqbal","Allama Iqbal","03328116146","https://www.google.com/maps?q=31.4275750,74.2125100"
"1918","Kashif Kite Manufacturer","Kite Flying - Manufacturer","Muhammad Din St, Pir Ghazi Ichhra, H.No. 1, St. 67, Lahore,, Model Town","Model Town","03278558204","https://www.google.com/maps?q=31.5341680,74.3161800"
"1919","Kite flying trader","Kite Flying - Trader","C9C9+F6J, punjab, Nishter Colony, Lahore, Pakistan, Nishter Town","Nishter Town","03039197748","https://www.google.com/maps?q=31.4211030,74.3681720"
"1920","Rana kite","Kite Flying - Seller","H8CH+4GP, Fleming Rd, Garhi Shahu, Lahore, 54000, Pakistan, Shalimar Town","Shalimar Town","03098488200","https://www.google.com/maps?q=31.5703030,74.3288150"
"1921","UBN Trader","Kite Flying - Trader","H9R2+VPP, Scheme No. 2 Kot Khawaja Saeed, Lahore, Pakistan, Shalimar Town","Shalimar Town","03224023907","https://www.google.com/maps?q=31.5923230,74.3518340"
"1922","Hussan kite","Kite Flying - Trader","Kahna bazar, Nishter Town","Nishter Town","03279419146","https://www.google.com/maps?q=31.4426560,74.3776840"
"1923","Shakeel Kite Maker","Kite Flying - Seller","HFW2+WM9, Sooter Mills Rd, Al-Rehman Garden Phase 3 Phase 3 Al Rehman Garden, Lahore, Pakistan, Wahgah Town","Wahgah Town","03244333611","https://www.google.com/maps?q=31.5972120,74.4519290"
"1924","Bismillah","Kite Flying - Seller","10-A St. 6, Siddiqia Colony Badami Bagh, Lahore, Pakistan, Ravi Town","Ravi Town","03204511841","https://www.google.com/maps?q=31.6047120,74.3302400"
"1925","Ahsan general store","Kite Flying - Manufacturer","G9XJ+V3H, Saddar Gol Chakar, Saddar Town, Lahore, Pakistan, Lahore Cantt","Lahore Cantt","03072895224","https://www.google.com/maps?q=31.5497000,74.3802240"
"1926","Salman kite shop","Kite Flying - Seller","Plot 40, D1 Block Block D 1 Gulshan-e-Ravi, Lahore, 54000, Pakistan, Lahore City","Lahore City","03224919964","https://www.google.com/maps?q=31.5542200,74.2817140"
"1927","Aamir Taj Kite Maker","Kite Flying - Manufacturer","141 Mughalpura Road, Met 2 Shalimar Larechs Colony, Lahore, 54840, Pakistan, Shalimar Town","Shalimar Town","03174049622","https://www.google.com/maps?q=31.5694630,74.3748940"
"1928","Great kites","Kite Flying - Manufacturer","569 Street No. 1, Sector D2 Sector D 2 Block 1 Green Town, Lahore, Pakistan, Model Town","Model Town","03004420627","https://www.google.com/maps?q=31.4340510,74.3031130"
"1929","Lahore Kites","Kite Flying - Manufacturer","Lal Pul, Main Bazar Canal Park, MuhammadPura Lalpul Canal View Park, Lahore, 54840, Pakistan, Lahore Cantt","Lahore Cantt","03091016607","https://www.google.com/maps?q=31.5633000,74.3904000"
"1930","Fine kite seller","Kite Flying - Seller","F8QW+4R Lahore, Pakistan, Model Town","Model Town","03260838491","https://www.google.com/maps?q=31.4877630,74.3471100"
"1931","zain kite house","Kite Flying - Manufacturer","HC45+WP8, Aziz Bhatti Town, Lahore, Pakistan, Lahore City","Lahore City","03260123621","https://www.google.com/maps?q=31.5572820,74.4093170"
"1932","Imran Kite Seller","Kite Flying - Seller","House No. 27 Street No. 93 Jan Street Mohallah Pir Ghazi Road Ichra Lahore, Model Town","Model Town","03104800915","https://www.google.com/maps?q=31.5339110,74.3161370"
"1933","MUHAMMAD ARIF","Kite Flying - Seller","7 Umar Rd, Krishan Nagar Islampura, Lahore, 54000, Pakistan, Lahore City","Lahore City","03275477778","https://www.google.com/maps?q=31.5653060,74.2963410"
"1934","Fine chemical","Kite Flying - Manufacturer","H728+7PQ, Band Rd, Shaheenabad Shera Kot, Lahore, 54000, Pakistan, Lahore City","Lahore City","03164003394","https://www.google.com/maps?q=31.5508000,74.2669710"
"1935","Haseeb Kite Seller","Kite Flying - Seller","97CM+M6F, Halloki, Lahore, Pakistan, Nishter Town","Nishter Town","03224882539","https://www.google.com/maps?q=31.3715880,74.2830140"
"1936","Rana kite house","Kite Flying - Seller","C97C+26R, Dullu, Lahore, Pakistan, Nishter Town","Nishter Town","03092130588","https://www.google.com/maps?q=31.4121540,74.3702160"
"1937","Wali Hassan & son","Kite Flying - Manufacturer","23 Al-farooque hakeem street # 1 jalal park yasin road malipura karim park Lahore، 1 Street No. 1, Ameen Park Karim Park, Lahore, Pakistan, Ravi Town","Ravi Town","03214500773, 03234467281","https://www.google.com/maps?q=31.5888390,74.2964930"
"1938","Bilku Kite House","Kite Flying - Trader",",Block A Model Town, Lahore, 54700, Pakistan, Model Town","Model Town","03104387226","https://www.google.com/maps?q=31.4855400,74.3325200"
"1939","Kite seller","Kite Flying - Seller","H9Q2+89X, Chah Miran, Lahore, 54900, Pakistan, Ravi Town","Ravi Town","03061400691","https://www.google.com/maps?q=31.5882460,74.3510910"
"1940","Nadeem Kite","Kite Flying - Manufacturer","J77W+48Q, Saeed Park Shahdara Town, Lahore, Pakistan, Ravi Town","Ravi Town","03330404193","https://www.google.com/maps?q=31.6128790,74.2955160"
"1941","Golden Traders","Kite Flying - Seller","J84R+JRH, Amir Rd, Bhagatpura, Lahore, Pakistan, Ravi Town","Ravi Town","03345599064","https://www.google.com/maps?q=31.6064810,74.3420470"
"1942","Amir kite shop","Kite Flying - Seller","G9C5+XM7, Jinnah Park Lahore, 54000, Pakistan, Lahore Cantt","Lahore Cantt","03004697410","https://www.google.com/maps?q=31.5224130,74.3591590"
"1943","AL-RAZIQ ENTERPRISES","Kite Flying - Trader","514 Saadi Rd, Township Block 2 Sector A 2 Lahore, Pakistan, Model Town","Model Town","03038498786","https://www.google.com/maps?q=31.4528310,74.3124290"
"1944","KAMRAN KITE MAKER","Kite Flying - Manufacturer","F8CR+2HJ Franciscan High School, Bahar Colony Lahore, Pakistan, Model Town","Model Town","03234096538","https://www.google.com/maps?q=31.4698200,74.3412010"
"1945","Imran kite","Kite Flying - Trader","G8MG+348, Ichhra Lahore, 54000, Pakistan, Model Town","Model Town","03079419366","https://www.google.com/maps?q=31.5332090,74.3260810"
"1946","Farooq Kite Saller","Kite Flying - Seller","J8J5+C57, Qaiser Town-Shahdara Town Rd, Shahdara Town, Lahore, Pakistan, Ravi Town","Ravi Town","03201014314","https://www.google.com/maps?q=31.6311770,74.3077980"
"1947","Hussain kite","Kite Flying - Manufacturer","New bazar kahna tehsil nishter district lahore, Nishter Town","Nishter Town","03279419146","https://www.google.com/maps?q=31.3920080,74.3593770"
"1948","Rajpoot Kites","Kite Flying - Seller","H7CW+67P, Abdali Rd, Sant Nagar St Nagar, Lahore, 54000, Pakistan, Lahore City","Lahore City","03184121159","https://www.google.com/maps?q=31.5706110,74.2956560"
"1949","RAMZAN KITE WORKS","Kite Flying - Seller","HC52+V3M, Tajpura Main Rd, Tajpura, Lahore, Pakistan, Shalimar Town","Shalimar Town","03044774044","https://www.google.com/maps?q=31.5597040,74.4001620"
"1950","Amir Aziz","Kite Flying - Manufacturer","H75X+27F, Road, Sanda Rajgarh, Lahore, 54000, Pakistan, Lahore City","Lahore City","03061906090","https://www.google.com/maps?q=31.5575520,74.2981730"
"1951","Rana kites","Kite Flying - Trader","Near Jahangir Tomb Rd, Shahdara Town, Lahore, Pakistan, Ravi Town","Ravi Town","03140485526","https://www.google.com/maps?q=31.6226900,74.3029400"
"1952","RJ Traders","Kite Flying - Seller","C9X4+43H, Sitara Colony Lahore, Pakistan, Model Town","Model Town","03086454500","https://www.google.com/maps?q=31.4478130,74.3552340"
"1953","Orient Kite Store","Kite Flying - Manufacturer","H8JG+PHM Delhi Gate, Akbari Mandi Walled City of Lahore, Lahore, 54000, Pakistan, Lahore City","Lahore City","03230782458","https://www.google.com/maps?q=31.5821910,74.3263720"
"1954","Hskitelineclub","Kite Flying - Manufacturer","G759+RWV, Kharak Awan Town, Lahore, Pakistan, Lahore City","Lahore City","03094643005","https://www.google.com/maps?q=31.5095670,74.2697710"
"1955","New Shah G Kite","Kite Flying - Manufacturer","H9CP+ 7G3 Ramgarh, Lahore, Pakistan, Shalimar Town","Shalimar Town","03000111826","https://www.google.com/maps?q=31.5705410,74.3862710"
"1956","Asif Trader","Kite Flying - Trader","H8QV+5RR, Chah Miran Rd, Chah Miran, Lahore, Pakistan, Ravi Town","Ravi Town","03061400691, 03214158322","https://www.google.com/maps?q=31.5880130,74.3445070"
"1957","Amaan kites","Kite Flying - Seller","J79M+Q4 Lahore, Pakistan, Ravi Town","Ravi Town","03486187576","https://www.google.com/maps?q=31.6194650,74.2828450"
"1958","Essa Kite Manufacturer","Kite Flying - Manufacturer","69 Shuja Rd, near what road, Clifton Colony Combo Colony, Lahore, 54000, Pakistan, Model Town","Model Town","03296162201","https://www.google.com/maps?q=31.5206670,74.3055800"
"1959","Noman kites PK","Kite Flying - Seller","H7RX+PCX, Karim Park Lahore, Pakistan, Lahore City","Lahore City","03091456004","https://www.google.com/maps?q=31.5919420,74.2986000"
"1960","LIAQAT DOOR AND KITE 🪁","Kite Flying - Seller","H9QG+5V4, Shalimar College Rd, Baghbanpura, Lahore, 54000, Pakistan, Shalimar Town","Shalimar Town","03008891350","https://www.google.com/maps?q=31.5878420,74.3771570"
"1961","Genz kite","Kite Flying - Seller","Street number 9 house 20 ghulbahr collony farhan high school college road bagbhanpura lahore, Lahore Cantt","Lahore Cantt","03084871425","https://www.google.com/maps?q=31.5982152,74.3735730"
"1962","Self employee","Kite Flying - Manufacturer","H7CW+Q28, Sant Nagar St Nagar, Lahore, 54000, Pakistan, Lahore City","Lahore City","03454380160","https://www.google.com/maps?q=31.5720210,74.2950550"
"1963","Saleem & Sons","Kite Flying - Trader","H8GC+PPM Miyawaki, Circular Garden Park, Tung Bazar, Mochi Gate Walled City of Lahore, Lahore, 54000, Pakistan, Lahore City","Lahore City","03244545641","https://www.google.com/maps?q=31.5767090,74.3217420"
"1964","Vicky Kite House","Kite Flying - Seller","40 Nadeem Shaheed Rd, Chauhdry Colony Samanabad Town, Lahore, 54000, Pakistan, Lahore City","Lahore City","03219303561","https://www.google.com/maps?q=31.5291400,74.3014070"
"1965","Papu gudi Farosh","Kite Flying - Seller","Kot Khawaja Saeed, Lahore, Pakistan, Shalimar Town","Shalimar Town","03214167366","https://www.google.com/maps?q=31.5899990,74.3559500"
"1966","Kite flying seller","Kite Flying - Seller","17, Block A1 Block A 1 Pia Housing Scheme, Lahore, 54770, Pakistan, Allama Iqbal","Allama Iqbal","03214282032","https://www.google.com/maps?q=31.4520960,74.2872330"
"1967","Ashir kite house","Kite Flying - Manufacturer","J7MX+4V, Shahdara Town, Lahore, Pakistan, Ravi Town","Ravi Town","03271005071","https://www.google.com/maps?q=31.6327470,74.2995900"
"1968","Mazhar kite maker","Kite Flying - Manufacturer","Shalimar Garden Orange line station, Singhpura, Lahore, 54000, Pakistan, Shalimar Town","Shalimar Town","03054689718","https://www.google.com/maps?q=31.5835620,74.3800380"
"1969","property office","Kite Flying - Seller","HC55+2PR, Aziz Bhatti Town, Lahore, Pakistan, Lahore Cantt","Lahore Cantt","03260123621","https://www.google.com/maps?q=31.5577020,74.4092720"
"1970","Daylight","Kite Flying - Seller","H8X7+GH5, Old Ravi Bridge, Sadiq Pura Badami Bagh, Lahore, Pakistan, Ravi Town","Ravi Town","03174003624","https://www.google.com/maps?q=31.5988380,74.3143630"
"1971","Nazar German paper kite Mela","Kite Flying - Seller","111, Main Blvd Allama Iqbal Town, Huma Block Allama Iqbal Town, Lahore, 54000, Pakistan, Lahore City","Lahore City","03030150013","https://www.google.com/maps?q=31.5236550,74.2889420"
"1972","AQEEL kite","Kite Flying - Seller","H9M7+MH7, Ghaus Park Kot Khawaja Saeed, Lahore, 54000, Pakistan, Shalimar Town","Shalimar Town","03004638203","https://www.google.com/maps?q=31.5840660,74.3639330"
"1973","Ahmad Raza Kite Maker","Kite Flying - Manufacturer","H9R4+H9X, Kot Khawaja Saeed, Lahore, Pakistan, Shalimar Town","Shalimar Town","03298809592","https://www.google.com/maps?q=31.5916130,74.3552340"
"1974","Saleem & Sons","Kite Flying - Seller","H8GC+PPM Miyawaki, Circular Garden Park, Tung Bazar, Mochi Gate Walled City of Lahore, Lahore, 54000, Pakistan, Lahore City","Lahore City","03244545641","https://www.google.com/maps?q=31.5767810,74.3216120"
"1975","Nadeem Kite Maker","Kite Flying - Manufacturer","G7RH+QG4, Shera Kot Lahore, 54000, Pakistan, Lahore City","Lahore City","03106124643","https://www.google.com/maps?q=31.5421510,74.2788820"
"1976","Ali Hamza","Kite Flying - Seller","H78W+59V, Umar Rd, Krishan Nagar Islampura, Lahore, 54000, Pakistan, Lahore City","Lahore City","03124793733","https://www.google.com/maps?q=31.5656540,74.2958620"
"1977","Shah decor","Kite Flying - Trader","H8GC+VJ6, Mochi Gate Walled City of Lahore, Lahore, 54000, Pakistan, Lahore City","Lahore City","03201468010","https://www.google.com/maps?q=31.5769230,74.3215300"
"1978","Nadeem Kite Maker","Kite Flying - Seller","G7RH+QG4, Shera Kot Lahore, 54000, Pakistan, Lahore City","Lahore City","03106124643","https://www.google.com/maps?q=31.5420840,74.2788330"
"1979","Amin and Sons","Kite Flying - Seller","Shop 70-A Chowk Janazgah Molabaksh Road Mazong, Lahore City","Lahore City","03054019297","https://www.google.com/maps?q=31.5561590,74.3102670"
"1980","AA kites","Kite Flying - Manufacturer","Badshahi Mosque, Badshahi Mosque, Fort Rd, Walled City of Lahore, Lahore, 54000, Pakistan, Lahore City","Lahore City","03294470008","https://www.google.com/maps?q=31.5880410,74.3092920"
"1981","M.A Traders","Kite Flying - Seller","H8X4+639, Qila Lachman Singh, Lahore, Pakistan, Lahore City","Lahore City","03234004040","https://www.google.com/maps?q=31.5980210,74.3055890"
"1982","A.l & Co.","Kite Flying - Manufacturer","J7QJ+JJM, Shahdara Town, Shahdara, Pakistan, Lahore City","Lahore City","03234004040","https://www.google.com/maps?q=31.6392370,74.2819050"
"1983","M.R & C0.","Kite Flying - Manufacturer","23 Fateh Sher Rd, Bagh Gul Begum Mozang Chungi, Lahore, 54000, Pakistan, Lahore City","Lahore City","03004727831","https://www.google.com/maps?q=31.5433580,74.3083610"
"1984","Kite seller","Kite Flying - Seller","HCC6+X3F, Salamat Pura Rd, Fatehgarh, Lahore, Pakistan, Shalimar Town","Shalimar Town","03288288838","https://www.google.com/maps?q=31.5724840,74.4102370"
"1985","M.T & Co.","Kite Flying - Manufacturer","J858+92Q, Service Rd, Hanif Park Badami Bagh, Lahore, Pakistan, Ravi Town","Ravi Town","03239002374","https://www.google.com/maps?q=31.6074620,74.3153300"
"1986","Rehman kite seller","Kite Flying - Seller","HCJ3+PJH Shah din park daroghawala lahore, Shalimar Housing Scheme, Lahore, 54000, Pakistan, Shalimar Town","Shalimar Town","03214719335","https://www.google.com/maps?q=31.5818080,74.4041130"
"1987","Nawaz kite seller","Kite Flying - Seller","HCM4+M9G, Sue Wala Rd, Zaitoon Colony, Lahore, Pakistan, Shalimar Town","Shalimar Town","03044933259","https://www.google.com/maps?q=31.5841070,74.4058950"
"1988","F&H Kites","Kite Flying - Seller","2 Taimoor Street, Farooq Colony, Lahore, 54810, Pakistan, Model Town","Model Town","03235318993","https://www.google.com/maps?q=31.4796000,74.3628720"
"1989","Zaffar Mobile Shop","Kite Flying - Seller","98MX+QPM, Lahore, Pakistan, Nishter Town","Nishter Town","03004735465","https://www.google.com/maps?q=31.3839520,74.3501640"
"1990","Imran Kites","Kite Flying - Manufacturer","Block, 143 B, Block B PCSIR Staff Colony, Lahore, 54770, Pakistan, Model Town","Model Town","03184573232","https://www.google.com/maps?q=31.4305870,74.2879590"
"1991","Ahmed kite seller","Kite Flying - Seller","C9VR+R5R, Kamahan, Lahore, Pakistan, Nishter Town","Nishter Town","03184525437","https://www.google.com/maps?q=31.4446040,74.3902490"
"1992","POMA KITE","Kite Flying - Manufacturer","F85V+9R9, Ismail Nagar, Lahore, Pakistan, Model Town","Model Town","03214082374","https://www.google.com/maps?q=31.4584010,74.3446170"
"1993","Zain Kite Home","Kite Flying - Manufacturer","HC45+WP8, Aziz Bhatti Town, Lahore, Pakistan, Shalimar Town","Shalimar Town","03234313634","https://www.google.com/maps?q=31.5572820,74.4093170"
"1994","Khan kite shop","Kite Flying - Manufacturer","H8V3+PQ9, Ravi Park, Lahore, Pakistan, Lahore City","Lahore City","03119300394","https://www.google.com/maps?q=31.5944250,74.3044540"
"1995","Lalla Game Shop","Kite Flying - Seller","J93C+VQM, Lal Shah Rd, Mehmood Booti, Lahore, Pakistan, Shalimar Town","Shalimar Town","03124858514","https://www.google.com/maps?q=31.6047920,74.3719710"
"1996","S. kite maker","Kite Flying - Manufacturer","G8G6+QGH, Chowk, Ichhra Combo Colony, Lahore, 54000, Pakistan, Model Town","Model Town","03110460296","https://www.google.com/maps?q=31.5268060,74.3110080"
"1997","Babar Kites","Kite Flying - Trader","H9MF+4WJ, Haq Nawaz Rd, Baghbanpura, Lahore, 54000, Pakistan, Shalimar Town","Shalimar Town","03008539181","https://www.google.com/maps?q=31.5828240,74.3747300"
"1998","Rashid General Store","Kite Flying - Seller","Waseem Park, PO Ismail Nagar, Attari Suroba, Tehsil Lahore Cantt. District Lahore, Nishter Town","Nishter Town","03074209190","https://www.google.com/maps?q=31.4533000,74.3506000"
"1999","ATIF PAN SHOP","Kite Flying - Seller","J7GH+84P, Chattha Park Shahdara Town, Lahore, Pakistan, Ravi Town","Ravi Town","03014942047","https://www.google.com/maps?q=31.6258710,74.2777810"
"2000","Lahori Kites","Kite Flying - Seller","H9GQ+VVG, Kotli Abdur Rahman Nabi Pura, Lahore, Pakistan, Shalimar Town","Shalimar Town","03240018309","https://www.google.com/maps?q=31.5772910,74.3897340"
"2001","Gulzar Traders","Kite Flying - Manufacturer","99F3+RQF, Kahna Kacha Rd, Kahna Nau, Kahna, Pakistan, Nishter Town","Nishter Town","03067844501","https://www.google.com/maps?q=31.3746220,74.3544850"
"2002","Sabir Shah trader","Kite Flying - Trader","47 مغلپورہ روڈ، Larechs Colony Mughalpura, Lahore, 54000, Pakistan, Shalimar Town","Shalimar Town","03228089996","https://www.google.com/maps?q=31.5649880,74.3540540"
"2003","Rehan Azeem","Kite Flying - Seller","H74R+VJ3, Street 40, Sham Nagar Sanda, Lahore, 54000, Pakistan, Lahore City","Lahore City","03208214659","https://www.google.com/maps?q=31.5571040,74.2910980"
"2004","Kashif Kites Store","Kite Flying - Seller","F924+H2X, Main Bazar, Muft pura Gul Colony, Lahore, Pakistan, Model Town","Model Town","03219418241","https://www.google.com/maps?q=31.4514860,74.3551080"
"2005","J.J. Seller","Kite Flying - Seller","Plot 322, F Block Block F Gulshan-e-Ravi, Lahore, 54000, Pakistan, Lahore City","Lahore City","03088038617","https://www.google.com/maps?q=31.5486100,74.2811210"
"2006","Farooqi trader","Kite Flying - Trader","79 Street Number 4, Ravi Block Allama Iqbal Town, Lahore, 54000, Pakistan, Model Town","Model Town","03264373368","https://www.google.com/maps?q=31.5125120,74.2804650"
"2007","Haider kite Making","Kite Flying - Manufacturer","H9HQ+3GM, Kotli Abdur Rahman Nabi Pura, Lahore, Pakistan, Shalimar Town","Shalimar Town","03074455268","https://www.google.com/maps?q=31.5776950,74.3887710"
"2008","Haji sons","Kite Flying - Manufacturer","460 Street Number 4, Lahore, 54000, Pakistan, Wahgah Town","Wahgah Town","03104290709","https://www.google.com/maps?q=31.6014580,74.4694580"
"2009","Mudassar Saleem","Kite Flying - Seller","H9XW+68R, Bhagwal Nawan Mehmood Booti, Lahore, Pakistan, Shalimar Town","Shalimar Town","03244155353","https://www.google.com/maps?q=31.5980870,74.3954290"
"2010","Faizan Kite Club","Kite Flying - Seller","H97J+797, Gunj, Lahore, 54840, Pakistan, Shalimar Town","Shalimar Town","03176072081","https://www.google.com/maps?q=31.5631510,74.3809120"
"2011","Auto Mechanic","Kite Flying - Seller","House no 86 A 2 street gurumangat stop gulberg 3 Lhr, Model Town","Model Town","03069662793","https://www.google.com/maps?q=31.5216330,74.3570960"
"2012","Kites Express","Kite Flying - Seller","31 Multan Rd, Samanabad Town, Lahore, 54500, Pakistan, Lahore City","Lahore City","03217797547","https://www.google.com/maps?q=31.5452680,74.2955750"
"2013","Shalamar Kite Group","Kite Flying - Seller","H9RJ+8QW, Street Number 181, Madina Colony Baghbanpura, Lahore, Pakistan, Shalimar Town","Shalimar Town","03244434991","https://www.google.com/maps?q=31.5905360,74.3820290"
"2014","ALI KITE & DOR SELLER","Kite Flying - Seller","HCF6+C42, Salamat Pura Rd, Fatehgarh, Lahore, Pakistan, Shalimar Town","Shalimar Town","03234794893","https://www.google.com/maps?q=31.5733940,74.4101890"
"2015","A.S Kites","Kite Flying - Seller","C9Q8+226, Gulshan Yaseen Colony, Lahore, Pakistan, Nishter Town","Nishter Town","03244300799","https://www.google.com/maps?q=31.4378530,74.3650730"
"2016","CHISHTI MOBILE","Kite Flying - Manufacturer","H9H9+FJC, Singhpura, Lahore, 54000, Pakistan, Shalimar Town","Shalimar Town","03014024027","https://www.google.com/maps?q=31.5787220,74.3690650"
"2017","Mohsin Kite Traders","Kite Flying - Seller","G7PQ+W7J, Sodiwal Rd, Sodhiwal, Lahore, 54000, Pakistan, Lahore City","Lahore City","03074455383","https://www.google.com/maps?q=31.5373330,74.2881340"
"2018","Adeel Ali","Kite Flying - Manufacturer","H75X+25M, Road, Sanda Rajgarh, Lahore, 54000, Pakistan, Lahore City","Lahore City","03211417297","https://www.google.com/maps?q=31.5576830,74.2979070"
"2019","Shan Stationary","Kite Flying - Seller","J66X+GX3, Khaki, Shahdara, Pakistan, Lahore City","Lahore City","03240437007","https://www.google.com/maps?q=31.6111420,74.2498110"
"2020","Butt Kite House","Kite Flying - Seller","Shop no 3,Nazd Dolla Chownk, Kot Kamboh Lahore, 54000, Pakistan, Lahore City","Lahore City","03064737175","https://www.google.com/maps?q=31.5332000,74.2722000"
"2021","M.S Traders","Kite Flying - Seller","Plot 108, Maraghzar Colony Block B Marghzar Housing Scheme, Lahore, Pakistan, Allama Iqbal","Allama Iqbal","03084808631","https://www.google.com/maps?q=31.5070500,74.2493300"
"2022","Q GROUP","Kite Flying - Seller","149 C commercial Broadway phase8 dha Lahore., Lahore Cantt","Lahore Cantt","03218432395","https://www.google.com/maps?q=31.4893970,74.4424100"
"2023","Sabir kasuri kits","Kite Flying - Manufacturer","C9X5+95J, Chungi, Amer Sidhu Sitara Colony, Lahore, Pakistan, Model Town","Model Town","03017356124","https://www.google.com/maps?q=31.4488580,74.3577550"
"2024","Mehtab kite shop","Kite Flying - Seller","G7QR+CVC, Multan Rd, Samanabad Town, Lahore, 54000, Pakistan, Lahore City","Lahore City","03078671462","https://www.google.com/maps?q=31.5385500,74.2921430"
"2025","Nabeel Kites","Kite Flying - Seller","Bazaar Laal khoh، inside Mochi Gate، Kucha Chagtah Walled City of Lahore, Lahore, 54000, Pakistan, Lahore City","Lahore City","03234134440","https://www.google.com/maps?q=31.5777730,74.3220350"
"2026","Fine Dor","Kite Flying - Manufacturer","HFW4+MXJ, Yadgar Rd, Garrison Garden Housing Scheme, Lahore, Pakistan, Wahgah Town","Wahgah Town","03214563920","https://www.google.com/maps?q=31.5966500,74.4577470"
"2027","Shami kite house","Kite Flying - Seller","18 Sultan Ahmed Rd, nr. 3-4, Ichhra Lahore, 54000, Pakistan, Model Town","Model Town","03214798473","https://www.google.com/maps?q=31.5300140,74.3195020"
"2028","Gener store","Kite Flying - Manufacturer","Jinnah Street, Ittehad Colony, Scheme More, Multan Rd, Ittehad Colony Lahore, 54000, Pakistan, Lahore City","Lahore City","03134749277, 03178866094","https://www.google.com/maps?q=31.5276210,74.2874000"
"2029","Asif pan shop and general store","Kite Flying - Seller","845g q blck flat, Model Town Extension Block Q Flats Model Town, Lahore, Pakistan, Model Town","Model Town","03010543856","https://www.google.com/maps?q=31.4710020,74.3311060"
"2030","Waseem kite","Kite Flying - Seller","H8HF+MRC, Akbari Mandi Walled City of Lahore, Lahore, 54000, Pakistan, Lahore City","Lahore City","03037880076","https://www.google.com/maps?q=31.5791930,74.3244260"
"2031","Zunair kites","Kite Flying - Manufacturer","58A Street 40, Taj park Rajgarh, Lahore, 54000, Pakistan, Lahore City","Lahore City","03017478899","https://www.google.com/maps?q=31.5574280,74.2903410"
"2032","Basant Back Official Kite Seller","Kite Flying - Seller","99F5+V38, Kahna Nau, Kahna, Pakistan, Nishter Town","Nishter Town","03049137736","https://www.google.com/maps?q=31.3749268,74.3450854"
"2033","AB kites","Kite Flying - Manufacturer","Plot 618, Block C Faisal Town, Lahore, Pakistan, Model Town","Model Town","03277111162","https://www.google.com/maps?q=31.4733240,74.3051750"
"2034","Kiran resturent","Kite Flying - Seller","Plot 104, Township Block 12 Sector B 1 Lahore, 54770, पाकिस्तान, Model Town","Model Town","03114038916","https://www.google.com/maps?q=31.4629580,74.3094010"
"2035","Sultan kite makers","Kite Flying - Manufacturer","J74P+VRC, Shahdara Town, Shahdara, Pakistan, Ravi Town","Ravi Town","03214485938","https://www.google.com/maps?q=31.6066690,74.2883730"
"2036","Shehriyar kites","Kite Flying - Seller","H8JF+FF9, Akbari Mandi Walled City of Lahore, Lahore, 54000, Pakistan, Lahore Saddar","Lahore Saddar","03124044614","https://www.google.com/maps?q=31.5813230,74.3237580"
"2037","Saddique Manufacturer","Kite Flying - Manufacturer","9CX9+HX Lahore, Pakistan, Nishter Town","Nishter Town","03067845923","https://www.google.com/maps?q=31.3989260,74.4199340"
"2038","Sajid Kite Makers","Kite Flying - Manufacturer","G7X6+959, Muhallah Ghulam Muhammad Lahore, Pakistan, Lahore City","Lahore City","03234952316","https://www.google.com/maps?q=31.5488250,74.2611840"
"2039","PatangBaz","Kite Flying - Seller","Shop Number 5-6 Milad Chowk, Akbari Mandi Outside, Delhi Gate, Akbari Mandi Walled City of Lahore, Lahore, 54000, Pakistan, Lahore City","Lahore City","03244794123","https://www.google.com/maps?q=31.5816430,74.3270610"
"2040","H Sons Trader","Kite Flying - Seller","H949+GM3, Gulistan Colony Mustafabad, Lahore, Pakistan, Lahore Cantt","Lahore Cantt","03211148420","https://www.google.com/maps?q=31.5562090,74.3690220"
"2041","Kite flying saler","Kite Flying - Manufacturer","H9H6+XX2, Begumpura Main Rd, Begampura Begumpura, Lahore, 54000, Pakistan, Shalimar Town","Shalimar Town","03235621590","https://www.google.com/maps?q=31.5799380,74.3624120"
"2042","Kite 2K26","Kite Flying - Seller","C7FV+QGC, Bagrian Lahore, Pakistan, Model Town","Model Town","03008147047","https://www.google.com/maps?q=31.4245240,74.2937910"
"2043","Masurry","Kite Flying - Seller","Plot 489, Township Block 1 Sector D1 Lahore, Pakistan, Model Town","Model Town","03214535358","https://www.google.com/maps?q=31.4425650,74.3087100"
"2044","Khan Kite Manufacturer","Kite Flying - Manufacturer","Iqbal Manzil Mohallah out fall road Sanat Nagar Lahore, Lahore City","Lahore City","03219266007","https://www.google.com/maps?q=31.5742220,74.2962350"
"2045","Jimmy kites","Kite Flying - Seller","J7HM+CCX, Shahdara Town, Shahdara, Pakistan, Ravi Town","Ravi Town","03344111477","https://www.google.com/maps?q=31.6283150,74.2834730"
"2046","Scrap work","Kite Flying - Manufacturer","136 3 D2 Green town lahore, Model Town","Model Town","03214154523","https://www.google.com/maps?q=31.4341310,74.3074660"
"2047","Property dealer","Kite Flying - Seller","C9RX+RPF, Housing Society - Phase 1 Block F State Life Phase 1 State Life, Lahore, Pakistan, Nishter Town","Nishter Town","03004666402","https://www.google.com/maps?q=31.4420076,74.3993346"
"2048","Abubakar kites","Kite Flying - Seller","Plot 669, J2 Block Block J 2 Phase 2 Johar Town, Lahore, Pakistan, Allama Iqbal","Allama Iqbal","03166726644","https://www.google.com/maps?q=31.4694650,74.2560600"
"2049","sk kite","Kite Flying - Manufacturer","H8QM+52Q, Misri Shah Lahore, Pakistan, Ravi Town","Ravi Town","03033453455","https://www.google.com/maps?q=31.5879530,74.3326260"
"2050","Digi Pandaz","Kite Flying - Seller","2nd Floor, Plaza No. 36, Umar Block, Bahria Town, Lahore, Allama Iqbal","Allama Iqbal","03212581119","https://www.google.com/maps?q=31.3848620,74.1954470"
"2051","Shahbaz Kite","Kite Flying - Seller","H8HF+Q5M, Lakar Mandi Bazar, Mohalla Chauhattan Mohalla Takia Sadhu Walled City of Lahore, Lahore, 54000, Pakistan, Lahore City","Lahore City","03274083126","https://www.google.com/maps?q=31.5796090,74.3229480"
"2052","Khan Kite Seller","Kite Flying - Seller","Iqbal Manzil Mohallah out fall road Sanat Nagar Lahore, Lahore City","Lahore City","03219266007","https://www.google.com/maps?q=31.5741430,74.2959950"
"2053","AMG KITES","Kite Flying - Manufacturer","H # 330/C, PUEHS Town 2, Ali Raza Abad, Main Raiwind Road, Lahore, Pakistan, Model Town","Model Town","03124401140","https://www.google.com/maps?q=31.4265500,74.2384220"
"2054","Hassnain Kites","Kite Flying - Seller","H77P+HPM, Mughal St, Sanda Islampura, Lahore, 54000, Pakistan, Lahore City","Lahore City","03064180837","https://www.google.com/maps?q=31.5638900,74.2871240"
"2055","Fateh Kites","Kite Flying - Trader","H857+6XG, Mozang Chungi, Lahore, 54000, Pakistan, Lahore City","Lahore City","03075628674","https://www.google.com/maps?q=31.5580070,74.3147360"
"2056","Khalil Kite","Kite Flying - Manufacturer","H74M+H63, Sanda Rd, Sanda Block D 1 Gulshan-e-Ravi, Lahore, 54000, Pakistan, Lahore City","Lahore City","03263973676","https://www.google.com/maps?q=31.5564510,74.2829630"
"2057","Mobile city","Kite Flying - Seller","58-G, Glamour One Plaza, Maulana Shaukat Ali Rd, Sector B-1 Block 1 Sector B 1 Lahore, 54770, Pakistan, Model Town","Model Town","03044225252","https://www.google.com/maps?q=31.4651770,74.3120300"
"2058","M Taral","Kite Flying - Seller","Plot G 659, Sector G Phase 5 D.H.A, Lahore, Pakistan, Lahore Cantt","Lahore Cantt","03246095560","https://www.google.com/maps?q=31.4677650,74.3987560"
"2059","Faheem kite maker","Kite Flying - Manufacturer","HC9C+GJV, Taj Bagh Scheme, Lahore, Pakistan, Shalimar Town","Shalimar Town","03234100219","https://www.google.com/maps?q=31.5688110,74.4220180"
"2060","Bilal decoration","Kite Flying - Seller","H8HF+C2G, Lal Khoo Bazaar, Mochi Gate Walled City of Lahore, Lahore, 54000, Pakistan, Lahore City","Lahore City","03224074375","https://www.google.com/maps?q=31.5785620,74.3226360"
"2061","kite seller","Kite Flying - Seller","H9JF+76P, Baghbanpura, Lahore, 54000, Pakistan, Shalimar Town","Shalimar Town","03283153364","https://www.google.com/maps?q=31.5806530,74.3731440"
"2062","kaka kite manufacturing","Kite Flying - Manufacturer","J8H3+FPG, Shahdara Town, Lahore, Pakistan, Ravi Town","Ravi Town","03287736001","https://www.google.com/maps?q=31.6285840,74.3043210"
"2063","Farooqi trader","Kite Flying - Manufacturer","79 Ravi Block Allama Iqbal Town, Lahore, 54000, Pakistan, Model Town","Model Town","03264373368","https://www.google.com/maps?q=31.5124540,74.2804070"
"2064","Baba Khilonay Wala","Kite Flying - Seller","F83X+72J, Ayub Rd, Tariq Abad Ismail Nagar, Lahore, Pakistan, Model Town","Model Town","03065317238","https://www.google.com/maps?q=31.4532440,74.3474900"
"2065","SA Gift centre","Kite Flying - Seller","187 Main Boulevard Sabzazar, Sabzazar Block A Sabzazar Housing Scheme Phase 1 & 2 Lahore, 54000, Pakistan, Lahore City","Lahore City","03216506284","https://www.google.com/maps?q=31.5252750,74.2786450"
"2066","William Kite Maker","Kite Flying - Seller","H8WW+686, Kalma Chowk, Chah Miran, Lahore, Pakistan, Ravi Town","Ravi Town","03086331515","https://www.google.com/maps?q=31.5955830,74.3457490"
"2067","Adeel","Kite Flying - Seller","F9X5+879, Balouch Rd, Makkah Colony Gulberg III, Lahore, Pakistan, Lahore Cantt","Lahore Cantt","03084039814","https://www.google.com/maps?q=31.4983530,74.3583180"
"2068","Kite Maker","Kite Flying - Manufacturer","H7V4+88Q, Sagian Wala Bypass Rd, Lahore, Pakistan, Ravi Town","Ravi Town","03334419497","https://www.google.com/maps?q=31.5939490,74.2562780"
"2069","William Kite Maker","Kite Flying - Trader","H8WW+686, Kalma Chowk, Chah Miran, Lahore, Pakistan, Ravi Town","Ravi Town","03086331515","https://www.google.com/maps?q=31.5955830,74.3457490"
"2070","Mursad kite","Kite Flying - Seller","49.Dil Mohammad Rd, Gawalmandi, Lahore, 54000, Pakistan, Shalimar Town","Shalimar Town","03134249353","https://www.google.com/maps?q=31.5713510,74.3261880"
"2071","Arslan Kite&dor Seller","Kite Flying - Seller","C9G7+CMX, Sufiabad Main Rd, Sufiabad Lahore, Pakistan, Nishter Town","Nishter Town","03084914950","https://www.google.com/maps?q=31.4262240,74.3641450"
"2072","Subhan kite shop","Kite Flying - Seller","360 M block sabzazar lahore, Lahore City","Lahore City","03239945175","https://www.google.com/maps?q=31.5173340,74.2600950"
"2073","MA KITE HOUSE","Kite Flying - Seller","G7JG+GJJ, Nagra Rd, Nagra Town Lahore, 54000, Pakistan, Lahore City","Lahore City","03281691912","https://www.google.com/maps?q=31.5308940,74.2767920"
"2074","Rizwan Manyari","Kite Flying - Manufacturer","89HR+2GV, Julkay Village, Lahore, Pakistan, Nishter Town","Nishter Town","03014741284","https://www.google.com/maps?q=31.3275580,74.3911310"
"2075","Salman Shaukat Kite & Dor Seller","Kite Flying - Seller","C9H8+54X, Atari Saroba Attari Saroba, Lahore, Pakistan, Nishter Town","Nishter Town","03460510778","https://www.google.com/maps?q=31.4279820,74.3653620"
"2076","Asif Kite House","Kite Flying - Trader","Main Shamnagar Rd, Sham Nagar Sanda, Lahore, 54000, Pakistan, Lahore City","Lahore City","03344438707","https://www.google.com/maps?q=31.5557280,74.2942800"
"2077","Shamroz Jarral","Kite Flying - Manufacturer","J7CR+M3R, Main Court Ferozwala Rd, Shahdara Town, Lahore, Pakistan, Ravi Town","Ravi Town","03135476623","https://www.google.com/maps?q=31.6217410,74.2901180"
"2078","Shabbir kite maker","Kite Flying - Manufacturer","188/5 Shalimar Link Road, Shalimar Larechs Colony, Lahore, 54000, Pakistan, Shalimar Town","Shalimar Town","03214797681","https://www.google.com/maps?q=31.5727450,74.3800960"
"2079","Jutt Brand","Kite Flying - Seller","Lasani homes rajgarh road, H842+96Q, Chauburji Chowk, Sham Nagar Sanda, Lahore, 54000, Pakistan, Lahore City","Lahore City","03209848068","https://www.google.com/maps?q=31.5559350,74.3004630"
"2080","Saddam kite store","Kite Flying - Seller","H9PG+X5X, Shalimar College Rd, Baghbanpura, Lahore, 54000, Pakistan, Shalimar Town","Shalimar Town","03200440848","https://www.google.com/maps?q=31.5875220,74.3754670"
"2081","SZ KITES","Kite Flying - Seller","F6JP+CG4, Thokar Niaz Baig, Lahore, Pakistan, Allama Iqbal","Allama Iqbal","03224701149","https://www.google.com/maps?q=31.4772760,74.2405870"
"2082","Patang Saaz","Kite Flying - Manufacturer","yasir block, near waseem park, Nishter Colony, Lahore, Pakistan, Nishter Town","Nishter Town","03244463993","https://www.google.com/maps?q=31.4215140,74.3698350"
"2083","Hamayoun Imran","Kite Flying - Manufacturer","HFMP+FC8, IBL Housing Scheme, Lahore, Pakistan, Wahgah Town","Wahgah Town","03160429918","https://www.google.com/maps?q=31.5843300,74.4862750"
"2084","SHARIB KITE MAKER","Kite Flying - Manufacturer","14 Barkat Town Rd, Barkat Town Shahdara Town, Lahore, Pakistan, Ravi Town","Ravi Town","03015042607","https://www.google.com/maps?q=31.6427450,74.2877080"
"2085","Zain Ali & Co. Kites Manufacturer","Kite Flying - Manufacturer","Chowk Shah Alam, H8F8+GRG, Baans Bazar, Anarkali Bazaar Lahore, 54000, Pakistan, Lahore City","Lahore City","03314117612","https://www.google.com/maps?q=31.5736400,74.3171000"
"2086","Zain Ali Kites Trader","Kite Flying - Seller","Chowk Shah Alam, H8F8+GRG, Baans Bazar, Anarkali Bazaar Lahore, 54000, Pakistan, Lahore City","Lahore City","03314117612","https://www.google.com/maps?q=31.5736400,74.3171000"
"2087","CHISHTI MOBILE SHOP","Kite Flying - Seller","140 Grand Trunk Rd, opposite layers, Baghbanpura, Lahore, 54000, Pakistan, Shalimar Town","Shalimar Town","03014024027","https://www.google.com/maps?q=31.5787910,74.3696390"
"2088","Usama kite","Kite Flying - Manufacturer","33a Nisbat Rd, Anarkali Bazaar Lahore, 54000, Pakistan, Shalimar Town","Shalimar Town","03214656933","https://www.google.com/maps?q=31.5699660,74.3203430"
"2089","Afzal Traders","Kite Flying - Manufacturer","H959+G8F, Canal Rd, Upper Mall Scheme, Lahore, 54840, Pakistan, Lahore Cantt","Lahore Cantt","03224190544","https://www.google.com/maps?q=31.5587210,74.3681810"
"2090","Emmanuel stationery shop","Kite Flying - Seller","F8CR+8G3, Main Bahar Colony Rd, Bahar Colony Lahore, Pakistan, Model Town","Model Town","03134500474","https://www.google.com/maps?q=31.4708150,74.3412960"
"2091","Moon kite seller","Kite Flying - Seller","FCV3+VFP, Bedian Rd, Nadirabad, Lahore, Pakistan, Lahore Cantt","Lahore Cantt","03289486904","https://www.google.com/maps?q=31.4947060,74.4036510"
"2092","Diamond kite house","Kite Flying - Manufacturer","H7Q6+XH8, Lahore, Pakistan, Ravi Town","Ravi Town","03334201857","https://www.google.com/maps?q=31.5900900,74.2611130"
"2093","yousuf kite house","Kite Flying - Manufacturer","Plot 18, Chenab Block Allama Iqbal Town, Lahore, 54000, Pakistan, Model Town","Model Town","03214040886","https://www.google.com/maps?q=31.5177900,74.2944000"
"2094","Yasir salgirah house","Kite Flying - Seller","H8GC+VJ6, Mochi Gate Walled City of Lahore, Lahore, 54000, Pakistan, Lahore City","Lahore City","03271480691","https://www.google.com/maps?q=31.5770940,74.3215270"
"2095","Mani Kite & Dor Seller","Kite Flying - Seller","97CM+Q5Q, New Defence Rd, Halloki, Lahore, Pakistan, Nishter Town","Nishter Town","03032124046","https://www.google.com/maps?q=31.3719650,74.2830530"
"2096","Nex mobile","Kite Flying - Seller","Near st #10 Block B, near Sheikh Sweet, Al-Faisal Town, Lahore, Pakistan, Shalimar Town","Shalimar Town","03244650676","https://www.google.com/maps?q=31.5481110,74.4032840"
"2097","Jajji kite house","Kite Flying - Manufacturer","H8Q2+X39, 19 Sufian Street, Karim Park Lahore, Pakistan, Lahore City","Lahore City","03217166397","https://www.google.com/maps?q=31.5900000,74.3000000"
"2098","Kite Seller","Kite Flying - Seller","JC76+3GW, Lakhodair Rd, Lakhodher, Lahore, Pakistan, Wahgah Town","Wahgah Town","03104168900","https://www.google.com/maps?q=31.6127280,74.4113240"
"2099","Naveed Gudi Frosh","Kite Flying - Seller","F9VC+R53, Ahmad St, Zaman Colony, Lahore, Pakistan, Lahore Cantt","Lahore Cantt","03244451043","https://www.google.com/maps?q=31.4945260,74.3704220"
"2100","Dor master","Kite Flying - Seller","132 Al Hamd Road, Al-Hamd Park Block N Marghzar Housing Scheme, Lahore, Pakistan, Allama Iqbal","Allama Iqbal","03051931947, 03251522252","https://www.google.com/maps?q=31.5005250,74.2573250"
"2101","Dawood Real Estate","Kite Flying - Seller","425 D St, Edenabad, Lahore, Pakistan, Nishter Town","Nishter Town","03021441435","https://www.google.com/maps?q=31.4125000,74.3566000"
"2102","Dr kite","Kite Flying - Seller","H9Q2+MH3, Kot Khawaja Saeed, Lahore, Pakistan, Shalimar Town","Shalimar Town","03061400691, 03214158322, 03226116533","https://www.google.com/maps?q=31.5890940,74.3514650"
"2103","Umar hayat kite manufacturer","Kite Flying - Manufacturer","H9PC+RJ5, Street Number 9G, Baghbanpura, Lahore, 54000, Pakistan, Shalimar Town","Shalimar Town","03035337611","https://www.google.com/maps?q=31.5872390,74.3717270"
"2104","Umar Trader","Kite Flying - Seller","4 Nicholson Rd, Garhi Shahu, Lahore, 54000, Pakistan, Shalimar Town","Shalimar Town","03237239957","https://www.google.com/maps?q=31.5713820,74.3338420"
"2105","Data pan shop","Kite Flying - Seller","H78P+F59, Millat Rd, Sanda Khurd, Lahore, 54000, Pakistan, Lahore City","Lahore City","03214281418","https://www.google.com/maps?q=31.5660960,74.2855730"
"2106","Sheikh Kites","Kite Flying - Manufacturer","7-C, Lahore Press Club Housing Scheme harbanspura, Lahore, Pakistan, Shalimar Town","Shalimar Town","03082527209","https://www.google.com/maps?q=31.5795020,74.4488440"
"2107","Billa kite","Kite Flying - Manufacturer","G753+8V, Meharpura Lahore, Pakistan, Lahore City","Lahore City","03074370702","https://www.google.com/maps?q=31.5083100,74.2552760"
"2108","Dr kite maker","Kite Flying - Manufacturer","H9Q2+MH3, Kot Khawaja Saeed, Lahore, Pakistan, Shalimar Town","Shalimar Town","03226116533","https://www.google.com/maps?q=31.5887400,74.3515020"
"2109","Chand kites","Kite Flying - Manufacturer","Plot 14, Maraghzar Colony Block D Marghzar Housing Scheme, Lahore, Pakistan, Allama Iqbal","Allama Iqbal","03038895633","https://www.google.com/maps?q=31.5068120,74.2509230"
"2110","Arif kit","Kite Flying - Seller","F924+H2X, Main Bazar, Muft pura Gul Colony, Lahore, Pakistan, Model Town","Model Town","03114661152","https://www.google.com/maps?q=31.4514860,74.3551080"
"2111","Tiger kites and string","Kite Flying - Seller","H8F9+GR6, Chamberlain Rd, Gawalmandi, Lahore, 54000, Pakistan, Shalimar Town","Shalimar Town","03094293516","https://www.google.com/maps?q=31.5737840,74.3195160"
"2112","BASRAW KITE HOUSE","Kite Flying - Seller","F9G6+G52, Main Bazaar AL Noor Town Rd, Al-Noor Town Al Noor Town, Lahore, Pakistan, Model Town","Model Town","03213035246","https://www.google.com/maps?q=31.4762860,74.3604150"
"2113","Khalid trader","Kite Flying - Manufacturer","H8RV+PQP, beeco Chowk, Makhan Pura Chah Miran, Lahore, Pakistan, Ravi Town","Ravi Town","03254147520","https://www.google.com/maps?q=31.5918240,74.3444200"
"2114","Umar Trader","Kite Flying - Manufacturer","68 Chauhan Rd, Islampura, Lahore, 54000, Pakistan, Lahore City","Lahore City","03237239957","https://www.google.com/maps?q=31.5674570,74.2843980"
"2115","Saad Kite Trader","Kite Flying - Seller","J778+F8V, Begum Kot Shahdara Town, Lahore, Pakistan, Ravi Town","Ravi Town","03028004944","https://www.google.com/maps?q=31.6137730,74.2657760"
"2116","Muzmail Sharif Kites Trader","Kite Flying - Seller","G7MG+45V, Kot Kamboh Lahore, 54500, Pakistan, Lahore City","Lahore City","03234923495","https://www.google.com/maps?q=31.5326320,74.2732380"
"2117","Shah kite house","Kite Flying - Seller","G7HX+VCJ, Qateel Shifai Rd, Samanabad Town, Lahore, 54000, Pakistan, Lahore City","Lahore City","03224277612","https://www.google.com/maps?q=31.5299320,74.2986350"
"2118","Chaudhary traders","Kite Flying - Manufacturer","G723+2M2, Maraghzar Colony Block N Marghzar Housing Scheme, Lahore, Pakistan, Allama Iqbal","Allama Iqbal","03214902998","https://www.google.com/maps?q=31.4999930,74.2543120"
"2119","Zain kite","Kite Flying - Seller","40 Kalyar Rd, Samanabad Town, Lahore, 54000, Pakistan, Lahore City","Lahore City","03124005676","https://www.google.com/maps?q=31.5434070,74.2901020"
"2120","Shah kites","Kite Flying - Seller","G79F+G7R, Saeed Pur Block A Sabzazar Housing Scheme Phase 1 & 2 Lahore, Pakistan, Lahore City","Lahore City","03160491251","https://www.google.com/maps?q=31.5190150,74.2732980"
"2121","AL-RAZIQ ENTERPRISES","Kite Flying - Manufacturer","514 Saadi Rd, Township Block 2 Sector A 2 Lahore, Pakistan, Model Town","Model Town","03038498786","https://www.google.com/maps?q=31.4528360,74.3124740"
"2122","Patang house","Kite Flying - Trader","HCH2+PM5, Daroghawala, Lahore, 54000, Pakistan, Shalimar Town","Shalimar Town","03214657719","https://www.google.com/maps?q=31.5793260,74.4017790"
"2123","M.madina Trader","Kite Flying - Seller","J78P+MX5, Taj Din Rd, Shahdara Town, Lahore, Pakistan, Ravi Town","Ravi Town","03034685217","https://www.google.com/maps?q=31.6163100,74.2884400"
"2124","Muhammad nawaz","Kite Flying - Manufacturer","J8F5+6P2, Shahdara Town, Shahdara, Pakistan, Ravi Town","Ravi Town","03084543742, 03226762784","https://www.google.com/maps?q=31.6219140,74.3091580"
"2125","Kashif Ali Kite Maker","Kite Flying - Manufacturer","G64W+WR9, Maraghzar Colony Block B Marghzar Housing Scheme, Lahore, Pakistan, Allama Iqbal","Allama Iqbal","03246503373","https://www.google.com/maps?q=31.5069470,74.2470000"
"2126","AMG & Brothers","Kite Flying - Seller","47-O Lawrence Road, Jinnah Town, Lahore, 54000, Pakistan, Lahore City","Lahore City","03214106329, 03219473737","https://www.google.com/maps?q=31.5477180,74.3264450"
"2127","Asad kite","Kite Flying - Seller","H8P4+RFG Kachi abadi shamash Pura Ravi road Lahore, Kacha Ravi Rd, Data Gunj Buksh Town, Lahore, Pakistan, Lahore City","Lahore City","03238456769","https://www.google.com/maps?q=31.5872350,74.3062510"
"2128","Mastan Dada","Kite Flying - Seller","G7RX+675, Rahmat Ali Rd, Samanabad Town, Lahore, 54000, Pakistan, Lahore City","Lahore City","03094028336","https://www.google.com/maps?q=31.5405140,74.2982200"
"2129","Self employee","Kite Flying - Seller","H7CV+QJ6, Ganga St, Sant Nagar St Nagar, Lahore, 54000, Pakistan, Lahore City","Lahore City","03454380160","https://www.google.com/maps?q=31.5719380,74.2942870"
"2130","Rakshan kite Trades","Kite Flying - Seller","350 Street 7, Sector CC Dha Phase 4, Lahore, Pakistan, Lahore Cantt","Lahore Cantt","03434453094","https://www.google.com/maps?q=31.4637000,74.3804440"
"2131","Sultan Shop","Kite Flying - Manufacturer","House No 23-A Street 54-S Muhalla Touheeda Bad new Sabzi Mandi Lahore, Model Town","Model Town","03074676484","https://www.google.com/maps?q=31.5254210,74.3612620"
"2132","Arif butt house maker","Kite Flying - Seller","River view, Raiwind","Raiwind","03228402105","https://www.google.com/maps?q=31.3769650,74.2304600"
"2133","Fateh Kites","Kite Flying - Seller","Lateef market, Shop#5 Main Bazar Mozang, Mozang Chungi, Lahore, 54000, Pakistan, Lahore City","Lahore City","03075628674","https://www.google.com/maps?q=31.5578660,74.3138280"
"2134","New kite shop","Kite Flying - Seller","F84X+V94, Jahangir Park Ismail Nagar, Lahore, Pakistan, Model Town","Model Town","03114716108","https://www.google.com/maps?q=31.4572200,74.3484310"
"2135","Khawaja kites","Kite Flying - Manufacturer","FCR5+J92, Bedian Rd, Nadirabad, Lahore, 54792, Pakistan, Lahore Cantt","Lahore Cantt","03186149179","https://www.google.com/maps?q=31.4914260,74.4084210"
"2136","Fateh Kites","Kite Flying - Manufacturer","19 Main Bazar Mozang, Mozang Chungi, Lahore, 54000, Pakistan, Lahore City","Lahore City","03075628674","https://www.google.com/maps?q=31.5577350,74.3139190"
"2137","Lake City Meadows Kites","Kite Flying - Seller","237, Block A State Life Phase 1 State Life, Lahore, Pakistan, Nishter Town","Nishter Town","03210077999","https://www.google.com/maps?q=31.4506490,74.3967270"
"2138","Mastan Dada traders","Kite Flying - Trader","Main Market, Samanabad Main Boulevard, Samanabad Town, Lahore, 54000, Pakistan, Lahore City","Lahore City","03094028336","https://www.google.com/maps?q=31.5408930,74.3032330"
"2139","SOFTELLOGICS","Kite Flying - Seller","HCF8+QMP, Canal Point Society Canal Bank Housing Scheme, Lahore, Pakistan, Shalimar Town","Shalimar Town","03219603667","https://www.google.com/maps?q=31.5745700,74.4166860"
"2140","Ali butt kite house","Kite Flying - Trader","H8HF+MRC, Akbari Mandi Walled City of Lahore, Lahore, 54000, Pakistan, Lahore City","Lahore City","03214900356","https://www.google.com/maps?q=31.5791930,74.3244260"
"2141","Ammar ahmad bhatti","Kite Flying - Seller","H73V+343, Block B Gulshan-e-Ravi, Lahore, 54000, Pakistan, Lahore City","Lahore City","03054828800","https://www.google.com/maps?q=31.5527920,74.2929780"
"2142","M. Imran Tajdin Kites Trader","Kite Flying - Seller","H7CW+4C8, Abdali Rd, Sant Nagar St Nagar, Lahore, 54000, Pakistan, Lahore City","Lahore City","03104166824","https://www.google.com/maps?q=31.5703450,74.2961220"
"2143","Amir Trader","Kite Flying - Seller","Lytton Rd, H836+FQJ, Janazgah, Mozang, Mozang Chungi, Lahore, 54000, Pakistan, Lahore City","Lahore City","03317446720","https://www.google.com/maps?q=31.5538020,74.3119000"
"2144","Faisal Kite House","Kite Flying - Manufacturer","H8QW+6PR, Chah Miran Rd, Chah Miran, Lahore, Pakistan, Ravi Town","Ravi Town","03224728856","https://www.google.com/maps?q=31.5881670,74.3467890"
"2145","Ahmad kite maker","Kite Flying - Manufacturer","101, MET Scheme 1 Mughalpura, Lahore, Pakistan, Shalimar Town","Shalimar Town","03277222555","https://www.google.com/maps?q=31.5685530,74.3583570"
"2146","Mohsin Khan","Kite Flying - Trader","H89F+XRM, Gawalmandi, Lahore, 54000, Pakistan, Shalimar Town","Shalimar Town","03074791767","https://www.google.com/maps?q=31.5700350,74.3243780"
"2147","Muhammad Znair & Co. Kites Manufacturer","Kite Flying - Manufacturer","GCX3+6HP, Zarrar Shaheed Rd, Al-Faisal Town, Lahore, Pakistan, Shalimar Town","Shalimar Town","03224054799","https://www.google.com/maps?q=31.5478000,74.4037700"
"2148","Mian Kite House","Kite Flying - Seller","Munamapparel@gmail.com, Lahore City","Lahore City","03246117703","https://www.google.com/maps?q=31.5103330,74.2747780"
"2149","Faiz Sons","Kite Flying - Trader","Street 93 Shop 1 Muhala Chah Pichwara Lyton Road Mazong, Lahore City","Lahore City","03214484493","https://www.google.com/maps?q=31.5550010,74.3123190"
"2150","Muhammad Zunair Kites Trader","Kite Flying - Seller","GCX3+6HP, Zarrar Shaheed Rd, Al-Faisal Town, Lahore, Pakistan, Shalimar Town","Shalimar Town","03224054799","https://www.google.com/maps?q=31.5478000,74.4037700"
"2151","Khurram Kite House","Kite Flying - Manufacturer","H9V8+4RQ, Bogiwall Rd, Gujjarpura, Lahore, 54000, Pakistan, Shalimar Town","Shalimar Town","03224024120","https://www.google.com/maps?q=31.5924410,74.3673650"
"2152","Amin And Sons","Kite Flying - Trader","70-A Chowk Janazgah Mola Baksh road, Lahore City","Lahore City","03054019297","https://www.google.com/maps?q=31.5561590,74.3102670"
"2153","SHAHID KITE MAKER","Kite Flying - Manufacturer","G7JW+659, Samanabad Town, Lahore, 54000, Pakistan, Lahore City","Lahore City","03008109434","https://www.google.com/maps?q=31.5307230,74.2953090"
"2154","Chacha trader","Kite Flying - Seller","J82R+492, Shad Bagh, Lahore, Pakistan, Ravi Town","Ravi Town","03094997485","https://www.google.com/maps?q=31.6003460,74.3408260"
"2155","Hamza traiders","Kite Flying - Trader","Muslimabad Street 2،, Railway Rd, Gawalmandi, Lahore, 54000, Pakistan, Lahore City","Lahore City","03225077407","https://www.google.com/maps?q=31.5737970,74.3175450"
"2156","Mansoor kite flying","Kite Flying - Seller","(Near Jamia Maki Mosque) Chuna Bhattian, Shalimar Link Road Lahore., Singhpura, Lahore, 54000, Pakistan, Shalimar Town","Shalimar Town","03096755605","https://www.google.com/maps?q=31.5780790,74.3810340"
"2157","Kite Maker (Muhammad Nawaz)","Kite Flying - Manufacturer","HCP3+5PQ, Zaitoon Colony, Lahore, 54000, Pakistan, Shalimar Town","Shalimar Town","03009448861","https://www.google.com/maps?q=31.5854760,74.4043410"
"2158","Shah Kite house","Kite Flying - Manufacturer","G7HX+RHH, Ghalib Colony Samanabad Town, Lahore, 54000, Pakistan, Lahore City","Lahore City","03224277612","https://www.google.com/maps?q=31.5295660,74.2994280"
"2159","Chacha trader","Kite Flying - Manufacturer","586 Main Blvd Shad Bagh Rd, Shad Bagh, Lahore, Pakistan, Ravi Town","Ravi Town","03094997485","https://www.google.com/maps?q=31.5960100,74.3390750"
"2160","Q GROUP","Kite Flying - Trader","149c Broadway Main Blvd, Sector V DHA Phase 8, Lahore, Pakistan, Lahore Cantt","Lahore Cantt","03218432395","https://www.google.com/maps?q=31.4923520,74.4398250"
"2161","Waqar Kite House","Kite Flying - Seller","G8FV+XP5, Main Bazar Canal Park, Canal Park Lahore, Pakistan, Model Town","Model Town","03484565082","https://www.google.com/maps?q=31.5249510,74.3443490"
"2162","Khalid Kite","Kite Flying - Manufacturer","248-2-B-2 Dar ul Islam Road Township Lahore, Model Town","Model Town","03220512209","https://www.google.com/maps?q=31.4553790,74.3050220"
"2163","Faris trade","Kite Flying - Manufacturer","Molana talha sab keer kalan township lahore, Model Town","Model Town","03277744331","https://www.google.com/maps?q=31.4410970,74.3140000"
"2164","Sky High Ktes","Kite Flying - Manufacturer","G747+3XG, Awan Town, Lahore, Pakistan, Lahore City","Lahore City","03217373515","https://www.google.com/maps?q=31.5055030,74.2650610"
"2165","Malik kites","Kite Flying - Manufacturer","G9XM+54H, Bangali Mohalla Lahore, Pakistan, Lahore Cantt","Lahore Cantt","03099991629","https://www.google.com/maps?q=31.5477390,74.3828630"
"2166","Kite seller","Kite Flying - Seller","48 Union Park Rd, Chauhdry Colony Samanabad Town, Lahore, 54000, Pakistan, Model Town","Model Town","03217002219","https://www.google.com/maps?q=31.5306030,74.3037520"
"2167","Voogle","Kite Flying - Trader","Plot 24, Block F State Life Phase 1 State Life, Lahore, Pakistan, Nishter Town","Nishter Town","03164021415","https://www.google.com/maps?q=31.4418630,74.3986710"
"2168","DATA KITE HOUSE","Kite Flying - Manufacturer","F647+M23، بھٹیاں والی روڈ، Khanpur, Lahore, Pakistan, Allama Iqbal","Allama Iqbal","03037212099","https://www.google.com/maps?q=31.4568440,74.2122410"
"2169","Asghar corner shop","Kite Flying - Seller","F8H9+5RJ, Block F Model Town, Lahore, Pakistan, Model Town","Model Town","03214285819","https://www.google.com/maps?q=31.4778070,74.3195330"
"2170","Nishat Hotels & Properties Limited","Kite Flying Association","Abdul Haque Road، Trade Centre Commercial Area Phase 2 Johar Town, Lahore, Pakistan, Allama Iqbal","Allama Iqbal","03326737785","https://www.google.com/maps?q=31.4675540,74.2638070"
"2171","Rana kite shop thoker niaz baig lahore","Kite Flying - Seller","F6JP+4PG، ملک نیامت روڈ، Gulshan Town, Lahore, Pakistan, Allama Iqbal","Allama Iqbal","03008085124","https://www.google.com/maps?q=31.4801350,74.2371010"
"2172","Baba Kite House","Kite Flying - Manufacturer","house no 2 street no 1 Block D Youhanabad, Lahore, Pakistan, Nishter Town","Nishter Town","03164020105","https://www.google.com/maps?q=31.4100000,74.3600000"
"2173","Sutureline Kites","Kite Flying - Trader","H9JR+CH5 Allah-ho park, Sue Wala Rd, Baghban Pura Housing Scheme Shahid Park, Lahore, Pakistan, Shalimar Town","Shalimar Town","03201492458","https://www.google.com/maps?q=31.5809240,74.3911790"
"2174","JJ Fashion","Kite Flying - Seller","H9MF+5QH, Baghbanpura, Lahore, 54000, Pakistan, Shalimar Town","Shalimar Town","03098586048","https://www.google.com/maps?q=31.5829370,74.3744840"
"2175","Zahid shoes","Kite Flying - Seller","C9X4+R4G, Shanghai Rd, Muft pura Sitara Colony, Lahore, Pakistan, Model Town","Model Town","03214825399","https://www.google.com/maps?q=31.4495160,74.3553970"
"2176","Hafiz Kite Dealer","Kite Flying - Seller","Plot 558, Sabzazar Block H Sabzazar Housing Scheme Phase 1 & 2 Lahore, Pakistan, Lahore City","Lahore City","03231409706","https://www.google.com/maps?q=31.5138930,74.2703480"
"2177","Shahriyar kite","Kite Flying - Seller","40, Block T Gulberg 2, Lahore, 54660, Pakistan, Lahore Cantt","Lahore Cantt","03201498125","https://www.google.com/maps?q=31.5196750,74.3579410"
"2178","KITE SELLER","Kite Flying - Manufacturer","FCR2+XJC, Karam shah road, near darbar, Keer Nishat Colony, Lahore, Pakistan, Lahore Cantt","Lahore Cantt","03208806878","https://www.google.com/maps?q=31.4924620,74.4016520"
"2179","lahoer","Kite Flying - Seller","G994+2MR, Block A1 Block A 1 Gulberg III, Lahore, Pakistan, Lahore Cantt","Lahore Cantt","03317598510, 03231012248","https://www.google.com/maps?q=31.5175780,74.3565940"
"2180","Ubaid kite trading","Kite Flying - Trader","H97W+2C8, Tajpura, Lahore, Pakistan, Shalimar Town","Shalimar Town","03332239443","https://www.google.com/maps?q=31.5625620,74.3960690"
"2181","FLY O CLOCK","Kite Flying - Manufacturer","G7CC+5R8, Sabzazar Block A Sabzazar Housing Scheme Phase 1 & 2 Lahore, 54000, Pakistan, Lahore City","Lahore City","03124508746","https://www.google.com/maps?q=31.5206490,74.2718720"
"2182","Mehar 1 kite sellers","Kite Flying - Seller","Mian bazar kharak near allah walla store, Lahore City","Lahore City","03099999324","https://www.google.com/maps?q=31.5085900,74.2687690"
"2183","Papu gudi farosh","Kite Flying - Manufacturer","S#1 H#12 muhllah Khair Abad kot khwaja Saeed Lahore, Shalimar Town","Shalimar Town","03214167366","https://www.google.com/maps?q=31.5790000,74.3430000"
"2184","Kashi sports","Kite Flying - Seller","Shop 5, Plot 141, Block 1, College Rd, Sector B-II, Township, Lahore, Punjab, Township Block 1 Sector B 2 Lahore, 54770, Pakistan, Model Town","Model Town","03164035790","https://www.google.com/maps?q=31.4574040,74.3022270"
"2185","Azhar toy's","Kite Flying - Seller","H8HC+49Q, Mochi Gate Walled City of Lahore, Lahore, 54000, Pakistan, Lahore City","Lahore City","03014525866","https://www.google.com/maps?q=31.5775640,74.3211190"
"2186","Zain kites","Kite Flying - Seller","H7HV+HQW, Knowledge St, Data Gunj Buksh Town, Lahore, 54000, Pakistan, Lahore City","Lahore City","03134005835","https://www.google.com/maps?q=31.5789660,74.2943160"
"2187","Shah Rukh Kite Seller","Kite Flying - Seller","H873+928, Liaqatabad Islampura, Lahore, 54000, Pakistan, Lahore City","Lahore City","03704171821","https://www.google.com/maps?q=31.5637630,74.3024700"
"2188","KALEEM GENERAL STORE","Kite Flying - Seller","HC32+P25, Main Bazar Nizamabad, Ghaziabad, Lahore, Pakistan, Shalimar Town","Shalimar Town","03251622950","https://www.google.com/maps?q=31.5542690,74.4000790"
"2189","Anas Trader","Kite Flying - Seller","2 lack road road old anarkali lahore, Lahore City","Lahore City","03454654878","https://www.google.com/maps?q=31.5634580,74.3087070"
"2190","Arsal kite","Kite Flying - Manufacturer","G9XJ+V3H, Saddar Gol Chakar, Saddar Town, Lahore, Pakistan, Lahore Cantt","Lahore Cantt","03244442061","https://www.google.com/maps?q=31.5497000,74.3802240"
"2191","Bhai Jan Kite House","Kite Flying - Seller","House NO 7/1 Rafique Park Shad Bagh Lahore, Ravi Town","Ravi Town","03204703181","https://www.google.com/maps?q=31.6012360,74.3420420"
"2192","Kite Magic Seller","Kite Flying - Seller","H9FX+684, Hameedpura, Lahore, Pakistan, Shalimar Town","Shalimar Town","03238811544","https://www.google.com/maps?q=31.5731830,74.3984160"
"2193","alkaram computer","Kite Flying - Seller","FCV7+PMG, Gulshan Ali Colony Gulshan e Ali Colony, Lahore, Pakistan, Lahore Cantt","Lahore Cantt","03322392609","https://www.google.com/maps?q=31.4943520,74.4142130"
"2194","Voogle","Kite Flying - Manufacturer","Plot 25, Block F State Life Phase 1 State Life, Lahore, Pakistan, Nishter Town","Nishter Town","03164021415","https://www.google.com/maps?q=31.4418280,74.3986680"
"2195","kite shop","Kite Flying - Seller","HFVM+XMW, Rāmpura Rampura, Lahore, Pakistan, Wahgah Town","Wahgah Town","03082040384","https://www.google.com/maps?q=31.5945650,74.4840550"
"2196","Haji baba video game","Kite Flying - Seller","J76F+392, Shahdara Town, Lahore, Pakistan, Ravi Town","Ravi Town","03054018808","https://www.google.com/maps?q=31.6101410,74.2734200"
"2197","JM KITES","Kite Flying - Seller","J82F+P88, Badami Bagh, Lahore, Pakistan, Ravi Town","Ravi Town","03249009292","https://www.google.com/maps?q=31.6019450,74.3232430"
"2198","Ashraf Kites","Kite Flying - Manufacturer","G7JM+PMQ, Dholanwal Rd, Dholanwal Nagra Town, Lahore, 54000, Pakistan, Lahore City","Lahore City","03224339039","https://www.google.com/maps?q=31.5317660,74.2841690"
"2199","Rose products","Kite Flying - Seller","9e Lane 7, Education Town, Lahore, Pakistan, Allama Iqbal","Allama Iqbal","03214500481","https://www.google.com/maps?q=31.4935430,74.2683570"
"2200","Sheikh G Kites","Kite Flying - Seller","FCR5+V3X, Bedian Rd, Nadirabad, Lahore, Pakistan, Lahore Cantt","Lahore Cantt","03064706307","https://www.google.com/maps?q=31.4923190,74.4077690"
"2201","Ustad Riffat Kite Maker","Kite Flying - Manufacturer","Shop#2 Al-Mumtaz Rd, near buns road station, Samanabad Town, Lahore, 54000, Pakistan, Lahore City","Lahore City","03204169210","https://www.google.com/maps?q=31.5304970,74.2925830"
"2202","Butt kites","Kite Flying - Manufacturer","H8QM+M74, Aziz Park Misri Shah, Lahore, Pakistan, Ravi Town","Ravi Town","03224019669","https://www.google.com/maps?q=31.5895940,74.3333810"
"2203","Falcon Real Estate Builder Developers & Traders","Kite Flying - Manufacturer","87G9+88 Lahore, Pakistan, Raiwind","Raiwind","03104038780","https://www.google.com/maps?q=31.3257550,74.2683080"
"2204","Khalid Anwar","Kite Flying - Seller","F89M+39W, Siddique St, Liaquatabad (Dhalla), Lahore, Pakistan, Model Town","Model Town","03044783303","https://www.google.com/maps?q=31.4680350,74.3333800"
"2205","Imran kite flying","Kite Flying - Manufacturer","G7GP+66F, 40 ‏Main Blvd Gulshan-e-Ravi, A Block Block A Gulshan-e-Ravi, Lahore, 54000, Pakistan, Lahore City","Lahore City","03334255764","https://www.google.com/maps?q=31.5479880,74.2913380"
"2206","Najeeb Kite Trader","Kite Flying - Trader","G7HG+GFP, Kot Muhammad Nagra Town, Lahore, 54000, Pakistan, Lahore City","Lahore City","03150442339","https://www.google.com/maps?q=31.5287880,74.2763570"
"2207","Mp kites","Kite Flying - Manufacturer","Plot 171, E Block Block E Gulshan-e-Ravi, Lahore, 54000, Pakistan, Lahore City","Lahore City","03054510522","https://www.google.com/maps?q=31.5523020,74.2749780"
"2208","Abdul waheed Kite Store","Kite Flying - Seller","999G+VRM, Gull Barg Kahna, Pakistan, Nishter Town","Nishter Town","03002520999","https://www.google.com/maps?q=31.3696410,74.3768750"
"2209","Ustad Riffat Kite Maker","Kite Flying - Seller","Al-Mumtaz Rd, Samanabad Town, Lahore, 54000, Pakistan, Lahore City","Lahore City","03204169210","https://www.google.com/maps?q=31.5304970,74.2925830"
"2210","Rafiq & Sons Plywood store","Kite Flying - Seller","Main Grand Trunk Rd, Manawan, Lahore, Pakistan, Wahgah Town","Wahgah Town","03043124895","https://www.google.com/maps?q=31.5947030,74.4796680"
"2211","FH Kites Club","Kite Flying - Manufacturer","H9RG+53H, Gujjarpura, Lahore, 54000, Pakistan, Shalimar Town","Shalimar Town","03164150652","https://www.google.com/maps?q=31.5904380,74.3752340"
"2212","Chuhdary kites","Kite Flying - Seller","H9Q6+QJG, Sher Shah Rd, Shaira Kot Kot Khawaja Saeed, Lahore, 54000, Pakistan, Shalimar Town","Shalimar Town","03225069578","https://www.google.com/maps?q=31.5891970,74.3613170"
"2213","Bilal kites maker","Kite Flying - Manufacturer","Shahdara Metro Sation (RT18), Saeed Park Shahdara Town, Shahdara, Pakistan, Ravi Town","Ravi Town","03036091702","https://www.google.com/maps?q=31.6167310,74.2908760"
"2214","Zohaib sabir Kites Trader","Kite Flying - Seller","C6MC+4J4, Al Jannat Main Rd, Al Jannat Block A Al Jannat Colony, Lahore, Pakistan, Allama Iqbal","Allama Iqbal","03260700040","https://www.google.com/maps?q=31.4326200,74.2214800"
"2215","Rite Kite","Kite Flying - Seller","171 Allama Iqbal Rd, Mustafabad, Lahore, 54000, Pakistan, Lahore Cantt","Lahore Cantt","03024410055","https://www.google.com/maps?q=31.5516610,74.3627710"
"2216","Hammad kite saller","Kite Flying - Seller","Hammad hair salon Kharak Bazar Multan road Lahore, Pakistan, Lahore City","Lahore City","03281062359","https://www.google.com/maps?q=31.5087380,74.2676620"
"2217","Dilawar kites","Kite Flying - Manufacturer","Shahdara Chowk،, J79R+3FP, Shahdara Town, Lahore, Pakistan, Ravi Town","Ravi Town","03140485526","https://www.google.com/maps?q=31.6175980,74.2908350"
"2218","Malik kite shop","Kite Flying - Seller","F9Q6+9VP, Street No. 5A, Madina Colony, Lahore, Pakistan, Lahore Cantt","Lahore Cantt","03248453197","https://www.google.com/maps?q=31.4885320,74.3623100"
"2219","THE OASIS GOLF & AQUA RESORT (PRIVATE) LIMITED","Kite Flying Association","G88J+Q42, Old F.C.C. Gulberg III, Lahore, 54000, Pakistan, Model Town","Model Town","03218202110, 03218255956, 03218218647, 03218222880","https://www.google.com/maps?q=31.5171200,74.3303030"
"2220","Asif Ali Kite Store","Kite Flying - Seller","C8RX+M2W, Quaid e Millat Colony, Lahore, Pakistan, Model Town","Model Town","03006592791","https://www.google.com/maps?q=31.4418320,74.3475720"
"2221","Muhammad Waheed","Kite Flying - Seller","STREET NO. 3 MAIN Bedian Rd, Nadirabad, Lahore, 54000, Pakistan, Lahore Cantt","Lahore Cantt","03298807792","https://www.google.com/maps?q=31.4930980,74.4073010"
"2222","Gujjar Traders","Kite Flying - Trader","C9C8+VHR, Nishter Colony, Lahore, 54000, Pakistan, Nishter Town","Nishter Town","03064008280","https://www.google.com/maps?q=31.4225680,74.3665450"
"2223","Mian kites","Kite Flying - Seller","H8J7+PXR, Gumti Bazar, Awami Bazaar Mohalla Daran Walled City of Lahore, Lahore, Pakistan, Lahore City","Lahore City","03254100748","https://www.google.com/maps?q=31.5818170,74.3148470"
"2224","Noshahi kite traders","Kite Flying - Seller","Village taij garh post office batapur lahore, Model Town","Model Town","03224222710","https://www.google.com/maps?q=31.5225440,74.3562840"
"2225","Bouns kites","Kite Flying - Seller","107 Walton Rd, Qadri Colony, Lahore, Pakistan, Lahore Cantt","Lahore Cantt","03244447299, 03234570171","https://www.google.com/maps?q=31.4861580,74.3663260"
"2226","ZAIB KITE HOUSE","Kite Flying - Seller","C98G+FCM, Lahore, Pakistan, Nishter Town","Nishter Town","03114509526","https://www.google.com/maps?q=31.4160210,74.3755700"
"2227","Ahad kite","Kite Flying - Manufacturer","S1-138s, 26 Fleming Rd, opposite Lahore hotel, Garhi Shahu, Lahore, 54000, Pakistan, Shalimar Town","Shalimar Town","03271002004","https://www.google.com/maps?q=31.5704420,74.3287740"
"2228","qm kites","Kite Flying - Seller","38 B Ravi Clifton St, cliften colony, Shahdara, Pakistan, Ravi Town","Ravi Town","03097921664","https://www.google.com/maps?q=31.6190390,74.3008430"
"2229","A&K Traders","Kite Flying - Trader","G7C8+VX4, Sabzazar Block G Sabzazar Housing Scheme Phase 1 & 2 Lahore, 54000, Pakistan, Lahore City","Lahore City","03000040384","https://www.google.com/maps?q=31.5220350,74.2674000"
"2230","Subhan kite Flying","Kite Flying - Trader","J83Q+98W, Fazal St, Shad Bagh, Lahore, Pakistan, Ravi Town","Ravi Town","03224366877","https://www.google.com/maps?q=31.6034540,74.3382900"
"2231","SGS KITE MAKERS","Kite Flying - Seller","H94X+7C3, Ghaziabad, Lahore, Pakistan, Shalimar Town","Shalimar Town","03214825141","https://www.google.com/maps?q=31.5556410,74.3985400"
"2232","Kashif Kite Center","Kite Flying - Manufacturer","40A Link Ferozepur Rd, Jinnah Town, Lahore, 54000, Pakistan, Lahore City","Lahore City","03094868046","https://www.google.com/maps?q=31.5441430,74.3145920"
"2233","umair mobile centre","Kite Flying - Seller","C966+QWW, Youhanabad, Lahore, Pakistan, Nishter Town","Nishter Town","03004784190","https://www.google.com/maps?q=31.4120620,74.3616610"
"2234","BM Cash and Carry","Kite Flying - Seller","114 P Block Makkah CHOWk, Sabzazar Block P Sabzazar Housing Scheme Phase 1 & 2 Lahore, Pakistan, Lahore City","Lahore City","03014459780","https://www.google.com/maps?q=31.5153110,74.2640150"
"2235","Sandhu kite","Kite Flying - Seller","80 Ft road marghzar colony, Lahore City","Lahore City","03174581289","https://www.google.com/maps?q=31.5105394,74.2542636"
"2236","Azeem Traders","Kite Flying - Manufacturer","F86X+RV7, Service Road, Nishtar Town, Lahore, Pakistan, Model Town","Model Town","03249405041","https://www.google.com/maps?q=31.4621150,74.3496820"
"2237","Kamran Kites","Kite Flying - Manufacturer","GCX5+H2P, Harbanspura Rd, Al-Faisal Town, Lahore, Pakistan, Shalimar Town","Shalimar Town","03034852707","https://www.google.com/maps?q=31.5490010,74.4071510"
"2238","Driving","Kite Flying - Manufacturer","Nasrat road Kot lakhpat Choti phatki, Kot Lakhpat, Lahore, Pakistan, Model Town","Model Town","03234651315","https://www.google.com/maps?q=31.4660060,74.3404280"
"2239","Kings kits","Kite Flying - Seller","Batapur، GT RD-Burki Rd Link, Khaira, Lahore, 54000, Pakistan, Wahgah Town","Wahgah Town","03236124500","https://www.google.com/maps?q=31.5823540,74.5007760"
"2240","Muhammad Waheed","Kite Flying - Trader","STREET NO. 3 MAIN Bedian Rd, Nadirabad, Lahore, 54000, Pakistan, Lahore Cantt","Lahore Cantt","03298807792","https://www.google.com/maps?q=31.4930980,74.4073010"
"2241","Pola guddi frosh","Kite Flying - Manufacturer","G9F6+58F, Academy Road, Fateh Abad Fatehabad, Lahore, Pakistan, Lahore Cantt","Lahore Cantt","03316200841","https://www.google.com/maps?q=31.5229100,74.3611380"
"2242","Kashif Kite Center","Kite Flying - Seller","40A Link Ferozepur Rd, Jinnah Town, Lahore, 54000, Pakistan, Lahore City","Lahore City","03094868046","https://www.google.com/maps?q=31.5441430,74.3145920"
"2243","Muhammad Ali Kites Trader","Kite Flying - Seller","J82X+4GM, Bhagatpura, Lahore, 54920, Pakistan, Ravi Town","Ravi Town","03234632597","https://www.google.com/maps?q=31.6002200,74.3487800"
"2244","Ahmed kite trader","Kite Flying - Trader","C9VQ+RWX, State Life Phase 1 Bankers Town, Lahore, Pakistan, Nishter Town","Nishter Town","03184525437","https://www.google.com/maps?q=31.4448100,74.3898100"
"2245","Sajad kite House","Kite Flying - Seller","H9GV+8XF, Bilal Rd, Nabi Pura, Lahore, 54000, Pakistan, Shalimar Town","Shalimar Town","03240149404","https://www.google.com/maps?q=31.5759030,74.3953370"
"2246","Haji kites manufacturer","Kite Flying - Manufacturer","H8X2+4XC, Ravi Rd, Timber Market Lahore, Pakistan, Lahore City","Lahore City","03004118677","https://www.google.com/maps?q=31.5977620,74.3024770"
"2247","Shaheen sport","Kite Flying - Seller","3rd floor 328 Zam Zam Heights plaza, Sabzazar Block G Sabzazar Housing Scheme Phase 1 & 2 Lahore, Pakistan, Lahore City","Lahore City","03218494288","https://www.google.com/maps?q=31.5201140,74.2686810"
"2248","Madina Kites","Kite Flying - Seller","FCQ5+H5F, Ali View Garden Phase 3 Phase 3 Ali View Garden, Lahore, Pakistan, Lahore Cantt","Lahore Cantt","03094470347","https://www.google.com/maps?q=31.4888980,74.4077560"
"2249","KAMI SHOP","Kite Flying - Seller","F8RM+754, Block B Model Town, Lahore, Pakistan, Model Town","Model Town","03214752670","https://www.google.com/maps?q=31.4905850,74.3328870"
"2250","YOUSAF KITE MAKER","Kite Flying - Manufacturer","Chungi Amar Sadhu, ITTEHAD Colony, Lahore, Pakistan, Lahore City","Lahore City","03008532701","https://www.google.com/maps?q=31.5282200,74.2873020"
"2251","David Kites","Kite Flying - Seller","HCM7+V95, Salamatpura Rd, Salamatpura, Lahore, Pakistan, Shalimar Town","Shalimar Town","03050605005","https://www.google.com/maps?q=31.5846100,74.4136700"
"2252","Malik Kite House","Kite Flying - Seller","G7CG+CW2, Shah Farid Block A Sabzazar Housing Scheme Phase 1 & 2 Lahore, 54000, Pakistan, Lahore City","Lahore City","03224129221","https://www.google.com/maps?q=31.5211200,74.2771690"
"2253","Kitecraft","Kite Flying - Manufacturer","C9C2+RF4, Sherwani Rd, Sherwani Town, Lahore, Pakistan, Model Town","Model Town","03030808084","https://www.google.com/maps?q=31.4221450,74.3516060"
"2254","Iftikhar Kites","Kite Flying - Manufacturer","J8G5+V3F, Main Bazar Rd, Shahdara Town, Lahore, Pakistan, Ravi Town","Ravi Town","03228893083","https://www.google.com/maps?q=31.6271850,74.3076250"
"2255","Ali Traders","Kite Flying - Seller","near inam.pk toy store, Shabab Chowk, G8J2+CCX, Nadeem Shaheed Rd, Samanabad Town, Lahore, 54000, Pakistan, Lahore City","Lahore City","03164391788","https://www.google.com/maps?q=31.5311120,74.3010970"
"2256","Amir Kite Traders","Kite Flying - Seller","305-D Grand Trunk Rd, near Pakistan mint, Shalamar Town, Lahore, 45000, Pakistan, Shalimar Town","Shalimar Town","03234050056","https://www.google.com/maps?q=31.5851680,74.3877070"
"2257","Shafaqat Ali Kites Point","Kite Flying - Seller","J7VQ+FXW, Barkat Town Ferozewala, Pakistan, Ravi Town","Ravi Town","03064762858","https://www.google.com/maps?q=31.6439600,74.2899300"
"2258","Sky Fly","Kite Flying - Seller","H9QC+JMX, Street Number 9G, Gujjarpura, Lahore, 54000, Pakistan, Shalimar Town","Shalimar Town","03038039789","https://www.google.com/maps?q=31.5894070,74.3716960"
"2259","Zee Kite Maker","Kite Flying - Manufacturer","Plot 16 D, Chauburji Quarters Lahore, 54000, Pakistan, Lahore City","Lahore City","03400741637","https://www.google.com/maps?q=31.5469660,74.3008060"
"2260","Kaleem Kites","Kite Flying - Manufacturer","C8RV+27R, Quaid e Millat Colony, Lahore, Pakistan, Model Town","Model Town","03001122577","https://www.google.com/maps?q=31.4399990,74.3436950"
"2261","Kite Manufacturer","Kite Flying - Manufacturer","J83H+GMH, Main Bazar Siddiqia Colony, Siddiqia Colony Badami Bagh, Lahore, Pakistan, Ravi Town","Ravi Town","03104700095","https://www.google.com/maps?q=31.6038120,74.3292350"
"2262","SS mobile","Kite Flying - Seller","112-C Main Rd Awan Town, Awan Town, Lahore, Pakistan, Lahore City","Lahore City","03238080708","https://www.google.com/maps?q=31.5042790,74.2639380"
"2263","AR Store","Kite Flying - Seller","J7GX+QCW, Street No. 9, Seraj Park Muslim Park Shahdara Town, Lahore, Pakistan, Ravi Town","Ravi Town","03004745643","https://www.google.com/maps?q=31.6265710,74.2982610"
"2264","Lahore Kites","Kite Flying - Manufacturer","G7HM+HHX, Dholanwal Yasrab colony, Lahore, 54000, Pakistan, Lahore City","Lahore City","03099071698","https://www.google.com/maps?q=31.5292570,74.2837830"
"2265","Ghulam Trader","Kite Flying - Seller","99C9+3G9, Kahna Nau, Kahna, Pakistan, Nishter Town","Nishter Town","03254240751","https://www.google.com/maps?q=31.3701880,74.3688110"
"2266","Malik kite house","Kite Flying - Seller","F9VR+RGJ, Nishat Colony Main Rd, Nishat Colony Lahore, Pakistan, Lahore Cantt","Lahore Cantt","03214999395","https://www.google.com/maps?q=31.4946680,74.3912520"
"2267","Kitecraft","Kite Flying - Seller","C9C2+RF4, Sherwani Rd, Sherwani Town, Lahore, Pakistan, Model Town","Model Town","03030808084","https://www.google.com/maps?q=31.4221290,74.3516020"
"2268","ALI HASSAN TRADER","Kite Flying - Seller","HCC4+G9G, Fateh Garh Main Bazar Rd, Fateh Garh Fatehgarh, Lahore, Pakistan, Shalimar Town","Shalimar Town","03217060134","https://www.google.com/maps?q=31.5713070,74.4059080"
"2269","Basant Kite Seller","Kite Flying - Seller","G977+QM Lahore, Pakistan, Nishter Town","Nishter Town","03414147417","https://www.google.com/maps?q=31.4272420,74.3598690"
"2270","Imran kite center jia bagga","Kite Flying - Seller","Jia Bagga, Lahore, Pakistan, Raiwind","Raiwind","03434162485","https://www.google.com/maps?q=31.3307650,74.2666340"
"2271","Ghulam Ahmad Kite Center","Kite Flying - Manufacturer","86 Bilal Park Rd, Chah Miran, Lahore, 54000, Pakistan, Ravi Town","Ravi Town","03039603120","https://www.google.com/maps?q=31.5862440,74.3493320"
"2272","Malik pan sho","Kite Flying - Manufacturer","C964+52J, Glaxo Town, Lahore, Pakistan, Nishter Town","Nishter Town","03064678305","https://www.google.com/maps?q=31.4103880,74.3551550"
"2273","ALI HASSAN TRADER","Kite Flying - Manufacturer","1 Fateh Garh Main Bazar Rd, Fateh Garh Fatehgarh, Lahore, Pakistan, Shalimar Town","Shalimar Town","03217060134","https://www.google.com/maps?q=31.5713070,74.4059080"
"2274","Ali Kites","Kite Flying - Seller","H8MG+34X, Mohalla Mohammadi Kucha Deputy Alam Shah Walled City of Lahore, Lahore, 54000, Pakistan, Lahore City","Lahore City","03255149913","https://www.google.com/maps?q=31.5827600,74.3253150"
"2275","Syed Traders","Kite Flying - Manufacturer","Street no 49 A house no 52 ittehad colony tajpura Road gaziabad ameen Street, Shalimar Town","Shalimar Town","03248430329","https://www.google.com/maps?q=31.5614000,74.3979000"
"2276","GHULAM ABBAS","Kite Flying - Seller","J7FV+5V9, Qazi Park Shahdara Town, Lahore, Pakistan, Ravi Town","Ravi Town","03075659220","https://www.google.com/maps?q=31.6229850,74.2945380"
"2277","AMG KITES","Kite Flying - Seller","330/C, PUEHS Town 2, Ali Raza Abad, Main Raiwind Road, Lahore, Model Town","Model Town","03124401140","https://www.google.com/maps?q=31.4265050,74.2383280"
"2278","Afzal Kite","Kite Flying - Seller","H8HC+5WG, Mohalla Porbian Mochi Gate Walled City of Lahore, Lahore, 54000, Pakistan, Lahore City","Lahore City","03004307278","https://www.google.com/maps?q=31.5780420,74.3221280"
"2279","BILA","Kite Flying - Seller","H8MM+HV7, Misri Shah, Lahore, 54000, Pakistan, Ravi Town","Ravi Town","03244500202","https://www.google.com/maps?q=31.5838270,74.3345680"
"2280","AB kites","Kite Flying - Trader","Plot 619, Block C Faisal Town, Lahore, Pakistan, Model Town","Model Town","03277111162","https://www.google.com/maps?q=31.4733600,74.3051660"
"2281","Jalal Sons Consultants","Kite Flying - Manufacturer","Street No. 12 F-Block Youhana Abad Ferozepur Road, Lahore, Lahore Cantt","Lahore Cantt","03008381880","https://www.google.com/maps?q=31.5443520,74.3548220"
"2282","GOLDEN WINGS KITE","Kite Flying - Manufacturer","18 Fleming Rd, Gawalmandi, Lahore, 54000, Pakistan, Shalimar Town","Shalimar Town","03280603400","https://www.google.com/maps?q=31.5733580,74.3250220"
"2283","Golden Kites","Kite Flying - Seller","H8HC+2RW, Mochi Gate Bazar, Kucha Chagtah Walled City of Lahore, Lahore, 54000, Pakistan, Lahore City","Lahore City","03271412411","https://www.google.com/maps?q=31.5777730,74.3220350"
"2284","Noman kite House","Kite Flying - Seller","G79F+CMC, Saeed Pur Main Rd, Sabzazar Block A Sabzazar Housing Scheme Phase 1 & 2 Lahore, 54000, Pakistan, Lahore City","Lahore City","03284491430","https://www.google.com/maps?q=31.5185440,74.2741390"
"2285","Kite Shop","Kite Flying - Seller","C 26, Extension Cavalry Ground, Lahore, 54000, Pakistan, Lahore Cantt","Lahore Cantt","03092054245","https://www.google.com/maps?q=31.5018440,74.3634370"
"2286","One Ten kite & Dor","Kite Flying - Manufacturer","Plot 538, Jasmine Block Sector C Bahria Town, Lahore, Pakistan, Allama Iqbal","Allama Iqbal","03244566086","https://www.google.com/maps?q=31.3748840,74.1890860"
"2287","HASSAN KITE SHOP","Kite Flying - Trader","H8HC+5WG, Mohalla Porbian Mochi Gate Walled City of Lahore, Lahore, 54000, Pakistan, Lahore City","Lahore City","03390455619","https://www.google.com/maps?q=31.5781100,74.3221590"
"2288","Shahbaz kite traders","Kite Flying - Seller","997F+W3H، شہزادہ روڈ، Kahna Nau, Kahna, Pakistan, Nishter Town","Nishter Town","03034835756","https://www.google.com/maps?q=31.3647420,74.3724630"
"2289","CM young kites","Kite Flying - Seller","F956+VJ8, Ghazi Rd, Gul Colony, Lahore, Pakistan, Model Town","Model Town","03167807024","https://www.google.com/maps?q=31.4598670,74.3612740"
"2290","Ustad Kaka Kite","Kite Flying - Seller","Plot 16, Block A Architects Engineers Housing Society, Lahore, Pakistan, Allama Iqbal","Allama Iqbal","03168040505","https://www.google.com/maps?q=31.4491050,74.2619210"
"2291","Bilal Nashta ponit lahore","Kite Flying - Seller","H8X8+CCJ, Data Nagar Badami Bagh, Lahore, Pakistan, Ravi Town","Ravi Town","03244057928","https://www.google.com/maps?q=31.5985780,74.3160130"
"2292","Usmanafyal store","Kite Flying - Seller","H8CC+MGJ, Main Bazaar, Gawalmandi, Lahore, 54000, Pakistan, Shalimar Town","Shalimar Town","03065808102","https://www.google.com/maps?q=31.5717860,74.3212280"
"2293","Waseem kite seller","Kite Flying - Seller","Muslimabad, Shalimar Town, Band Rd, Siraj Pura Daroghe Wala, Lahore, 54000, Pakistan, Shalimar Town","Shalimar Town","03317598510","https://www.google.com/maps?q=31.5979740,74.4014100"
"2294","WALI HASSAN","Kite Flying - Seller","Malipura Main Bazaar, Karim Park Lahore, Pakistan, Ravi Town","Ravi Town","03234467281","https://www.google.com/maps?q=31.5902230,74.2956640"
"2295","ALLAH Rakha kite and door","Kite Flying - Seller","211A Grand Trunk Rd, Baghbanpura, Lahore, 54000, Pakistan, Shalimar Town","Shalimar Town","03008891350","https://www.google.com/maps?q=31.5812770,74.3743940"
"2296","Anwar Kite Shop","Kite Flying - Seller","FCJG+RX3, Chacho Wali Ismail Pura Road, Lahore, Pakistan, Lahore Saddar","Lahore Saddar","03097433244","https://www.google.com/maps?q=31.4820230,74.4272180"
"2297","Bambex Traders","Kite Flying - Trader","H8F8+5QW, Baans Bazar, Anarkali Bazaar Gawalmandi, Lahore, 54000, Pakistan, Lahore City","Lahore City","03332105289","https://www.google.com/maps?q=31.5729160,74.3169780"
"2298","Bilal Kite House","Kite Flying - Manufacturer","13/32 Dev Samaj Road, Sant Nagar St Nagar, Lahore, 54000, Pakistan, Lahore City","Lahore City","03131457615","https://www.google.com/maps?q=31.5689840,74.2982500"
"2299","Ashfaq Kites","Kite Flying - Seller","Bazaar Laal khoh، inside Mochi Gate، Kucha Chagtah Walled City of Lahore, Lahore, 54000, Pakistan, Lahore City","Lahore City","03009404525","https://www.google.com/maps?q=31.5777730,74.3220350"
"2300","Mubahser Kite Maker and Trader","Kite Flying - Manufacturer","104 Akbar Shaheed Rd, Kot Lakhpat, Lahore, Pakistan, Model Town","Model Town","03196133009","https://www.google.com/maps?q=31.4591260,74.3339830"
"2301","GOGO KITE","Kite Flying - Trader","Plot 77, E Block Block E Architects Engineers Housing Society, Lahore, Pakistan, Allama Iqbal","Allama Iqbal","03044192699","https://www.google.com/maps?q=31.4397570,74.2611530"
"2302","Chacha trader","Kite Flying - Trader","H8XQ+QV2, Shad Bagh, Lahore, Pakistan, Ravi Town","Ravi Town","03094997485","https://www.google.com/maps?q=31.5993740,74.3397280"
"2303","S.A kite","Kite Flying - Manufacturer","J7FJ+F2F, Muslim colony Chattha Park Shahdara Town, Shahdara, Pakistan, Ravi Town","Ravi Town","03234680725","https://www.google.com/maps?q=31.6239110,74.2805310"
"2304","Bambex Seller","Kite Flying - Seller","H8F8+5QW, Baans Bazar, Anarkali Bazaar Gawalmandi, Lahore, 54000, Pakistan, Lahore City","Lahore City","03332105289","https://www.google.com/maps?q=31.5729160,74.3169780"
"2305","FKS","Kite Flying - Seller","H78X+W8G, Qari Rd, Sant Nagar Islampura, Lahore, 54000, Pakistan, Lahore City","Lahore City","03704036580","https://www.google.com/maps?q=31.5673210,74.2983620"
"2306","Mohsin Ali Kite","Kite Flying - Seller","H99X+5HJ, Naya Pull, Nabi Pura Lahore, Pakistan, Shalimar Town","Shalimar Town","03060450273","https://www.google.com/maps?q=31.5679690,74.3989040"
"2307","Shan Kite Center","Kite Flying - Manufacturer","3 Street Number 4, Maraghzar Colony Block E Marghzar Housing Scheme, Lahore, Pakistan, Allama Iqbal","Allama Iqbal","03070487707","https://www.google.com/maps?q=31.5053930,74.2485010"
"2308","GOLDEN WINGS KITE","Kite Flying - Seller","Baraf Khana Chowk, 18 Fleming Rd, Gawalmandi, Lahore, 54000, Pakistan, Shalimar Town","Shalimar Town","03280603400","https://www.google.com/maps?q=31.5732020,74.3251920"
"2309","Murtaza Kites Seller","Kite Flying - Seller","65 Samanabad Main Boulevard, Samanabad Town, Lahore, 54500, Pakistan, Lahore City","Lahore City","03214777639","https://www.google.com/maps?q=31.5422600,74.3023500"
"2310","Alnafay trading Company","Kite Flying - Seller","H8WR+QHM, Shad Bagh, Lahore, Pakistan, Ravi Town","Ravi Town","03237190000","https://www.google.com/maps?q=31.5970670,74.3412580"
"2311","Lucky mobile center","Kite Flying - Manufacturer","H8MC+898, Kashmiri Bazar, Mohalla Katra Bash Kucha Jamadaran Walled City of Lahore, Lahore, Pakistan, Lahore City","Lahore City","03228080787","https://www.google.com/maps?q=31.5833070,74.3209680"
"2312","Kamran kite seller","Kite Flying - Seller","F89R+Q7F, Chaman St, Bahar Colony Kot Lakhpat, Lahore, Pakistan, Model Town","Model Town","03234096538","https://www.google.com/maps?q=31.4694030,74.3406130"
"2313","Back kite seller official","Kite Flying - Seller","H8GC+VJ6, Mochi Gate Walled City of Lahore, Lahore, 54000, Pakistan, Lahore City","Lahore City","03224568983","https://www.google.com/maps?q=31.5768370,74.3214510"
"2314","Muhammad Umar Kite flying","Kite Flying - Seller","J83H+JQQ, Siddiqia Colony Badami Bagh, Lahore, Pakistan, Ravi Town","Ravi Town","03019097017","https://www.google.com/maps?q=31.6040890,74.3292580"
"2315","Balo kites","Kite Flying - Seller","J75H+HQ, Shahdara Town, Lahore, Pakistan, Ravi Town","Ravi Town","03086344241","https://www.google.com/maps?q=31.6092260,74.2798480"
"2316","Shah G & Naeem Kites Maker","Kite Flying - Manufacturer","5 Street 5, Shera Kot Lahore, 54000, Pakistan, Lahore City","Lahore City","03234199420","https://www.google.com/maps?q=31.5415410,74.2838650"
"2317","RANA GENRAL STORE","Kite Flying - Seller","H9J9+45W, Singhpura Lahore, 54000, Pakistan, Shalimar Town","Shalimar Town","03244922920","https://www.google.com/maps?q=31.5803760,74.3679230"
"2318","Malik Manzoor Traders","Kite Flying - Trader","H8HC+FX5, Lal Khoo Bazar, Sher Galiyan Mochi Gate Walled City of Lahore, Lahore, 54000, Pakistan, Lahore City","Lahore City","03204127303","https://www.google.com/maps?q=31.5786340,74.3225880"
"2319","Muzahir Kite lines","Kite Flying - Seller","31°35'04""N, 74°20'32""E, Mohalah Sadaat Mohalla Sadaat Misri Shah, Lahore, Pakistan, Ravi Town","Ravi Town","03164573354, 03008033508","https://www.google.com/maps?q=31.5848010,74.3422850"
"2320","Israr Kites","Kite Flying - Manufacturer","H8JC+H2G, Mohalla Kakezian Walled City of Lahore, Lahore, 54000, Pakistan, Lahore City","Lahore City","03099982039","https://www.google.com/maps?q=31.5816550,74.3201850"
"2321","Mehar Brothers","Kite Flying - Manufacturer","22 Ichra Rd, Ichhra Lahore, 54000, Pakistan, Model Town","Model Town","03009435682","https://www.google.com/maps?q=31.5329790,74.3187450"
"2322","Hameed door Maker","Kite Flying - Manufacturer","J7HW+889, chowk, near seraj park, Muslim Park Shahdara Town, Lahore, Pakistan, Ravi Town","Ravi Town","03045722677","https://www.google.com/maps?q=31.6287380,74.2960200"
"2323","SMARTY KITES","Kite Flying - Seller","F9QG+GW4, St 6, Iqbal Park Lahore, Pakistan, Lahore Cantt","Lahore Cantt","03064779979","https://www.google.com/maps?q=31.4888810,74.3771460"
"2324","Baba g Kite House","Kite Flying - Seller","H8GC+PPM Miyawaki, Circular Garden Park, Tung Bazar, Mochi Gate Walled City of Lahore, Lahore, 54000, Pakistan, Lahore City","Lahore City","03224380940","https://www.google.com/maps?q=31.5768910,74.3215530"
"2325","Nadeem Traders","Kite Flying - Seller","House #356 Main Bazar Farakh Abad Shahdara Lahore, Ravi Town","Ravi Town","03328400798","https://www.google.com/maps?q=31.6055190,74.2851310"
"2326","SAHAL HAYAT FANCY LIGHTS","Kite Flying - Manufacturer","Main Beadon Rd, Victoria Park Garhi Shahu, Lahore, 54000, Pakistan, Lahore City","Lahore City","03227979211","https://www.google.com/maps?q=31.5641270,74.3218420"
"2327","Nadeem Kite","Kite Flying - Manufacturer","H94R+W88, Sarraan Wali Gali, Kumhar Pura Ghaziabad, Lahore, Pakistan, Shalimar Town","Shalimar Town","03034850129","https://www.google.com/maps?q=31.5572220,74.3912690"
"2328","JALAL KITE HOUSE","Kite Flying - Seller","263 Kotha Pind Bazar, Block B Faisal Town, Lahore, Pakistan, Model Town","Model Town","03074665392","https://www.google.com/maps?q=31.4789620,74.3060360"
"2329","Shoplahore.pk","Kite Flying - Trader","G8R4+JJ4, Rasool Park, Lahore, 54000, Pakistan, Lahore City","Lahore City","03104511190","https://www.google.com/maps?q=31.5415740,74.3059330"
"2330","Apna Store","Kite Flying - Seller","H939+W5P, Airport Rd, next to Honda point, Gulistan Colony Cantt, Lahore, Pakistan, Lahore Cantt","Lahore Cantt","03200401031","https://www.google.com/maps?q=31.5546820,74.3677660"
"2331","RAZEEN MANUFACTURING","Kite Flying - Manufacturer","F86G+CP2, Pindi Rajputan Kot Lakhpat, Lahore, Pakistan, Model Town","Model Town","03204327825","https://www.google.com/maps?q=31.4608800,74.3268470"
"2332","ali stationary shop","Kite Flying - Seller","H7R2+32V, Al Rehman Garden Phase 2, Lahore, Pakistan, Ravi Town","Ravi Town","03074668933","https://www.google.com/maps?q=31.5901830,74.2503590"
"2333","Kashif kite house","Kite Flying - Seller","H8MF+3PQ, Akbari Mandi Walled City of Lahore, Lahore, 54000, Pakistan, Lahore City","Lahore City","03214517482","https://www.google.com/maps?q=31.5825070,74.3240650"
"2334","pak kite","Kite Flying - Manufacturer","HCC6+82V, Fateh Garh Fatehgarh, Lahore, Pakistan, Shalimar Town","Shalimar Town","03251500555","https://www.google.com/maps?q=31.5708170,74.4099820"
"2335","Comfort","Kite Flying - Trader","F9QR+C97, Maryam Rd, Nishat Colony Lahore, Pakistan, Lahore Cantt","Lahore Cantt","03224869211","https://www.google.com/maps?q=31.4885030,74.3909290"
"2336","Mian gernal store","Kite Flying - Seller","Street No 20 Rasheed Pura Rd, Lahore, 54000, Pakistan, Shalimar Town","Shalimar Town","03008880948","https://www.google.com/maps?q=31.5791950,74.3947930"
"2337","Usman Bubba Kites","Kite Flying - Seller","HCX2+HMV, Shadipura, Lahore, Pakistan, Shalimar Town","Shalimar Town","03220434124","https://www.google.com/maps?q=31.5990030,74.4015260"
"2338","Birds Sale Purchase","Kite Flying - Manufacturer","G8R8+73M, Ichhra Lahore, 54000, Pakistan, Model Town","Model Town","03233134398","https://www.google.com/maps?q=31.5405980,74.3151350"
"2339","Chohan Kites","Kite Flying - Seller","G8J6+67W, Ichhra Lahore, 54000, Pakistan, Model Town","Model Town","03214207691","https://www.google.com/maps?q=31.5310350,74.3108500"
"2340","Patang Bazaar","Kite Flying - Seller","Plot 147, Township Block 1 Sector A 2 Lahore, Pakistan, Model Town","Model Town","03073300747","https://www.google.com/maps?q=31.4518670,74.3135900"
"2341","SAQLAIN","Kite Flying - Manufacturer","HCF3+6V9, Dispensary Rd, Fateh Garh Hameedpura, Lahore, Pakistan, Shalimar Town","Shalimar Town","03134660533","https://www.google.com/maps?q=31.5730070,74.4047150"
"2342","Umair Marble & Granite","Kite Flying - Seller","C6FW+RV2, Block D Punjab University Employees Housing Scheme Phase-II, Lahore, Pakistan, Model Town","Model Town","03344014496","https://www.google.com/maps?q=31.4247410,74.2469580"
"2343","Qasim Kite Seller","Kite Flying - Seller","J756+WHG, Elam Din Block Shahdara Town, Lahore, Pakistan, Ravi Town","Ravi Town","03314096327","https://www.google.com/maps?q=31.6094930,74.2614540"
"2344","Hannan Trader","Kite Flying - Manufacturer","Nonaraian, G7RQ+FQR, New Shalimar Rd, Samanabad Town, Lahore, 54000, Pakistan, Lahore City","Lahore City","03207102576","https://www.google.com/maps?q=31.5412010,74.2893730"
"2345","Chohan Kites","Kite Flying - Manufacturer","G8J6+G5H, Ichhra Lahore, 54000, Pakistan, Model Town","Model Town","03214207691","https://www.google.com/maps?q=31.5310370,74.3108430"
"2346","USTAD ZUBAIR","Kite Flying - Seller","HC97+Q78, Canal Society Rd, Fatehgarh, Lahore, Pakistan, Shalimar Town","Shalimar Town","03244135094","https://www.google.com/maps?q=31.5693180,74.4132660"
"2347","Kyte seller","Kite Flying - Seller","new jial road, Ismail Nagar Lahore, Pakistan, Model Town","Model Town","03703831752","https://www.google.com/maps?q=31.4500020,74.3502770"
"2348","Chohan Kites","Kite Flying - Trader","G8J6+G5H, Ichhra Lahore, 54000, Pakistan, Model Town","Model Town","03214207691","https://www.google.com/maps?q=31.5310400,74.3108450"
"2349","AhadBookDepot","Kite Flying - Seller","H # 56, St # 6 Jahangir St Bhogiwal Rd, Baghbanpura, Lahore, 54000, Pakistan, Shalimar Town","Shalimar Town","03257847035","https://www.google.com/maps?q=31.5855520,74.3690440"
"2350","Innovative Kites","Kite Flying - Seller","H9FF+6FP, Daras Rd, Shalimar Larechs Colony, Lahore, 54000, Pakistan, Shalimar Town","Shalimar Town","03226408200","https://www.google.com/maps?q=31.5728000,74.3736670"
"2351","Fahad kite manufacturer","Kite Flying - Manufacturer","33a Nisbat Rd, Anarkali Bazaar Lahore, 54000, Pakistan, Shalimar Town","Shalimar Town","03211682780","https://www.google.com/maps?q=31.5699660,74.3203430"
"2352","M&R","Kite Flying - Seller","H7VW+JFC, Service Rd, Karim Park Lahore, Pakistan, Ravi Town","Ravi Town","03074725388","https://www.google.com/maps?q=31.5940490,74.2962570"
"2353","Talha Trader","Kite Flying - Manufacturer","J756+HFW, Elam Din Block Shahdara Town, Lahore, Pakistan, Ravi Town","Ravi Town","03084891094","https://www.google.com/maps?q=31.6093280,74.2613890"
"2354","Kite hub","Kite Flying - Seller","C-2, 10 Block, Main University of Management & Technology Rd, near Ghosia Chowk, Block C2 Block C 2 Phase 1 Johar Town, Lahore, 54770, Pakistan, Model Town","Model Town","03016102741","https://www.google.com/maps?q=31.4517230,74.2976250"
"2355","Shabbir & Sons Stationery And Paper Products","Kite Flying - Seller","H8F6+V44, Kabeer St, Anarkali Bazaar Lahore, 54000, Pakistan, Lahore City","Lahore City","03022531448","https://www.google.com/maps?q=31.5746310,74.3103430"
"2356","Muhammad azam","Kite Flying - Manufacturer","Street no 84 house no 2 kala burj Baghbanpura, Lahore, 54000, Pakistan, Shalimar Town","Shalimar Town","03089739551","https://www.google.com/maps?q=31.5807440,74.3718640"
"2357","Sk mobile","Kite Flying - Seller","kharak main Bazar near Madina chouk, G757+QVC, Kharak Awan Town, Lahore, Pakistan, Lahore City","Lahore City","03044691150","https://www.google.com/maps?q=31.5095740,74.2647220"
"2358","AhadBookDepot","Kite Flying - Manufacturer","H # 56, St # 6 Jahangir St Bhogiwal Rd, Baghbanpura, Lahore, 54000, Pakistan, Shalimar Town","Shalimar Town","03257847035","https://www.google.com/maps?q=31.5855160,74.3690510"
"2359","MJR KITES","Kite Flying - Seller","H97M+P47, Soekarno Bazar, Gunj Mughalpura, Lahore, Pakistan, Shalimar Town","Shalimar Town","03126754596","https://www.google.com/maps?q=31.5643380,74.3828000"
"2360","Baba kite flying","Kite Flying - Seller","Plot 171, E Block Block E Gulshan-e-Ravi, Lahore, 54000, Pakistan, Lahore City","Lahore City","03094439780","https://www.google.com/maps?q=31.5523250,74.2749690"
"2361","Kite Flying Seller","Kite Flying - Seller","G9R5+3WJ, Wazir Ali Rd, Saiden Shah Colony Saidan Shah, Lahore, Pakistan, Lahore Cantt","Lahore Cantt","03237252172","https://www.google.com/maps?q=31.5402670,74.3596100"
"2362","YOUSAF GARMENTS","Kite Flying - Seller","C936+JCF, Satellite Town, Lahore, Pakistan, Nishter Town","Nishter Town","03024700175","https://www.google.com/maps?q=31.4040760,74.3608940"
"2363","NK SPORTS","Kite Flying - Seller","HFVG+R9R, Fahad Town Lahore, Pakistan, Wahgah Town","Wahgah Town","03214120125","https://www.google.com/maps?q=31.5946030,74.4759110"
"2364","Irfan","Kite Flying - Seller","Baghbanpura Lahore, Pakistan, Lahore Cantt","Lahore Cantt","03335900003","https://www.google.com/maps?q=31.5225830,74.3599230"
"2365","Zaki kite's Manufacture","Kite Flying - Manufacturer","F6QQ+W27, Thokar Niaz Baig, Lahore, Pakistan, Allama Iqbal","Allama Iqbal","03224696214","https://www.google.com/maps?q=31.4901780,74.2373270"
"2366","THE OASIS GOLF & AQUA RESORT (PRIVATE) LIMITED","Kite Flying - Trader","G88J+Q42, Old F.C.C. Gulberg III, Lahore, 54000, Pakistan, Model Town","Model Town","03218202110, 03218255956, 03218218647, 03218222880","https://www.google.com/maps?q=31.5171200,74.3303030"
"2367","Baby & Baba Garments","Kite Flying - Seller","FGH7+XJQ, Barki Rd, Barki Lahore, Pakistan, Lahore Saddar","Lahore Saddar","03012340807","https://www.google.com/maps?q=31.4800960,74.5141540"
"2368","Nafees Kites","Kite Flying - Manufacturer","St#08 Qazi Park Rd, Qazi Park Shahdara Town, Lahore, Pakistan, Ravi Town","Ravi Town","03049656104","https://www.google.com/maps?q=31.6259280,74.2928340"
"2369","AB Kites","Kite Flying - Manufacturer","H74Q+QHF, Joyshah Rd, Sanda Dilkusha Park, Lahore, 54000, Pakistan, Lahore City","Lahore City","03227564750","https://www.google.com/maps?q=31.5568660,74.2887340"
"2370","Nafees Kites","Kite Flying - Seller","St#08 Qazi Park Rd, Qazi Park Shahdara Town, Lahore, Pakistan, Ravi Town","Ravi Town","03049656104","https://www.google.com/maps?q=31.6259280,74.2928340"
"2371","Wasi Zahid","Kite Flying - Trader","Plot 551, Township Block 2 Sector D1 Lahore, Pakistan, Model Town","Model Town","03708306601","https://www.google.com/maps?q=31.4450230,74.3099630"
"2372","Babar Kite Saller","Kite Flying - Seller","J8G3+9R6, Shahdara Town, Shahdara, Pakistan, Ravi Town","Ravi Town","03304074152","https://www.google.com/maps?q=31.6256960,74.3047650"
"2373","AB Kites","Kite Flying - Seller","H74Q+QHF, Joyshah Rd, Sanda Dilkusha Park, Lahore, 54000, Pakistan, Lahore City","Lahore City","03227564750","https://www.google.com/maps?q=31.5568650,74.2887320"
"2374","Irfan","Kite Flying - Manufacturer","233 Grand Trunk Rd, Baghbanpura, Lahore, 54000, Pakistan, Shalimar Town","Shalimar Town","03335900003","https://www.google.com/maps?q=31.5833660,74.3739970"
"2375","M.J manufactures","Kite Flying - Manufacturer","G7RC+2WM, Babu Sabu Lahore, 54000, Pakistan, Lahore City","Lahore City","03228010298","https://www.google.com/maps?q=31.5398990,74.2716630"
"2376","Riaz Traders and Manufactures","Kite Flying - Seller","F6VW+86J, Cheema St, Thokar Niaz Baig, Lahore, Pakistan, Allama Iqbal","Allama Iqbal","03249405041","https://www.google.com/maps?q=31.4934310,74.2454500"
"2377","Kite seller (Faraz Ashraf)","Kite Flying - Seller","HCP3+GPG, Astana Naqshbandi Bazar, Khan Colony, Lahore, 54920, Pakistan, Shalimar Town","Shalimar Town","03314225788","https://www.google.com/maps?q=31.5865550,74.4042490"
"2378","Delite Traders","Kite Flying - Seller","C7GG+829, 9th Ave SE, Sattoo Katla, Lahore, Pakistan, Model Town","Model Town","03124047607","https://www.google.com/maps?q=31.4255810,74.2752320"
"2379","Siddique Kites","Kite Flying - Seller","H8PW+5MQ, Chah Miran, Lahore, Pakistan, Ravi Town","Ravi Town","03201430599","https://www.google.com/maps?q=31.5852310,74.3465140"
"2380","Riaz Traders and Manufactures","Kite Flying - Manufacturer","F6VW+G7W, Thokar Niaz Baig, Lahore, Pakistan, Allama Iqbal","Allama Iqbal","03249405041","https://www.google.com/maps?q=31.4938610,74.2457720"
"2381","Kite Seller (Ali Hassan)","Kite Flying - Seller","HCP3+5PQ, Zaitoon Colony, Lahore, 54000, Pakistan, Shalimar Town","Shalimar Town","03095213774","https://www.google.com/maps?q=31.5854760,74.4043410"
"2382","Jaani Maani kite house","Kite Flying - Seller","430 Wahdat Colony Link Rd, Pak Block Allama Iqbal Town, Lahore, 54000, Pakistan, Model Town","Model Town","03188092302","https://www.google.com/maps?q=31.5178450,74.2997270"
"2383","Bright solution","Kite Flying - Trader","F8P2+WGQ, Usmani Rd, near Jinnah Hospital, Quaid-i-Azam Campus, Lahore, 54800, Pakistan, Model Town","Model Town","03074130242","https://www.google.com/maps?q=31.4872540,74.3015990"
"2384","USMAN KITE HOUSE","Kite Flying - Seller","G7M9+6P3, Kot Kamboh Lahore, 54000, Pakistan, Lahore City","Lahore City","03084860391","https://www.google.com/maps?q=31.5330830,74.2692500"
"2385","SADIQ TRADERS","Kite Flying - Manufacturer","H9QP+FQH, Sultan Mehmood Rd, Shalamar Town, Lahore, 54000, Pakistan, Shalimar Town","Shalimar Town","03219705185","https://www.google.com/maps?q=31.5887540,74.3869670"
"2386","Bilal Kites Point","Kite Flying - Seller","13/32 Dev Samaj Road, Sant Nagar St Nagar, Lahore, 54000, Pakistan, Lahore City","Lahore City","03131457615","https://www.google.com/maps?q=31.5689840,74.2982500"
"2387","Kite Hub","Kite Flying - Seller","F7W6+999, opp. Cinema wali Street, Kakazai, Lahore, Pakistan, Allama Iqbal","Allama Iqbal","03216148248","https://www.google.com/maps?q=31.4961700,74.2609080"
"2388","Delite Traders","Kite Flying - Manufacturer","C7GG+829, 9th Ave SE, Sattoo Katla, Lahore, Pakistan, Model Town","Model Town","03124047607","https://www.google.com/maps?q=31.4255810,74.2752320"
"2389","Muhammad Umer Irfan","Kite Flying - Manufacturer","H8FC+4JW, Gawalmandi Food St, Gawalmandi, Lahore, 54000, Pakistan, Shalimar Town","Shalimar Town","03334592122","https://www.google.com/maps?q=31.5728620,74.3215390"
"2390","Ten Sports","Kite Flying - Seller","J7FP+HQV, Main Bazar Kot Shahab Din Rd, Shahdara Town, Lahore, Pakistan, Ravi Town","Ravi Town","03034330908","https://www.google.com/maps?q=31.6240070,74.2868240"
"2391","SADIQ TRADERS","Kite Flying - Seller","H9QP+FQH, Sultan Mehmood Rd, Shalamar Town, Lahore, 54000, Pakistan, Shalimar Town","Shalimar Town","03219705185","https://www.google.com/maps?q=31.5887540,74.3869670"
"2392","Rizwan Kites","Kite Flying - Seller","J7RR+X69, Barkat Town Ferozewala, Pakistan, Ravi Town","Ravi Town","03204843081","https://www.google.com/maps?q=31.6421930,74.2904300"
"2393","Kite","Kite Flying - Seller","Muhgalpura daras barai main mughalpura, Model Town","Model Town","03209439338","https://www.google.com/maps?q=31.5077520,74.3036430"
"2394","AL-RAHEEM","Kite Flying - Seller","16-2 Nabha Rd, Anarkali Bazaar Lahore, 54000, Pakistan, Lahore City","Lahore City","03214316000","https://www.google.com/maps?q=31.5650360,74.3104400"
"2395","Nadeem Haar","Kite Flying - Seller","H847+RJV, Mozang Main Bazar, Mozang Chungi, Lahore, 54000, Pakistan, Lahore City","Lahore City","03004335480","https://www.google.com/maps?q=31.5570070,74.3140480"
"2396","A.kites","Kite Flying - Manufacturer","J8P2+H67, Shahdara Town, Shahdara, Pakistan, Ravi Town","Ravi Town","03060002999","https://www.google.com/maps?q=31.6364170,74.3006460"
"2397","Buble Kite Maker","Kite Flying - Manufacturer","546, Central Park Housing Scheme, Lahore, Pakistan, Nishter Town","Nishter Town","03049650270","https://www.google.com/maps?q=31.3200000,74.3800000"
"2398","Fathy kite","Kite Flying - Manufacturer","152, A Block Block A Gulshan-e-Ravi, Lahore, 54000, Pakistan, Lahore City","Lahore City","03238898303","https://www.google.com/maps?q=31.5495520,74.2860940"
"2399","Khokhar kite seller","Kite Flying - Seller","F983+7JQ, Qainchi Amer Sidhu Rd, Amar Sidhu Nishtar Town, Lahore, Pakistan, Model Town","Model Town","03214042704","https://www.google.com/maps?q=31.4656840,74.3541240"
"2400","Hamza Kites","Kite Flying - Manufacturer","Home E-59/21, Street 5, Al-Noor-Town Walton Road, 5 Khayaban-e-Iqbal, Al Noor Town, Lahore, Pakistan, Model Town","Model Town","03084143478","https://www.google.com/maps?q=31.4725570,74.3643700"
"2401","Gohar Kite House","Kite Flying - Seller","H8GC+HMR, Mochi Gate Walled City of Lahore, Lahore, 54000, Pakistan, Lahore City","Lahore City","03214820385","https://www.google.com/maps?q=31.5765070,74.3216950"
"2402","Umar Kites shop","Kite Flying - Seller","F87J+88M, Pindi Rajputan Kot Lakhpat, Lahore, Pakistan, Model Town","Model Town","03154804927","https://www.google.com/maps?q=31.4631340,74.3305780"
"2403","Shaukat Kite House","Kite Flying - Seller","C9C5+RVG, Salman Block Nishter Colony, Lahore, Pakistan, Nishter Town","Nishter Town","03074928158","https://www.google.com/maps?q=31.4221200,74.3596750"
"2404","Crazy Food s","Kite Flying - Seller","91 Wapda Ave, Block G2 Block G 2 Wapda Town Phase 1 Lahore, Pakistan, Model Town","Model Town","03219461796","https://www.google.com/maps?q=31.4305810,74.2635220"
"2405","Hamza Kites","Kite Flying - Seller","F9F7+4VG, Model Colony, Lahore, Pakistan, Model Town","Model Town","03084143478","https://www.google.com/maps?q=31.4725450,74.3643920"
"2406","Toy titans","Kite Flying - Seller","HCP9+RQ5, Sharif Garden Lahore, Pakistan, Shalimar Town","Shalimar Town","03281056747","https://www.google.com/maps?q=31.5870970,74.4194830"
"2407","Jimmy Mobile","Kite Flying - Trader","F7V6+G47, Mansoora Bazar Cresent Town, Lahore, Pakistan, Allama Iqbal","Allama Iqbal","03454144305","https://www.google.com/maps?q=31.4937300,74.2603780"
"2408","SEO Konnect Kite","Kite Flying - Seller","Shimla Pahari-2, Usmania Colony Garhi Shahu, Lahore, 54000, Pakistan, Lahore City","Lahore City","03044192828","https://www.google.com/maps?q=31.5626770,74.3361610"
"2409","Deer Kite Flying","Kite Flying - Seller","G9WH+PFG, Delhi Rd, Saddar Town, Lahore, Pakistan, Lahore Cantt","Lahore Cantt","03214397676","https://www.google.com/maps?q=31.5469370,74.3786260"
"2410","Buy Kites","Kite Flying - Seller","238 Abu Bakar Rd, Township Block 2 Sector B 2 Lahore, Pakistan, Model Town","Model Town","03040704588","https://www.google.com/maps?q=31.4561530,74.3096240"
"2411","Ghous traders","Kite Flying - Seller","J8P4+7GP, Dhair Shahdara Town, Lahore, Pakistan, Ravi Town","Ravi Town","03271887988","https://www.google.com/maps?q=31.6356480,74.3065220"
"2412","Faheem kite seller","Kite Flying - Seller","HC9C+GV Lahore, Pakistan, Shalimar Town","Shalimar Town","03234100219","https://www.google.com/maps?q=31.5687920,74.4221280"
"2413","Jimmy Mobile","Kite Flying - Seller","F7V2+2PC, Mansoorha Main Bazaar Rd, Ittefaq Town, Lahore, Pakistan, Allama Iqbal","Allama Iqbal","03454144305","https://www.google.com/maps?q=31.4926470,74.2516260"
"2414","Shah G kite","Kite Flying - Seller","H962+J6J, Tariq Rd, Garhi Shahu, Lahore, 54000, Pakistan, Shalimar Town","Shalimar Town","03092018824","https://www.google.com/maps?q=31.5617190,74.3507790"
"2415","Usman General Store","Kite Flying - Seller","H936+WCR, Mustafabad, Lahore, Pakistan, Lahore Cantt","Lahore Cantt","03223266258","https://www.google.com/maps?q=31.5544080,74.3613930"
"2416","Hafiz Brother","Kite Flying - Seller","H79R+7VC, Abdali Rd, Sant Nagar Krishan Nagar, Lahore, 54000, Pakistan, Lahore City","Lahore City","03097555563","https://www.google.com/maps?q=31.5681260,74.2921420"
"2417","Anwar Traders","Kite Flying - Manufacturer","2/22 Sanda Rd, Krishan Nagar Rajgarh, Lahore, 54000, Pakistan, Lahore City","Lahore City","03249405041","https://www.google.com/maps?q=31.5616620,74.2973440"
"2418","EM Traders","Kite Flying - Seller","Plot 59, Township Block 2 Sector D1 Lahore, Pakistan, Model Town","Model Town","03008447415","https://www.google.com/maps?q=31.4443060,74.3084860"
"2419","Shoaib Kite & Dor Seller","Kite Flying - Seller","Lahore Bus Terminal, Shaheenabad Lahore, Pakistan, Lahore City","Lahore City","03264434213","https://www.google.com/maps?q=31.5425210,74.2640280"
"2420","Mian kites","Kite Flying - Seller","12, Ali View Garden Phase III, Lahore, 54000, Pakistan, Lahore Cantt","Lahore Cantt","03054015552","https://www.google.com/maps?q=31.4929110,74.4047830"
"2421","Basant back official kite seller","Kite Flying - Seller","Plot 184, Township Block 3 Sector B 1 Lahore, 54600, Pakistan, Model Town","Model Town","03041444356","https://www.google.com/maps?q=31.4615710,74.3145140"
"2422","Usman Kite House","Kite Flying - Seller","I/1254 Kucha Chabak Sawaran Rang Mahal Lahore, Lahore City","Lahore City","03145516565","https://www.google.com/maps?q=31.5761960,74.3161080"
"2423","Shah G kites seller","Kite Flying - Seller","18 Mozang Rd, Mozang Chungi, Lahore, 54000, Pakistan, Lahore City","Lahore City","03344113515","https://www.google.com/maps?q=31.5625750,74.3123960"
"2424","kite seller","Kite Flying - Seller","363-A3, Block G 1 Phase 1 Johar Town, Lahore, Pakistan, Allama Iqbal","Allama Iqbal","03709751536","https://www.google.com/maps?q=31.4804570,74.2808460"
"2425","Khalifa kite maker","Kite Flying - Seller","H8J5+P84, Noor Mohalla St, Noor Mohalla Kucha Faqirkhana Walled City of Lahore, Lahore, 54000, Pakistan, Lahore City","Lahore City","03244512101","https://www.google.com/maps?q=31.5818320,74.3083040"
"2426","Kashif Kite","Kite Flying - Seller","43 B Main Bazar Sanda, Sanda Islampura, Lahore, 54000, Pakistan, Lahore City","Lahore City","03200201765","https://www.google.com/maps?q=31.5591610,74.2801270"
"2427","Khalad Trader","Kite Flying - Manufacturer","37 civic center barket market New garden town Lahore, Model Town","Model Town","03004557134","https://www.google.com/maps?q=31.5012340,74.3198860"
"2428","BM Kite","Kite Flying - Seller","1 Munir Rd, Cantt, Lahore, 54810, Pakistan, Lahore Cantt","Lahore Cantt","03204676948","https://www.google.com/maps?q=31.5181360,74.3917320"
"2429","Shahzada Kites","Kite Flying - Manufacturer","G995+87F, Block A1 Block A 1 Gulberg III, Zafarwal, Pakistan, Lahore Cantt","Lahore Cantt","03337371794","https://www.google.com/maps?q=31.5182870,74.3585610"
"2430","MMT Mobiles","Kite Flying - Seller","H9Q5+98F, Kot Khawaja Saeed, Lahore, Pakistan, Shalimar Town","Shalimar Town","03087779820","https://www.google.com/maps?q=31.5884000,74.3582300"
"2431","Amjad kite house","Kite Flying - Seller","J7GP+667, Shahdara Town, Shahdara, Pakistan, Ravi Town","Ravi Town","03026438935","https://www.google.com/maps?q=31.6253890,74.2856040"
"2432","ASIF KIRYANA STORE","Kite Flying - Manufacturer","J8P6+92R, Shahdara Town, Shahdara, Pakistan, Ravi Town","Ravi Town","03074661399","https://www.google.com/maps?q=31.6361930,74.3100320"
"2433","Mughal Kite","Kite Flying - Seller","Saddique Chowk Colony, J83H+FWH, Siddiqia Colony Badami Bagh, Lahore, Pakistan, Ravi Town","Ravi Town","03484999879","https://www.google.com/maps?q=31.6037550,74.3298140"
"2434","SHERAZ STAMP VENDOR","Kite Flying - Seller","FCXJ+QPQ, Block C DHA Phase 8, Lahore, Pakistan, Lahore Cantt","Lahore Cantt","03214610288","https://www.google.com/maps?q=31.4993880,74.4318410"
"2435","Bassant House","Kite Flying - Seller","H8GC+VJ6, Mochi Gate Walled City of Lahore, Lahore, 54000, Pakistan, Lahore City","Lahore City","03097410206","https://www.google.com/maps?q=31.5770360,74.3215270"
"2436","Zain Manufacturer","Kite Flying - Manufacturer","8-E, Mansoorah society, Multan Rd, Waris Colony Karamat Colony, Lahore, Pakistan, Allama Iqbal","Allama Iqbal","03246784134","https://www.google.com/maps?q=31.4935800,74.2668080"
"2437","Awais kite seller","Kite Flying - Seller","H8HC+7V9, Mohalla Porbian Kucha Chagtah Walled City of Lahore, Lahore, 54000, Pakistan, Lahore City","Lahore City","03131459037","https://www.google.com/maps?q=31.5782010,74.3223320"
"2438","Muneeb Kite & Dor Seller","Kite Flying - Seller","G7PP+X6F, Sodiwal Sodhiwal, Lahore, 54000, Pakistan, Lahore City","Lahore City","03344243244","https://www.google.com/maps?q=31.5373380,74.2855590"
"2439","TZ Kites","Kite Flying - Manufacturer","H88R+5QM, Muhammad Nagar Garhi Shahu, Lahore, Pakistan, Shalimar Town","Shalimar Town","03244563500","https://www.google.com/maps?q=31.5655170,74.3419030"
"2440","FarooQ Trader's","Kite Flying - Seller","H8R4+4FP, Ravi Rd, Data Gunj Buksh Town, Lahore, Pakistan, Lahore City","Lahore City","03208465438","https://www.google.com/maps?q=31.5903540,74.3062050"
"2441","Sohail Kite Club","Kite Flying - Manufacturer","H9GV+X6W, Baghbanpura, Lahore, Pakistan, Shalimar Town","Shalimar Town","03224017054","https://www.google.com/maps?q=31.5774610,74.3929830"
"2442","Patang Saaz","Kite Flying - Seller","yasir block, near waseem park, Nishter Colony, Lahore, Pakistan, Nishter Town","Nishter Town","03244463993","https://www.google.com/maps?q=31.4215390,74.3695830"
"2443","ejaz kite shop","Kite Flying - Seller","99X6+HH4, Gajju Matah Bus Stop overpass, Gajju Matah, Lahore, Pakistan, Nishter Town","Nishter Town","03080005551","https://www.google.com/maps?q=31.3989050,74.3614770"
"2444","ZA Kites","Kite Flying - Seller","Plot 286, Sector D2 Sector D 2 Block 5 Green Town, Lahore, Pakistan, Model Town","Model Town","03174214546","https://www.google.com/maps?q=31.4304950,74.3103370"
"2445","Rikshaw driver","Kite Flying - Manufacturer","J76W+XC7, Umer St, Saeed Park Shahdara Town, Lahore, Pakistan, Ravi Town","Ravi Town","03180463389","https://www.google.com/maps?q=31.6125650,74.2969380"
"2446","M DIN KITE HOUSE","Kite Flying - Manufacturer","JC37+6QF, Mominpura Rd, Mominpur, Lahore, Pakistan, Shalimar Town","Shalimar Town","03257244901","https://www.google.com/maps?q=31.6030710,74.4143560"
"2447","ALVIN KITES","Kite Flying - Manufacturer","H # 44, St # 02, Mohalla Ahata Barkat Ali Chamberlane road Lahore, Shalimar Town","Shalimar Town","03214751538","https://www.google.com/maps?q=31.5754530,74.3214030"
"2448","Hamza store","Kite Flying - Seller","H8HC+8X2, Mohalla Porbian Mochi Gate Walled City of Lahore, Lahore, 54000, Pakistan, Lahore City","Lahore City","03224747042","https://www.google.com/maps?q=31.5783500,74.3223280"
"2449","Muhammadi kite house","Kite Flying - Seller","F9G6+7Q4, Main Bazaar AL Noor Town Rd, Al-Noor Town Al Noor Town, Lahore, Pakistan, Model Town","Model Town","03194618477","https://www.google.com/maps?q=31.4755890,74.3619250"
"2450","FAIZAN INTERPTISES","Kite Flying - Manufacturer","H7QX+HJC, Karim Park Lahore, Pakistan, Lahore City","Lahore City","03041660086","https://www.google.com/maps?q=31.5890040,74.2989480"
"2451","Madina steel","Kite Flying - Manufacturer","H73R+M4H, Khawaja Fareed Rd, Block B Gulshan-e-Ravi, Lahore, 54000, Pakistan, Lahore City","Lahore City","03044323923","https://www.google.com/maps?q=31.5540320,74.2892920"
"2452","AH TRADERS","Kite Flying - Seller","1 Bedian Rd, Heir, Pakistan, Lahore Saddar","Lahore Saddar","03154224627, 03016809982","https://www.google.com/maps?q=31.4130210,74.4872490"
"2453","LULUSTA JEWELLES","Kite Flying - Seller","Main Bazar Jia Musa Shahdra, Shahdara Town, Lahore, Pakistan, Ravi Town","Ravi Town","03136002338","https://www.google.com/maps?q=31.6178550,74.2831450"
"2454","Shabbir kite manufacturer","Kite Flying - Manufacturer","12 Ravi Rd, Qasurpura, Lahore, Pakistan, Ravi Town","Ravi Town","03064414173","https://www.google.com/maps?q=31.5980050,74.2973730"
"2455","Shafqat Kite store","Kite Flying - Seller","C8VX+87H, Defence Rd, Mustafa Colony, Lahore, Pakistan, Model Town","Model Town","03024247710","https://www.google.com/maps?q=31.4435820,74.3482470"
"2456","Usama mobile","Kite Flying - Seller","Glamour One Plaza Shop 48-A, Al-Madina Road, Sector B-1 Block 1 Sector B 1 Lahore, 54770, Pakistan, Model Town","Model Town","03084148954","https://www.google.com/maps?q=31.4652250,74.3118890"
"2457","Ali Kites","Kite Flying - Seller","H85V+8JM, Habibullah Rd, Garhi Shahu, Lahore, Pakistan, Shalimar Town","Shalimar Town","03224113234, 03249884061","https://www.google.com/maps?q=31.5583860,74.3441180"
"2458","Syed Kite Traders","Kite Flying - Seller","Street no 49 A house no 52 ittehad colony tajpura Road gaziabad ameen Street, Shalimar Town","Shalimar Town","03248430329","https://www.google.com/maps?q=31.5614000,74.3979000"
"2459","Shafqat Kite store","Kite Flying - Manufacturer","C8VX+87H, Defence Rd, Mustafa Colony, Lahore, Pakistan, Model Town","Model Town","03024247710","https://www.google.com/maps?q=31.4433290,74.3480920"
"2460","Muddasar kite flying","Kite Flying - Seller","H9PW+897, Khan Colony, Lahore, 54000, Pakistan, Shalimar Town","Shalimar Town","03207373137","https://www.google.com/maps?q=31.5857480,74.3963190"
"2461","Babloo Kites","Kite Flying - Manufacturer","31 Afzal Rd, Sanda Lahore, 54000, Pakistan, Lahore City","Lahore City","03258268554","https://www.google.com/maps?q=31.5592720,74.2824480"
"2462","Shah kite house","Kite Flying - Seller","Shope 3 mini market b Block wahdat colony lahore, Lahore Cantt","Lahore Cantt","03008267576","https://www.google.com/maps?q=31.5240240,74.3612670"
"2463","khuram kite makers","Kite Flying - Trader","H8RH+F2J, Farooq Gunj Bazar Rd, Farooq Gunj Mohalla Habib Gunj, Lahore, Pakistan, Ravi Town","Ravi Town","03214832218","https://www.google.com/maps?q=31.5912830,74.3275610"
"2464","Paradise Engineering","Kite Flying - Seller","952F+75F, Bahria Town, Lahore, Pakistan, Raiwind","Raiwind","03008572533","https://www.google.com/maps?q=31.3504440,74.1734380"
"2465","Ittefaq kite house","Kite Flying - Manufacturer","G9J6+5GJ, Sherpao Bridge, Iqbal Colony, Lahore, Pakistan, Lahore Cantt","Lahore Cantt","03104121201","https://www.google.com/maps?q=31.5304640,74.3612520"
"2466","AA kite seller","Kite Flying - Seller","F965+6F9, Gul Colony, Lahore, Pakistan, Model Town","Model Town","03254095952","https://www.google.com/maps?q=31.4606990,74.3588520"
"2467","Amjad candle","Kite Flying - Seller","Mochi gate, Lahore Cantt","Lahore Cantt","03230482631","https://www.google.com/maps?q=31.5205270,74.3586470"
"2468","ALI HAIDER KITE MAKER","Kite Flying - Manufacturer","Joyshah Rd, H74P+RXR, Sanda Kalan, Sanda, Dilkusha Park Sanda, Lahore, 54000, Pakistan, Lahore City","Lahore City","03027472430","https://www.google.com/maps?q=31.5570950,74.2875230"
"2469","Muntaha kites","Kite Flying - Trader","H8J5+FP9, Hakiman Bazar, Kucha Faqirkhana Cho Mohalla Walled City of Lahore, Lahore, 54000, Pakistan, Lahore City","Lahore City","03219457173","https://www.google.com/maps?q=31.5810200,74.3093910"
"2470","Kite Traders","Kite Flying - Trader","House No 34 Street No 1 Akram Park Amir Road Shadbagh Lahore, Lahore City","Lahore City","03224568983","https://www.google.com/maps?q=31.5769480,74.3214250"
"2471","Madina steel","Kite Flying - Seller","H73R+QR4, Block B Gulshan-e-Ravi, Lahore, 54000, Pakistan, Lahore City","Lahore City","03044323923","https://www.google.com/maps?q=31.5545210,74.2920340"
"2472","Al Madina Karyana store","Kite Flying - Seller","C955+G5P, Anum Rd, Asif Town, Lahore, Pakistan, Nishter Town","Nishter Town","03256247825","https://www.google.com/maps?q=31.4087550,74.3577940"
"2473","Faiq kites seller","Kite Flying - Seller","H9JW+65W, Rasheed Pura Rd, Khan Colony, Lahore, 54000, Pakistan, Shalimar Town","Shalimar Town","03227771542","https://www.google.com/maps?q=31.5806460,74.3954260"
"2474","Ramish Kite House","Kite Flying - Seller","H8GC+VJ6, Mochi Gate Walled City of Lahore, Lahore, 54000, Pakistan, Lahore City","Lahore City","03034477636","https://www.google.com/maps?q=31.5771310,74.3216130"
"2475","kite seller","Kite Flying - Seller","FC6Q+2RF, Bedian Rd, Rehman Pura Lidher, Pakistan, Lahore Saddar","Lahore Saddar","03214772619","https://www.google.com/maps?q=31.4600580,74.4395580"
"2476","Haji kites shop Ravi road","Kite Flying - Seller","H8X2+4XC, Ravi Rd, Timber Market Lahore, Pakistan, Lahore City","Lahore City","03124195985","https://www.google.com/maps?q=31.5977620,74.3024770"
"2477","Hafiz kite's","Kite Flying - Seller","HCC4+G9G, Fateh Garh Main Bazar Rd, Fateh Garh Fatehgarh, Lahore, Pakistan, Shalimar Town","Shalimar Town","03234811049","https://www.google.com/maps?q=31.5713070,74.4059080"
"2478","Kite Seller","Kite Flying - Seller","Plot 664 R, Model Town Extension Block R Model Town, Lahore, Pakistan, Model Town","Model Town","03225737600","https://www.google.com/maps?q=31.4723730,74.3320860"
"2479","patang mahal","Kite Flying - Manufacturer","Plot 24, Block A2 Block A 1 Phase 1 Johar Town, Lahore, 54770, Pakistan, Model Town","Model Town","03001010631","https://www.google.com/maps?q=31.4627810,74.3012830"
"2480","Dee Tech","Kite Flying - Seller","Plot 25, Block R Marghzar Housing Scheme, Lahore, Pakistan, Allama Iqbal","Allama Iqbal","03218454613","https://www.google.com/maps?q=31.4985390,74.2478340"
"2481","Hassan kites","Kite Flying - Seller","55, Block C1 Block C Phase 1 Johar Town, Lahore, 54000, Pakistan, Model Town","Model Town","03118474774","https://www.google.com/maps?q=31.4523000,74.2930980"
"2482","Bilal Kite Maker","Kite Flying - Manufacturer","G7VJ+88P، بابو صابو - نوناریاں روڈ، Shera Kot, Lahore, 54000, Pakistan, Lahore City","Lahore City","03084417839","https://www.google.com/maps?q=31.5431140,74.2807630"
"2483","Niaz kite maker","Kite Flying - Manufacturer","HCH2+276, 20 Street Number 20, Hameed Pura Mehar Fiaz Colony Bb, Lahore, 54000, Pakistan, Shalimar Town","Shalimar Town","03228085499","https://www.google.com/maps?q=31.5765650,74.4012280"
"2484","Kite seller","Kite Flying - Seller","H9GP+MCP, Ganda Naala Rd, Sahowari Ramgarh, Lahore, 54000, Pakistan, Shalimar Town","Shalimar Town","03237237982","https://www.google.com/maps?q=31.5767890,74.3861790"
"2485","RAFAQAT STORE","Kite Flying - Seller","127a Fasih Rd, New Islamia Park Islamia Park, Lahore, 52000, Pakistan, Lahore City","Lahore City","03074100087","https://www.google.com/maps?q=31.5449600,74.3035840"
"2486","Attari kite house","Kite Flying - Seller","46 Gurumangat Rd, Block N Gulberg III, Lahore, Pakistan, Model Town","Model Town","03029859568","https://www.google.com/maps?q=31.5208640,74.3577260"
"2487","Prince Kite Maker","Kite Flying - Manufacturer","HCJ5+MRH, Street No. 4, Shalimar Housing Scheme Lahore, Pakistan, Shalimar Town","Shalimar Town","03204857980","https://www.google.com/maps?q=31.5816680,74.4097390"
"2488","HASEEB KITE MAKER","Kite Flying - Manufacturer","G7QM+7QH، Rahim Street، Sodiwal Sodhiwal, Lahore, 54000, Pakistan, Lahore City","Lahore City","03224014309","https://www.google.com/maps?q=31.5384330,74.2844600"
"2489","Niyaz Kite Shop","Kite Flying - Manufacturer","F7Q4+G75, Hanjarwal, Lahore, Pakistan, Allama Iqbal","Allama Iqbal","03234733164","https://www.google.com/maps?q=31.4882620,74.2553230"
"2490","Muneeb traders","Kite Flying - Trader","G7PP+X6F, Sodiwal Sodhiwal, Lahore, 54000, Pakistan, Lahore City","Lahore City","03344243244","https://www.google.com/maps?q=31.5373380,74.2855590"
"2491","HASEEB KITE SELLER","Kite Flying - Seller","G7QM+7QH، Rahim Street، Sodiwal Sodhiwal, Lahore, 54000, Pakistan, Lahore City","Lahore City","03224014309","https://www.google.com/maps?q=31.5382600,74.2843680"
"2492","RASHID TRADERS","Kite Flying - Manufacturer","999F+724, Kahna Nau, Kahna, Pakistan, Nishter Town","Nishter Town","03237038699","https://www.google.com/maps?q=31.3680200,74.3726780"
"2493","Crown stitcher","Kite Flying - Trader","Al-Haaj Villa, Sher Shah Rd, Shad Bagh, Lahore, Pakistan, Ravi Town","Ravi Town","03244996224","https://www.google.com/maps?q=31.5975600,74.3462520"
"2494","Zeeshan general store","Kite Flying - Seller","G8G7+298, Maqbool Rd, Ichhra Combo Colony, Lahore, 54000, Pakistan, Model Town","Model Town","03060667255","https://www.google.com/maps?q=31.5250430,74.3134520"
"2495","Awan Coke and Smoke","Kite Flying - Seller","HFWV+G2J, Service Road, Attoke Awan, Lahore, Pakistan, Wahgah Town","Wahgah Town","03218508338","https://www.google.com/maps?q=31.5963720,74.4925140"
"2496","Kite manufacturing","Kite Flying - Manufacturer","HCG5+V6C, AA Block Main Rd, Mehar Fiaz Colony AA Shalimar Housing Scheme, Lahore, Pakistan, Shalimar Town","Shalimar Town","03284110220","https://www.google.com/maps?q=31.5771170,74.4080350"
"2497","Wahaj General Store","Kite Flying - Seller","68, Green Cap Housing Scheme, Lahore, 54000, Pakistan, Nishter Town","Nishter Town","03234830986","https://www.google.com/maps?q=31.3980600,74.3500500"
"2498","Nadeem Kite","Kite Flying - Seller","J77W+48Q, Saeed Park Shahdara Town, Lahore, Pakistan, Ravi Town","Ravi Town","03330404193","https://www.google.com/maps?q=31.6128670,74.2955280"
"2499","Saith Fabrics","Kite Flying - Seller","FCP8+C47, Bedian Rd, Kohār Phase 2 Cantt View Housing Scheme, Lahore, Pakistan, Lahore Cantt","Lahore Cantt","03239000906","https://www.google.com/maps?q=31.4860390,74.4153120"
"2500","Shahab kites house","Kite Flying - Seller","246, Block A1 Gulberg III, Lahore, 54660, Pakistan, Lahore Cantt","Lahore Cantt","03214114017","https://www.google.com/maps?q=31.5140760,74.3579410"
"2501","Dua Kite 🪁","Kite Flying - Seller","Insaf road Rustam park Lahore Pakistan, Lahore Cantt","Lahore Cantt","03464002527","https://www.google.com/maps?q=31.5199470,74.3595790"
"2502","Chaaye Khana Bahira Town","Kite Flying Association","Plot 101, Tulip Extension Tulip Block Sector C Bahria Town, Lahore, Pakistan, Allama Iqbal","Allama Iqbal","03427935933","https://www.google.com/maps?q=31.3719590,74.1941940"
"2503","Saqib Kites","Kite Flying - Seller","H75X+XRF, Mirza Zafar St, Prem Nagar Rajgarh, Lahore, 54000, Pakistan, Lahore City","Lahore City","03224253785","https://www.google.com/maps?q=31.5595980,74.2995820"
"2504","Skymiles Company","Kite Flying - Trader","H9P9+QGF, Bogiwall Rd, Baghbanpura, Lahore, 54000, Pakistan, Shalimar Town","Shalimar Town","03344244409","https://www.google.com/maps?q=31.5868670,74.3685800"
"2505","Khalid masih","Kite Flying - Manufacturer","Ahlu Rd, Gajju Matah, essa nagar Pakistan, Nishter Town","Nishter Town","03244822763","https://www.google.com/maps?q=31.3789600,74.3682150"
"2506","SB Kite Centre","Kite Flying - Manufacturer","129 Fasih Rd, New Islamia Park Samanabad Town, Lahore, 54000, Pakistan, Lahore City","Lahore City","03454177850","https://www.google.com/maps?q=31.5438590,74.3039700"
"2507","Qasim kite shop","Kite Flying - Seller","10 Urdu Bazar, Anarkali Bazaar Ramtalai, Lahore, 54000, Pakistan, Lahore City","Lahore City","03104816280","https://www.google.com/maps?q=31.5759530,74.3089340"
"2508","German Kite House","Kite Flying - Manufacturer","C8M5+3X3, Sector D2 Sector D 2 Block 5 Green Town, Lahore, 54770, Pakistan, Model Town","Model Town","03284832204","https://www.google.com/maps?q=31.4326670,74.3099040"
"2509","Papa Kites Shop","Kite Flying - Seller","H7CV+85X, St Nagar, Lahore, 54000, Pakistan, Lahore City","Lahore City","03237621825","https://www.google.com/maps?q=31.5707880,74.2930120"
"2510","Gulam Haider Maker","Kite Flying - Manufacturer","H9Q3+PRJ, Kot Khawaja Saeed, Lahore, Pakistan, Shalimar Town","Shalimar Town","03007255246","https://www.google.com/maps?q=31.5894370,74.3546880"
"2511","Rahmani kite","Kite Flying - Seller","F924+H2X, Main Bazar, Muft pura Gul Colony, Lahore, Pakistan, Model Town","Model Town","03236143728","https://www.google.com/maps?q=31.4514860,74.3551080"
"2512","Irfan Kite Official","Kite Flying - Manufacturer","H9RC+7C9, Gujjarpura, Lahore, 54000, Pakistan, Shalimar Town","Shalimar Town","03014364400","https://www.google.com/maps?q=31.5906540,74.3710740"
"2513","Rahib kite house","Kite Flying - Seller","F83X+RCV, Ayub Rd, Ismail Nagar, Lahore, Pakistan, Model Town","Model Town","03241010516","https://www.google.com/maps?q=31.4546330,74.3484730"
"2514","Zohan patang official","Kite Flying - Seller","G766+M97, Awan Town, Lahore, Pakistan, Lahore City","Lahore City","03074365881","https://www.google.com/maps?q=31.5116660,74.2611990"
"2515","AL MAZA TRADERS","Kite Flying - Seller","G8F8+G43, Ichhra Lahore, 54000, Pakistan, Model Town","Model Town","03094470744","https://www.google.com/maps?q=31.5237480,74.3152990"
"2516","Waqar kite shop","Kite Flying - Seller","F84X+82X, Jahangir Park Ismail Nagar, Lahore, Pakistan, Model Town","Model Town","03238091212","https://www.google.com/maps?q=31.4560280,74.3479380"
"2517","Bhatti pan shop","Kite Flying - Seller","FC3R+3WW, Babu Mehar Town Lahore, Pakistan, Lahore Saddar","Lahore Saddar","03224632700","https://www.google.com/maps?q=31.4525710,74.4423410"
"2518","Asim Kite House","Kite Flying - Manufacturer","G7MC+7VG, Kot Kamboh Lahore, 54000, Pakistan, Lahore City","Lahore City","03126136350","https://www.google.com/maps?q=31.5332000,74.2722000"
"2519","Rana khalid kite trader","Kite Flying - Trader","H8HC+FX5, Lal Khoo Bazar, Sher Galiyan Mochi Gate Walled City of Lahore, Lahore, 54000, Pakistan, Lahore City","Lahore City","03124042808","https://www.google.com/maps?q=31.5786340,74.3225880"
"2520","Zaheer Kite Maker","Kite Flying - Manufacturer","H8JC+R42, Mohalla Kakezian Walled City of Lahore, Lahore, 54000, Pakistan, Lahore City","Lahore City","03215922653","https://www.google.com/maps?q=31.5818300,74.3198570"
"2521","BA Kite House","Kite Flying - Trader","Muscle Factory 2nd floor rana store, near pakistani chock, Ichhra Lahore, 54000, Pakistan, Model Town","Model Town","03164000949","https://www.google.com/maps?q=31.5338220,74.3155720"
"2522","Mullah Pan Shop","Kite Flying - Seller","785, Fazlia Colony Lahore, 54000, Pakistan, Model Town","Model Town","03184400142","https://www.google.com/maps?q=31.5255250,74.3270840"
"2523","Ali bhai General Store","Kite Flying - Seller","84 C block, Block C Judicial Colony, Lahore, Pakistan, Lahore City","Lahore City","03228104085","https://www.google.com/maps?q=31.4661270,74.2442400"
"2524","Nadeem Tariq Enterprises","Kite Flying - Manufacturer","157-s Maqbool Rd, Combo Colony, Lahore, 54600, Pakistan, Model Town","Model Town","03234199648","https://www.google.com/maps?q=31.5296890,74.3119200"
"2525","FM SELLERS","Kite Flying - Seller","FCHP+QG8, Arain Rd, Sector X DHA Phase 8, Lahore, Pakistan, Lahore Saddar","Lahore Saddar","03114107307","https://www.google.com/maps?q=31.4794240,74.4359930"
"2526","Rafay Decoration","Kite Flying - Seller","Inside Mochi Gate، Walled City of Lahore, Lahore, 54000, Pakistan, Lahore City","Lahore City","03214985770","https://www.google.com/maps?q=31.5777730,74.3220350"
"2527","Latif Traders","Kite Flying - Manufacturer","JC2F+2M Lahore, Pakistan, Wahgah Town","Wahgah Town","03008134479","https://www.google.com/maps?q=31.6000630,74.4242110"
"2528","AA Kites","Kite Flying - Manufacturer","F983+7J2, Qainchi Amer Sidhu Rd, Amar Sidhu Nishtar Town, Lahore, Pakistan, Model Town","Model Town","03248440251","https://www.google.com/maps?q=31.4656840,74.3541240"
"2529","SABRI SAFE KITE HOUSE","Kite Flying - Seller","H9X3+879, Nadeem Rd, Bhagatpura, Lahore, Pakistan, Ravi Town","Ravi Town","03004694250","https://www.google.com/maps?q=31.5982070,74.3536430"
"2530","Jutt Trader","Kite Flying - Trader","H9WP+547, Shalamar Town, Lahore, Pakistan, Shalimar Town","Shalimar Town","03070024000","https://www.google.com/maps?q=31.5954250,74.3852520"
"2531","Faizan kite seller","Kite Flying - Seller","H93W+P86 Jamia Masjid Karmanwali, Ghaziabad, Lahore, Pakistan, Shalimar Town","Shalimar Town","03314275778","https://www.google.com/maps?q=31.5542930,74.3957660"
"2532","Nomi Kite Maker","Kite Flying - Manufacturer","H7CP+72J, St Nagar, Lahore, 54000, Pakistan, Lahore City","Lahore City","03234130762","https://www.google.com/maps?q=31.5703110,74.2851440"
"2533","Faisal Kite Center","Kite Flying - Manufacturer","G8C6+57R, Combo Colony, Lahore, 54000, Pakistan, Model Town","Model Town","03350424911","https://www.google.com/maps?q=31.5203640,74.3106710"
"2534","SD Kite Shop","Kite Flying - Seller","H8QV+5RR, Chah Miran Rd, Chah Miran, Lahore, Pakistan, Ravi Town","Ravi Town","03014733752","https://www.google.com/maps?q=31.5880130,74.3445070"
"2535","Star Kite Makers","Kite Flying - Manufacturer","H9X5+R8P, China Scheme, Lahore, Pakistan, Shalimar Town","Shalimar Town","03244027104","https://www.google.com/maps?q=31.5998340,74.3586580"
"2536","Faisal Kite Center","Kite Flying - Seller","G8C6+57R, Combo Colony, Lahore, 54000, Pakistan, Model Town","Model Town","03350424911","https://www.google.com/maps?q=31.5202270,74.3106440"
"2537","sundar kite","Kite Flying - Trader","F82V+GVP, Kacha Jail Rd, Quaid e Millat Colony, Lahore, Pakistan, Model Town","Model Town","03008850980","https://www.google.com/maps?q=31.4512830,74.3446850"
"2538","Akif Kite Center","Kite Flying - Manufacturer","G9XM+M4R, Sarfaraz Rafiqui Rd, Saddar Town, Lahore, Pakistan, Lahore Cantt","Lahore Cantt","03394060635","https://www.google.com/maps?q=31.5491870,74.3828820"
"2539","MM crockery","Kite Flying - Seller","302, Sabzazar Block N Sabzazar Housing Scheme Phase 1 & 2 Lahore, Pakistan, Lahore City","Lahore City","03274538851","https://www.google.com/maps?q=31.5135680,74.2570950"
"2540","Akif Kite Center","Kite Flying - Seller","G9XM+M4R, Sarfaraz Rafiqui Rd, Saddar Town, Lahore, Pakistan, Lahore Cantt","Lahore Cantt","03394060635","https://www.google.com/maps?q=31.5491870,74.3828800"
"2541","sundar kite","Kite Flying - Seller","F82V+GVP, Kacha Jail Rd, Quaid e Millat Colony, Lahore, Pakistan, Model Town","Model Town","03008850980","https://www.google.com/maps?q=31.4512830,74.3446850"
"2542","Kite Zone","Kite Flying - Manufacturer","H8PM+HX6, Aziz Road, Misri Shah, Lahore, Pakistan, Ravi Town","Ravi Town","03098484904","https://www.google.com/maps?q=31.5864960,74.3347820"
"2543","Lal Kite Flying","Kite Flying - Seller","99XC+JJ6, Ali Murtaza Rd, Block B1 Awaisia Housing Scheme, Lahore, Pakistan, Nishter Town","Nishter Town","03086816410","https://www.google.com/maps?q=31.3990330,74.3715290"
"2544","Kite","Kite Flying - Seller","H8R3+HX8, Kacha Ravi Rd, Karim Park Lahore, Pakistan, Lahore City","Lahore City","03041488209","https://www.google.com/maps?q=31.5918320,74.3045560"
"2545","Niaz Kite Seller","Kite Flying - Seller","H7PV+PFJ, Ameen Park Amin Park, Lahore, Pakistan, Lahore City","Lahore City","03274028729","https://www.google.com/maps?q=31.5868410,74.2937940"
"2546","Ali Ahmad Kite House","Kite Flying - Seller","H9X2+Q57, Bhagatpura, Lahore, Pakistan, Ravi Town","Ravi Town","03134869693","https://www.google.com/maps?q=31.5995000,74.3503500"
"2547","H S traders","Kite Flying - Seller","HFHQ+Q64, Jallo Wana, Lahore, 54000, Pakistan, Wahgah Town","Wahgah Town","03227756276","https://www.google.com/maps?q=31.5799250,74.4885300"
"2548","Anees kites and flying","Kite Flying - Seller","H7GV+JRG, Ibrahim Rd, Data Gunj Buksh Town, Lahore, 54000, Pakistan, Lahore City","Lahore City","03124162596","https://www.google.com/maps?q=31.5766690,74.2945560"
"2549","Kite Zone","Kite Flying - Seller","H8QM+M74, Aziz Park Misri Shah, Lahore, Pakistan, Ravi Town","Ravi Town","03098484904","https://www.google.com/maps?q=31.5896720,74.3330800"
"2550","Fahad kite shop","Kite Flying - Seller","F9W5+642, Makkah Colony, Lahore, Pakistan, Lahore Cantt","Lahore Cantt","03497380197","https://www.google.com/maps?q=31.4954690,74.3577780"
"2551","Babu Kite Centre","Kite Flying - Seller","H96V+Q5P, Ghaziabad, Lahore, Pakistan, Shalimar Town","Shalimar Town","03228465562","https://www.google.com/maps?q=31.5619030,74.3929910"
"2552","Jutt Traders","Kite Flying - Seller","no 9 Asif Colony Rd, Mehmood Booti, Lahore, Pakistan, Shalimar Town","Shalimar Town","03070024000","https://www.google.com/maps?q=31.5971390,74.3862470"
"2553","Sunny Kite Maker","Kite Flying - Manufacturer","Near Khurram General Store, Sajan Chowk, Mariam Nishat Colony Lahore, Pakistan, Lahore Cantt","Lahore Cantt","03160141415","https://www.google.com/maps?q=31.4907540,74.3920720"
"2554","Sheikh kites","Kite Flying - Seller","16 Millat Rd, Sanda Khurd, Lahore, 54000, Pakistan, Lahore City","Lahore City","03114632333","https://www.google.com/maps?q=31.5664100,74.2855460"
"2555","Maqbool Kite House","Kite Flying - Seller","FC3R+9J8, Babu Mehar Town Lahore, Pakistan, Lahore Saddar","Lahore Saddar","03214845847","https://www.google.com/maps?q=31.4535700,74.4414400"
"2556","PAK SANZAR CARGO","Kite Flying - Trader","Lahore Junction, Swami Nagar, Lahore, Pakistan, Ravi Town","Ravi Town","03337934965","https://www.google.com/maps?q=31.5774090,74.3355780"
"2557","Waheed Trader","Kite Flying - Seller","C5JF+7P7, Punjgrain Rd, Chung, Lahore, Pakistan, Allama Iqbal","Allama Iqbal","03214226505","https://www.google.com/maps?q=31.4305890,74.1744350"
"2558","Bilal makers","Kite Flying - Manufacturer","J75H+HQ, Shahdara Town, Lahore, Pakistan, Ravi Town","Ravi Town","03036091702","https://www.google.com/maps?q=31.6092260,74.2798480"
"2559","Awais Brother's","Kite Flying - Seller","CHX2+778, Hudiara, Pakistan, Lahore Saddar","Lahore Saddar","03004622327","https://www.google.com/maps?q=31.4488960,74.5499280"
"2560","Al Rehman Kite Sales","Kite Flying - Seller","G9C5+5F5,e, Pakistan, Block N Gulberg III, Lahore, Pakistan, Lahore Cantt","Lahore Cantt","03218785531","https://www.google.com/maps?q=31.5204000,74.3587000"
"2561","Chuhan Kite House","Kite Flying - Seller","99C8+FGC, Lahore – Kasur Rd, Kahna Nau, Kahna, Pakistan, Nishter Town","Nishter Town","03214326230","https://www.google.com/maps?q=31.3711450,74.3659760"
"2562","Naveed urf Nomi Chori Maker","Kite Flying - Manufacturer","Old building, Anarkali Bazaar Lahore, 54000, Pakistan, Lahore City","Lahore City","03214751270","https://www.google.com/maps?q=31.5698740,74.3161970"
"2563","Khan Brothers","Kite Flying - Trader","G79G+C95, Saeed Pur Block A Sabzazar Housing Scheme Phase 1 & 2 Lahore, Pakistan, Lahore City","Lahore City","03205920015","https://www.google.com/maps?q=31.5185900,74.2761500"
"2564","Golden Dry Fruite","Kite Flying - Seller","C9RJ+8FX, Atta Bakhsh Rd, Kamahan Village, Lahore, Pakistan, Nishter Town","Nishter Town","03217342786","https://www.google.com/maps?q=31.4408560,74.3812490"
"2565","Shafqat Kite store","Kite Flying - Trader","C8VX+87H, Defence Rd, Mustafa Colony, Lahore, Pakistan, Model Town","Model Town","03024247710","https://www.google.com/maps?q=31.4433330,74.3481360"
"2566","Chuhan Kite House","Kite Flying - Manufacturer","98MX+QPM, Lahore, Pakistan, Nishter Town","Nishter Town","03214326230","https://www.google.com/maps?q=31.3839520,74.3501640"
"2567","Door Maker","Kite Flying - Manufacturer","J76V+9RP, Saeed Park Shahdara Town, Shahdara, Pakistan, Ravi Town","Ravi Town","03054798284","https://www.google.com/maps?q=31.6102520,74.2943940"
"2568","Master Kite","Kite Flying - Manufacturer","H8HC+9PP, Mughal Haveli Mohalla Kucha Chagtah Walled City of Lahore, Lahore, 54000, Pakistan, Lahore City","Lahore City","03001116770","https://www.google.com/maps?q=31.5787170,74.3218420"
"2569","Kite seller","Kite Flying - Seller","40, Umer Market, McLoed Road،, near Australia Mosque،, Garhi Shahu, Lahore, 54000, Pakistan, Shalimar Town","Shalimar Town","03004527614","https://www.google.com/maps?q=31.5762240,74.3329230"
"2570","BABA KITES","Kite Flying - Seller","HCM7+WGM, Rajba Rd, Sharif Garden, Lahore, Pakistan, Shalimar Town","Shalimar Town","03209405488","https://www.google.com/maps?q=31.5848570,74.4138170"
"2571","Salhri Kite House","Kite Flying - Manufacturer","G8F6+7W5, Shah Kamal Rd, Combo Colony, Lahore, 54000, Pakistan, Model Town","Model Town","03046789054","https://www.google.com/maps?q=31.5228010,74.3123350"
"2572","FH","Kite Flying - Manufacturer","Street no. 15 Usman-e-Ghani Rd, Kahna Nau, Lahore, Pakistan, Nishter Town","Nishter Town","03224061347","https://www.google.com/maps?q=31.3814960,74.3582420"
"2573","Butt Kites","Kite Flying - Trader","H8Q4+645, Data Gunj Buksh Town, Lahore, Pakistan, Lahore City","Lahore City","03023029090","https://www.google.com/maps?q=31.5879060,74.3053710"
"2574","Ammar Kite Flying","Kite Flying - Trader","Bazaar Laal khoh، inside Mochi Gate، Kucha Chagtah Walled City of Lahore, Lahore, 54000, Pakistan, Lahore City","Lahore City","03078826698","https://www.google.com/maps?q=31.5777730,74.3220350"
"2575","Faisal iqbal decoration","Kite Flying - Seller","Gunpat Rd, New Anarkali, Civil Lines, Lahore, Punjab, H8G6+9WR, Anarkali Bazaar Lahore, 54000, Pakistan, Lahore City","Lahore City","03011911131","https://www.google.com/maps?q=31.5759820,74.3122350"
"2576","Shahbaz kite Making","Kite Flying - Manufacturer","H9GR+C3Q, Kotli Abdur Rahman Nabi Pura, Lahore, Pakistan, Shalimar Town","Shalimar Town","03044477562","https://www.google.com/maps?q=31.5760860,74.3902300"
"2577","irfan kite","Kite Flying - Seller","F83X+RCV, Ayub Rd, Ismail Nagar, Lahore, Pakistan, Model Town","Model Town","03214163049","https://www.google.com/maps?q=31.4546330,74.3484730"
"2578","Naveed patang farosh","Kite Flying - Seller","F7M5+M7G, E Block Mustafa Town, Lahore, Pakistan, Allama Iqbal","Allama Iqbal","03019736818","https://www.google.com/maps?q=31.4841460,74.2581060"
"2579","Hassan Kit","Kite Flying - Seller","43, Block N Gulberg III, Lahore, 54660, Pakistan, Lahore Cantt","Lahore Cantt","03244048487, 03224998695","https://www.google.com/maps?q=31.5205460,74.3589140"
"2580","Kite Maker (Abdul Majheed)","Kite Flying - Manufacturer","233 Grand Trunk Rd, Baghbanpura, Lahore, 54000, Pakistan, Shalimar Town","Shalimar Town","03054520102","https://www.google.com/maps?q=31.5827030,74.3742010"
"2581","Zohaib","Kite Flying - Manufacturer","G7RR+G4M, New Shalimar Rd, Samanabad Town, Lahore, 54000, Pakistan, Lahore City","Lahore City","03255028151","https://www.google.com/maps?q=31.5413830,74.2903000"
"2582","Khokhar kites","Kite Flying - Seller","1 rehmat Chowk, WAPDA Town Block A 1 Valencia, Lahore, 54000, Pakistan, Model Town","Model Town","03018876674","https://www.google.com/maps?q=31.4191420,74.2649170"
"2583","USMAN GENERAL STORE","Kite Flying - Seller","H8JR+J8H, Road, Sultan Pura Sultanpura Misri Shah, Lahore, Pakistan, Ravi Town","Ravi Town","03044593919","https://www.google.com/maps?q=31.5815700,74.3408350"
"2584","Yasir Kite Seller","Kite Flying - Seller","J75H+MWX, Bara Dari Rd, Shahdara Town, Shahdara, Pakistan, Ravi Town","Ravi Town","03003334384","https://www.google.com/maps?q=31.6092260,74.2798480"
"2585","Khan Kite house","Kite Flying - Seller","Plot 6, Township Block 5, Sector B 1 Lahore, Pakistan, Model Town","Model Town","03026072579","https://www.google.com/maps?q=31.4565170,74.3106730"
"2586","Tahir Kite Maker","Kite Flying - Seller","H8J3+7WF, Shish Mahal Rd, Data Gunj Buksh Town, Lahore, Pakistan, Lahore City","Lahore City","03014122233","https://www.google.com/maps?q=31.5806610,74.3046160"
"2587","Ek kite club","Kite Flying - Seller","House No 3, Street No 131 Pir Ghazi Road, Ichhra Lahore, 54000, Pakistan, Model Town","Model Town","03091449162","https://www.google.com/maps?q=31.5309420,74.3131970"
"2588","Super kite seller","Kite Flying - Seller","17 Kacha Hall Rd, Garhi Shahu, Lahore, 54000, Pakistan, Lahore City","Lahore City","03344213152","https://www.google.com/maps?q=31.5636030,74.3188770"
"2589","Ar vista (private)limited","Kite Flying - Seller","GFQ4+VGC, 64 Orchard 1, Paragon City, Lahore, 54000, Pakistan, Lahore Cantt","Lahore Cantt","03226426046","https://www.google.com/maps?q=31.5398150,74.4562940"
"2590","Mian Sarfraz Kite House","Kite Flying - Seller","Plot C 15, Maraghzar Colony Block M Marghzar Housing Scheme, Lahore, Pakistan, Allama Iqbal","Allama Iqbal","03125030880","https://www.google.com/maps?q=31.5026680,74.2539900"
"2591","Mughal kites","Kite Flying - Manufacturer","59A Ahmad St, St Nagar, Lahore, 54000, Pakistan, Lahore City","Lahore City","03164428782","https://www.google.com/maps?q=31.5721850,74.2932240"
"2592","Mian kite Markaz","Kite Flying - Seller","1 Ravi Rd, Timber Market, Lahore, 54000, Pakistan, Ravi Town","Ravi Town","03204042529","https://www.google.com/maps?q=31.6020520,74.3012400"
"2593","Ahmad kite","Kite Flying - Seller","House no 8 Street no45 Bangali mohalla Ghaziabad Lahore cant, Lahore Cantt","Lahore Cantt","03140062115","https://www.google.com/maps?q=31.5144230,74.3696950"
"2594","Nadeem Tariq Enterprises","Kite Flying - Seller","157-s Maqbool Rd, Combo Colony, Lahore, 54600, Pakistan, Model Town","Model Town","03234199648","https://www.google.com/maps?q=31.5296890,74.3119190"
"2595","Ali Jeans Club","Kite Flying - Seller","51 Shalimar Link Road, Ramgarh Lahore, 54000, Pakistan, Shalimar Town","Shalimar Town","03214991231","https://www.google.com/maps?q=31.5697500,74.3812210"
"2596","Jutt Kite House","Kite Flying - Seller","2 Main Bazar Canal Park, Canal Park Gulberg, Lahore, 54660, Pakistan, Model Town","Model Town","03349952355","https://www.google.com/maps?q=31.5266100,74.3439800"
"2597","Moeen Kite Center","Kite Flying - Seller","C9Q5+85F, Salman Park, Lahore, Pakistan, Nishter Town","Nishter Town","03054434411","https://www.google.com/maps?q=31.4381830,74.3575700"
"2598","A-S kites house","Kite Flying - Seller","Shop 222 block 1 sector b2 towmship, Model Town","Model Town","03214316767","https://www.google.com/maps?q=31.4453880,74.3060560"
"2599","Moeen Kite Center","Kite Flying - Manufacturer","C9Q5+85F, Salman Park, Lahore, Pakistan, Nishter Town","Nishter Town","03054434411","https://www.google.com/maps?q=31.4381830,74.3574700"
"2600","M Ramzan","Kite Flying - Manufacturer","HCJ9+G6M, Salamatpura Lahore, Pakistan, Shalimar Town","Shalimar Town","03264246705","https://www.google.com/maps?q=31.5813870,74.4180390"
"2601","ST Kites","Kite Flying - Manufacturer","123 Rahim Khan Rd, Anarkali Bazaar Lahore, 54000, Pakistan, Lahore City","Lahore City","03066415006","https://www.google.com/maps?q=31.5715390,74.3119400"
"2602","Fine kite House","Kite Flying - Manufacturer","F8QW+4R Lahore, Pakistan, Model Town","Model Town","03260838491","https://www.google.com/maps?q=31.4877640,74.3470970"
"2603","ABDUL WAHEED KITE MAKER","Kite Flying - Manufacturer","Plot 24, Sabzazar Block B Sabzazar Housing Scheme Phase 1 & 2 Lahore, 54000, Pakistan, Lahore City","Lahore City","03214022516","https://www.google.com/maps?q=31.5266850,74.2811910"
"2604","Muhammad Junaid","Kite Flying - Manufacturer","G8F6+C53, Shah Kamal Rd, Combo Colony, Lahore, 54000, Pakistan, Model Town","Model Town","03238750050","https://www.google.com/maps?q=31.5235550,74.3103450"
"2605","Kite traders","Kite Flying - Manufacturer","H7PW+WRC, Main Amin Park Rd, Karim Park, Lahore, Pakistan, Lahore City","Lahore City","03046910646","https://www.google.com/maps?q=31.5872910,74.2969540"
"2606","Niaz Kite Seller","Kite Flying - Manufacturer","H7PV+PFJ, Ameen Park Amin Park, Lahore, Pakistan, Lahore City","Lahore City","03274028729","https://www.google.com/maps?q=31.5868410,74.2937940"
"2607","ALI AND MUSTAFA TRADER","Kite Flying - Seller","G8J9+G73, Ichhra Shah Din Scheme Lahore, 54000, Pakistan, Model Town","Model Town","03224786812, 03249457128","https://www.google.com/maps?q=31.5313210,74.3182040"
"2608","Syed Sada Hussain kites Point.","Kite Flying - Seller","G7RH+QG4, Shera Kot Lahore, 54000, Pakistan, Lahore City","Lahore City","03024638684","https://www.google.com/maps?q=31.5417800,74.2787000"
"2609","Adeel Enterprises","Kite Flying - Seller","1, house 16, Islampura, Lahore, 54000, Pakistan, Lahore City","Lahore City","03214611867","https://www.google.com/maps?q=31.5640790,74.2986090"
"2610","Pataang Mela","Kite Flying - Seller","H99J+CP2, Street 4, Ramgarh Gunj, Lahore, 54000, Pakistan, Shalimar Town","Shalimar Town","03334450559","https://www.google.com/maps?q=31.5684880,74.3816780"
"2611","Maqsood General Store","Kite Flying - Seller","H78P+228, Millat Rd, Sanda Islampura, Lahore, 54000, Pakistan, Lahore City","Lahore City","03334343125","https://www.google.com/maps?q=31.5651040,74.2849770"
"2612","The Kite Point","Kite Flying - Seller","G727+94F, Kakkezai Kakazai, Lahore, Pakistan, Lahore City","Lahore City","03225552052","https://www.google.com/maps?q=31.5010180,74.2623860"
"2613","Nova kite","Kite Flying - Seller","43 Gurumangat Rd, Block N Gulberg III, Lahore, 54660, Pakistan, Lahore Cantt","Lahore Cantt","03004853424","https://www.google.com/maps?q=31.5205950,74.3588000"
"2614","Brother kite sellers and manufacturers","Kite Flying - Manufacturer","C7RV+J4M, Mateen Avenue Lahore, 54770, Pakistan, Model Town","Model Town","03327083826, 03004163043, 03174564303","https://www.google.com/maps?q=31.4417440,74.2925420"
"2615","Asif kite","Kite Flying - Seller","C9FG+R9M, Allama Iqbal Rd, Mubarak Town, Lahore, Pakistan, Nishter Town","Nishter Town","03004874612","https://www.google.com/maps?q=31.4244990,74.3760770"
"2616","Ssb enterprise","Kite Flying - Manufacturer","J7CM+VGW, Shahdara Town, Lahore, Pakistan, Ravi Town","Ravi Town","03079248134","https://www.google.com/maps?q=31.6225670,74.2832700"
"2617","Azeem Mahmood Kite House","Kite Flying - Seller","Lahore Bus Terminal, Kot Kamboh Lahore, 54000, Pakistan, Lahore City","Lahore City","03030263304","https://www.google.com/maps?q=31.5369300,74.2703500"
"2618","H Sons Manufacturers","Kite Flying - Manufacturer","H949+GM3, Gulistan Colony Mustafabad, Lahore, Pakistan, Lahore Cantt","Lahore Cantt","03211148420","https://www.google.com/maps?q=31.5562090,74.3690230"
"2619","AA Kites","Kite Flying - Seller","F983+7JQ, Qainchi Amer Sidhu Rd, Amar Sidhu Nishtar Town, Lahore, Pakistan, Model Town","Model Town","03248440251","https://www.google.com/maps?q=31.4656840,74.3541240"
"2620","Umais enterprises","Kite Flying - Manufacturer","387 Lahore – Kasur Rd, Bhabra Block M Gulberg III, Lahore, Pakistan, Model Town","Model Town","03074063568","https://www.google.com/maps?q=31.4889590,74.3373760"
"2621","Parang Master","Kite Flying - Manufacturer","C8X9+JRW, Township Block 5 Sector A 2 Lahore, Pakistan, Model Town","Model Town","03224773458","https://www.google.com/maps?q=31.4491080,74.3196020"
"2622","ACHA KITE CENTER","Kite Flying - Manufacturer","H8PG+25F, Sheranwala Bazar, Nawan Mohalla Walled City of Lahore, Lahore, Pakistan, Lahore City","Lahore City","03207117395","https://www.google.com/maps?q=31.5849150,74.3255230"
"2623","M.Danish & Co.","Kite Flying - Trader","177, Shah Alam Mohalla Bela Nawab Sahib Walled City of Lahore, Lahore, 54000, Pakistan, Lahore City","Lahore City","03224006102","https://www.google.com/maps?q=31.5802880,74.3190990"
"2624","Patang Baz Sajna","Kite Flying - Seller","412 Green Colony Main Ferozpur Road Lahore Near General Hospital opposite Gourmet Bakery Ferozpur road, Lahore, Pakistan, Model Town","Model Town","03334033828","https://www.google.com/maps?q=31.4588730,74.3500290"
"2625","mehram kite","Kite Flying - Manufacturer","Plot 150, Township Block 5 Sector B 1 Lahore, Pakistan, Model Town","Model Town","03351831159","https://www.google.com/maps?q=31.4566190,74.3118480"
"2626","Shahzad Kite Flying Manufacturer","Kite Flying - Manufacturer","F7M4+VF5, Mustafa Town, Lahore, Pakistan, Allama Iqbal","Allama Iqbal","03164389086","https://www.google.com/maps?q=31.4840500,74.2560100"
"2627","Shoaib kite 2k26","Kite Flying - Seller","C7FW+67V, Bagrian Lahore, Pakistan, Model Town","Model Town","03217249558","https://www.google.com/maps?q=31.4232860,74.2957140"
"2628","Khurram Kite","Kite Flying - Manufacturer","G7W9+W42, Band Rd, Block I Gulshan-e-Ravi, Lahore, 54000, Pakistan, Lahore City","Lahore City","03097011002","https://www.google.com/maps?q=31.5472540,74.2677750"
"2629","USTAD KITE HOUSE","Kite Flying - Seller","F87H+JX9، سکول روڈ، Pindi Rajputan Kot Lakhpat, Lahore, Pakistan, Model Town","Model Town","03004280467","https://www.google.com/maps?q=31.4640870,74.3300860"
"2630","Kite manufacturing company lahore","Kite Flying - Manufacturer","H9Q3+VX2, Kot Khawaja Saeed, Lahore, Pakistan, Shalimar Town","Shalimar Town","03214370154","https://www.google.com/maps?q=31.5896170,74.3548950"
"2631","Gill Kite","Kite Flying - Manufacturer","FC2R+PH2, Babu Mehar Town Lahore, Pakistan, Lahore Saddar","Lahore Saddar","03184520030","https://www.google.com/maps?q=31.4514150,74.4411730"
"2632","Ghazi Threads","Kite Flying - Manufacturer","Plot # 17, Main Westwood Rd, Westwood Colony Lahore, Pakistan, Allama Iqbal","Allama Iqbal","03008428989","https://www.google.com/maps?q=31.4674780,74.2381070"
"2633","Butt kite Centre","Kite Flying - Seller","H8C9+H7Q, Nisbat Rd, Anarkali Bazaar Gawalmandi, Lahore, 54000, Pakistan, Lahore City","Lahore City","03027610340","https://www.google.com/maps?q=31.5715480,74.3183240"
"2634","AK kite seller","Kite Flying - Seller","G757+RF7, Kharak Awan Town, Lahore, Pakistan, Lahore City","Lahore City","03238402609","https://www.google.com/maps?q=31.5095650,74.2637000"
"2635","Bismillah Auto Store","Kite Flying - Seller","H8MJ+HFQ, Misri Shah Lahore, Pakistan, Ravi Town","Ravi Town","03004831980","https://www.google.com/maps?q=31.5839060,74.3314150"
"2636","Aniq Kite 2k26","Kite Flying - Trader","Plot 1, Block F 2 Engineers Town, Lahore, Pakistan, Nishter Town","Nishter Town","03337111148","https://www.google.com/maps?q=31.4115820,74.2968280"
"2637","Shahzad kite","Kite Flying - Manufacturer","H8P3+XGV Lahore, Pakistan, Lahore City","Lahore City","03225968424","https://www.google.com/maps?q=31.5874870,74.3037970"
"2638","As Garments","Kite Flying - Trader","F7W5+P8R, Al Bader St, Maraghzar Colony Kakazai, Lahore, Pakistan, Allama Iqbal","Allama Iqbal","03045741511","https://www.google.com/maps?q=31.4967600,74.2581720"
"2639","Altif Kite","Kite Flying - Manufacturer","H8C9+HFH, Gawalmandi, Lahore, 54000, Pakistan, Shalimar Town","Shalimar Town","03241480625","https://www.google.com/maps?q=31.5713950,74.3189240"
"2640","Kite Manufacturer","Kite Flying - Manufacturer","FGGX+V6 Barka Khurd, Pakistan, Lahore Saddar","Lahore Saddar","03161432815","https://www.google.com/maps?q=31.4771610,74.5480830"
"2641","Asfand Traders","Kite Flying - Seller","H9CV+GPF, Nabi Pura Lahore, Pakistan, Shalimar Town","Shalimar Town","03134788370","https://www.google.com/maps?q=31.5712550,74.3942740"
"2642","Tata kite","Kite Flying - Trader","G7VX+2GW, Samanabad Town, Lahore, 54000, Pakistan, Lahore City","Lahore City","03338433331","https://www.google.com/maps?q=31.5424480,74.2989060"
"2643","Akeel Abbas Kite Center","Kite Flying - Manufacturer","J759+G9X, Shahdara Town, Lahore, Pakistan, Ravi Town","Ravi Town","03269851395","https://www.google.com/maps?q=31.6085020,74.2681180"
"2644","ALTIF","Kite Flying - Seller","H8C9+HFH, Gawalmandi, Lahore, 54000, Pakistan, Shalimar Town","Shalimar Town","03241480625","https://www.google.com/maps?q=31.5714070,74.3189110"
"2645","Liaqat Ali","Kite Flying - Manufacturer","14 Barkat Town Rd, Barkat Town Shahdara Town, Lahore, Pakistan, Ravi Town","Ravi Town","03064418756","https://www.google.com/maps?q=31.6427450,74.2877080"
"2646","Hafiz Printers","Kite Flying - Seller","F9Q8+M3W, Madina Colony, Lahore, Pakistan, Lahore Cantt","Lahore Cantt","03424409817","https://www.google.com/maps?q=31.4892490,74.3649330"
"2647","Mahnoor B kites","Kite Flying - Seller","J825+8R5, Qila Lachman Singh, Lahore, Pakistan, Ravi Town","Ravi Town","03288007159","https://www.google.com/maps?q=31.6007930,74.3100010"
"2648","Hafiz Auto","Kite Flying - Manufacturer","H8FX+JXH, Garhi Shahu Bridge, Mughalpura, Lahore, Pakistan, Shalimar Town","Shalimar Town","03364421663","https://www.google.com/maps?q=31.5737720,74.3499410"
"2649","DIS School System","Kite Flying - Seller","99X6+HH4, Gajju Matah Bus Stop overpass, Gajju Matah, Lahore, Pakistan, Nishter Town","Nishter Town","03111484273","https://www.google.com/maps?q=31.3987710,74.3612480"
"2650","Hashir trader","Kite Flying - Trader","H9Q2+89X, Chah Miran, Lahore, 54900, Pakistan, Ravi Town","Ravi Town","03061400691","https://www.google.com/maps?q=31.5881760,74.3511420"
"2651","Shahbaz Kite Maker","Kite Flying - Manufacturer","HFV4+HF7, Phase 2 Al Ghani Garden, Lahore, Pakistan, Wahgah Town","Wahgah Town","03098856632","https://www.google.com/maps?q=31.5944060,74.4558630"
"2652","Amir mobile","Kite Flying - Seller","H95Q+JW9, Main Bazar No. 1, Kumhar Pura Ghaziabad, Lahore, Pakistan, Shalimar Town","Shalimar Town","03094717273","https://www.google.com/maps?q=31.5590470,74.3898710"
"2653","Tayyab Traders","Kite Flying - Seller","H8HC+2RW, Mochi Gate Bazar, Kucha Chagtah Walled City of Lahore, Lahore, 54000, Pakistan, Lahore City","Lahore City","03234304407","https://www.google.com/maps?q=31.5777730,74.3220350"
"2654","Hannan enterprises","Kite Flying - Manufacturer","H8WQ+Q64, Amir Rd, Shad Bagh, Lahore, Pakistan, Ravi Town","Ravi Town","03114103711","https://www.google.com/maps?q=31.5969710,74.3379620"
"2655","Haider kites","Kite Flying - Seller","G9C5+4FG, Block N Gulberg III, Lahore, Pakistan, Lahore Cantt","Lahore Cantt","03226582898","https://www.google.com/maps?q=31.5203250,74.3586200"
"2656","Bhatti kites","Kite Flying - Seller","F85H+RCF, Service Road, Pindi Rajputan Kot Lakhpat, Lahore, Pakistan, Model Town","Model Town","03174947265","https://www.google.com/maps?q=31.4594000,74.3287970"
"2657","falcon","Kite Flying - Manufacturer","G8G4+7QC, Combo Colony, Lahore, 54000, Pakistan, Model Town","Model Town","03225204676","https://www.google.com/maps?q=31.5256510,74.3068280"
"2658","Kite flying manufacturer","Kite Flying - Manufacturer","G7RW+JFX, St. 40, Nawankot Samanabad Town, Lahore, 54000, Pakistan, Lahore City","Lahore City","03214803138","https://www.google.com/maps?q=31.5418270,74.2962290"
"2659","Niyaz Kite Shop","Kite Flying - Seller","F7Q4+G75, Hanjarwal, Lahore, Pakistan, Allama Iqbal","Allama Iqbal","03234733164","https://www.google.com/maps?q=31.4881610,74.2553960"
"2660","Usman Bubba Kites","Kite Flying - Manufacturer","HCX2+HMV, Shadipura, Lahore, Pakistan, Shalimar Town","Shalimar Town","03220434124","https://www.google.com/maps?q=31.5990030,74.4015260"
"2661","Ahsaan Kite Maker","Kite Flying - Manufacturer","H74M+9JW, Sanda Block D 1 Gulshan-e-Ravi, Lahore, 54000, Pakistan, Lahore City","Lahore City","03022077333","https://www.google.com/maps?q=31.5559860,74.2840590"
"2662","Silling Palling","Kite Flying - Seller","J83H+H4W, Badami Bagh, Lahore, Pakistan, Ravi Town","Ravi Town","03238403025","https://www.google.com/maps?q=31.6039960,74.3278100"
"2663","Patang house","Kite Flying - Manufacturer","JC46+FFF, Lakhodher Lahore, Pakistan, Wahgah Town","Wahgah Town","03214657719","https://www.google.com/maps?q=31.6060950,74.4106960"
"2664","Ali Kite House","Kite Flying - Seller","F7W5+GRX, Cinema wali St, Maraghzar Colony Kakazai, Lahore, Pakistan, Allama Iqbal","Allama Iqbal","03084089975","https://www.google.com/maps?q=31.4963230,74.2597270"
"2665","Lacky Kit","Kite Flying - Manufacturer","H89J+323, Qila Gujjar Singh, Lahore, 54000, Pakistan, Shalimar Town","Shalimar Town","03274616151","https://www.google.com/maps?q=31.5678210,74.3303810"
"2666","Bakar Kite House","Kite Flying - Manufacturer","F6VR+6PW, Pico Rd, Thokar Niaz Baig, Lahore, Pakistan, Allama Iqbal","Allama Iqbal","03184047533","https://www.google.com/maps?q=31.4933580,74.2420460"
"2667","Boby Kites","Kite Flying - Seller","12b BOR Main Rd, near Allah Hoo Chowk Road, Board of Revenue Housing Society BOR Society, Lahore, 54000, Pakistan, Model Town","Model Town","03334414485","https://www.google.com/maps?q=31.4739140,74.2986750"
"2668","Mian Mobiles","Kite Flying - Seller","J84H+789, Khokhar Rd, Karam Nagar Badami Bagh, Lahore, Pakistan, Ravi Town","Ravi Town","03099649196","https://www.google.com/maps?q=31.6056200,74.3284650"
"2669","Mirza Kite Maker","Kite Flying - Manufacturer","Bazaar Laal khoh، inside Mochi Gate، Kucha Chagtah Walled City of Lahore, Lahore, 54000, Pakistan, Lahore City","Lahore City","03135121431","https://www.google.com/maps?q=31.5777730,74.3220350"
"2670","Kite flying seler","Kite Flying - Seller","G7RW+JFX, St. 40, Nawankot Samanabad Town, Lahore, 54000, Pakistan, Lahore City","Lahore City","03214803138","https://www.google.com/maps?q=31.5418260,74.2962200"
"2671","Ustad waseem","Kite Flying - Manufacturer","Main canal road near sozo water park jallo town, Jallo Rd, IBL Housing Scheme, Lahore, Pakistan, Wahgah Town","Wahgah Town","03247291622","https://www.google.com/maps?q=31.5835780,74.4877690"
"2672","MALIX MAGIC CARE","Kite Flying - Seller","F9H7+VJH, Farooq Colony, Lahore, Pakistan, Model Town","Model Town","03237300653","https://www.google.com/maps?q=31.4794210,74.3639120"
"2673","Zalik trader","Kite Flying - Trader","H8FJ+5W6, McLeod Rd, Garhi Shahu, Lahore, 54000, Pakistan, Shalimar Town","Shalimar Town","03004277573","https://www.google.com/maps?q=31.5729020,74.3322720"
"2674","Taha Traders","Kite Flying - Seller","F9X4+3VR, Makkah Colony Lahore, Pakistan, Lahore City","Lahore City","03094561835","https://www.google.com/maps?q=31.4977750,74.3571430"
"2675","AL MAZA TRADERS","Kite Flying - Manufacturer","G8F8+G43, Ichhra Lahore, 54000, Pakistan, Model Town","Model Town","03094470744","https://www.google.com/maps?q=31.5237040,74.3153090"
"2676","The kite world","Kite Flying - Seller","G8C5+V69, Wahdat Colony, Lahore, 54000, Pakistan, Model Town","Model Town","03234185576","https://www.google.com/maps?q=31.5221760,74.3083300"
"2677","HB KING KITES","Kite Flying - Seller","J7HQ+F2P, Daulot Khan Rd, Shahdara Town, Lahore, Pakistan, Ravi Town","Ravi Town","03004942430","https://www.google.com/maps?q=31.6286780,74.2878130"
"2678","Rajpoot Kites","Kite Flying - Seller","HC55+9JJ, Aziz Bhatti Town, Lahore, Pakistan, Shalimar Town","Shalimar Town","03134642608","https://www.google.com/maps?q=31.5584700,74.4094450"
"2679","KMC EVENTS","Kite Flying - Trader","24 Bahria Town Main Blvd, Nishtar Block Commercial Area Sector C Bahria Town, Lahore, Pakistan, Allama Iqbal","Allama Iqbal","03009367927","https://www.google.com/maps?q=31.3734660,74.1860770"
"2680","White Crow Kites","Kite Flying - Manufacturer","Plot 70, Gulshan-E-Lahore Block A Gulshan E Lahore, Lahore, Pakistan, Model Town","Model Town","03204179722","https://www.google.com/maps?q=31.4259360,74.2549680"
"2681","Butt Kite House","Kite Flying - Seller","C9C8+75X, Nishter Colony, Lahore, Pakistan, Nishter Town","Nishter Town","03214356936","https://www.google.com/maps?q=31.4207230,74.3656040"
"2682","Jw clothing","Kite Flying - Trader","55 Shalimar Link Road, Ramgarh Lahore, 54000, Pakistan, Shalimar Town","Shalimar Town","03161478211","https://www.google.com/maps?q=31.5703450,74.3810460"
"2683","DRESSCODE.PK","Kite Flying - Seller","514 UMER ALLAMA IQBAL, Karim Block Town, Lahore, 54570, Pakistan, Model Town","Model Town","03290290008","https://www.google.com/maps?q=31.5045270,74.2806890"
"2684","Dawood Kite House","Kite Flying - Seller","8J3PF9RV+99, Lahore Cantt","Lahore Cantt","03200400964","https://www.google.com/maps?q=31.4909530,74.3933870"
"2685","Tata kite","Kite Flying - Manufacturer","G7VX+2GW, Samanabad Town, Lahore, 54000, Pakistan, Lahore City","Lahore City","03338433331","https://www.google.com/maps?q=31.5424480,74.2989060"
"2686","Tata kite","Kite Flying - Seller","G7VX+2GW, Samanabad Town, Lahore, 54000, Pakistan, Lahore City","Lahore City","03338433331","https://www.google.com/maps?q=31.5424480,74.2989060"
"2687","Sardar kits","Kite Flying - Seller","Zubair block dought Town Lahore cantt, Lahore Cantt","Lahore Cantt","03054638305","https://www.google.com/maps?q=31.5195810,74.3588850"
"2688","Saqib kites seller","Kite Flying - Trader","FCHP+PMF, Arain Rd, Chacho Wali Sector X DHA Phase 8, Lahore, Pakistan, Lahore Saddar","Lahore Saddar","03004848111","https://www.google.com/maps?q=31.4792770,74.4366610"
"2689","Ik Kite Maker","Kite Flying - Manufacturer","H8PV+3H7, Mohalla Sadaat Chah Miran, Lahore, Pakistan, Ravi Town","Ravi Town","03364421663","https://www.google.com/maps?q=31.5847000,74.3442550"
"2690","Usman kite","Kite Flying - Seller","99G8+3R, Kahna Nau, Lahore, Pakistan, Nishter Town","Nishter Town","03279419146","https://www.google.com/maps?q=31.3750750,74.3664100"
"2691","ABC KITES","Kite Flying - Manufacturer","C942+MHF, Asif Town, Lahore, Pakistan, Nishter Town","Nishter Town","03006829461","https://www.google.com/maps?q=31.4067200,74.3512860"
"2692","Bhatti kite","Kite Flying - Seller","FC3Q+5PP, Tcf Rd, Babu Mehar Town, Roranwala, Pakistan, Lahore Saddar","Lahore Saddar","03206502427","https://www.google.com/maps?q=31.4532610,74.4395690"
"2693","ABC KITES","Kite Flying - Trader","C953+3M6, Asif Town, Lahore, Pakistan, Nishter Town","Nishter Town","03006829461","https://www.google.com/maps?q=31.4078640,74.3543160"
"2694","Usman Kite Club","Kite Flying - Manufacturer","113/6 Grand Trunk Rd, Al-Rehman Garden Phase 3 Phase 3 Al Rehman Garden, Lahore, Pakistan, Wahgah Town","Wahgah Town","03214649486","https://www.google.com/maps?q=31.5959220,74.4500350"
"2695","Haji Waleed Kite Shop","Kite Flying - Seller","H7PW+WRC, Main Amin Park Rd, Karim Park, Lahore, Pakistan, Lahore City","Lahore City","03046910646","https://www.google.com/maps?q=31.5872910,74.2969540"
"2696","Shah kite flying","Kite Flying - Manufacturer","H9H6+XCV, Begampura Begumpura, Lahore, 54000, Pakistan, Shalimar Town","Shalimar Town","03244855019","https://www.google.com/maps?q=31.5800970,74.3607520"
"2697","MUNAWAR KITE MAKER","Kite Flying - Manufacturer","G64V+8JQ, Maraghzar Colony Block C Marghzar Housing Scheme, Lahore, Pakistan, Allama Iqbal","Allama Iqbal","03010040813","https://www.google.com/maps?q=31.5058770,74.2441310"
"2698","Usman Kite Club","Kite Flying - Seller","113/6 Grand Trunk Rd, Al-Rehman Garden Phase 3 Phase 3 Al Rehman Garden, Lahore, Pakistan, Wahgah Town","Wahgah Town","03214649486","https://www.google.com/maps?q=31.5959220,74.4500350"
"2699","Sam sports","Kite Flying - Seller","G9V3+P6F, Street P, Upper Mall Scheme, Lahore, Pakistan, Lahore Cantt","Lahore Cantt","03074786650","https://www.google.com/maps?q=31.5442610,74.3531570"
"2700","FH","Kite Flying - Manufacturer","Shalimar Medical College Stop, Mughalpura, Lahore, 54840, Pakistan, Shalimar Town","Shalimar Town","03224061347","https://www.google.com/maps?q=31.5763160,74.3811000"
"2701","HAIDER KITES","Kite Flying - Seller","F6JQ+Q4Q, Niazbeg Rd, Gulzar colony Gulzar Colony, Lahore, Pakistan, Allama Iqbal","Allama Iqbal","03091052865","https://www.google.com/maps?q=31.4820350,74.2385330"
"2702","sky.internet bilal mobile","Kite Flying - Seller","JFWF+5WJ, Jandiyala Awan Jhandiala, Lahore, Pakistan, Wahgah Town","Wahgah Town","03044233338","https://www.google.com/maps?q=31.6454700,74.4746950"
"2703","AlRehman Kite Shop","Kite Flying - Seller","Plot 126, Township Block 5 Sector D1 Lahore, Pakistan, Model Town","Model Town","03009407960","https://www.google.com/maps?q=31.4388160,74.3123570"
"2704","Bilal Body Life","Kite Flying - Seller","FCMC+X8H, Gohawa, Lahore, Pakistan, Lahore Cantt","Lahore Cantt","03144900099","https://www.google.com/maps?q=31.4849380,74.4208480"
"2705","Muntazir","Kite Flying - Manufacturer","G995+FMG, Block S Gulberg 2, Jafarabad, Pakistan, Lahore Cantt","Lahore Cantt","03154219210","https://www.google.com/maps?q=31.5187520,74.3594610"
"2706","Ali hussain","Kite Flying - Seller","45 Shahrah-e-Quaid-e-Azam, near Faysal Bank, Garhi Shahu, Lahore, 54000, Pakistan, Lahore City","Lahore City","03298249608","https://www.google.com/maps?q=31.5530860,74.3386460"
"2707","PUNJAB KITE HOUSE","Kite Flying - Manufacturer","C964+Q5C, 1 Anum Rd, Glaxo Town, Lahore, 54600, Pakistan, Nishter Town","Nishter Town","03074210651","https://www.google.com/maps?q=31.4118740,74.3554080"
"2708","w.k kite","Kite Flying - Manufacturer","B Block Road، Block B Gulshan-e-Ravi, Lahore, 54500, Pakistan, Lahore City","Lahore City","03244500357","https://www.google.com/maps?q=31.5528630,74.2873780"
"2709","four brother collection","Kite Flying - Seller","GCVF+HFP, Gujjar Pura Rd, Gujjar Pura Aziz Bhatti Town, Lahore, Pakistan, Shalimar Town","Shalimar Town","03027293467","https://www.google.com/maps?q=31.5439100,74.4235790"
"2710","PUNJAB KITE HOUSE","Kite Flying - Seller","C964+J86, Anum Rd, Glaxo Town, Lahore, Pakistan, Nishter Town","Nishter Town","03074210651","https://www.google.com/maps?q=31.4114940,74.3557350"
"2711","M.Z","Kite Flying - Manufacturer","F1 Ghani Tower, 196 Multan Rd, Dholanwal Nagra Town, Lahore, 54000, Pakistan, Lahore City","Lahore City","03214523313","https://www.google.com/maps?q=31.5264210,74.2834770"
"2712","Dilawar Kites","Kite Flying - Seller","J79W+GRV, Shahdara Town, Shahdara, Pakistan, Ravi Town","Ravi Town","03245677553","https://www.google.com/maps?q=31.6189610,74.2975600"
"2713","Abu baker kite","Kite Flying - Manufacturer","J72V+5J5, 25, stop Lahore, Pakistan, Ravi Town","Ravi Town","03091540474","https://www.google.com/maps?q=31.6004090,74.2940350"
"2714","Amir Kite Flying","Kite Flying - Manufacturer","bhatti chowk, shadab town, main gate، C9C7+G36، opposite nishter main bazar، Nishter Colony, Lahore, Pakistan, Nishter Town","Nishter Town","03164455369","https://www.google.com/maps?q=31.4212890,74.3626310"
"2715","Lasani","Kite Flying - Seller","J79H+F38, Al-Raai Rd, Shahdara Town, Lahore, Pakistan, Ravi Town","Ravi Town","03230443649","https://www.google.com/maps?q=31.6186650,74.2776410"
"2716","AMY Brothers","Kite Flying - Manufacturer","J7QJ+GR7, Shahdara Town, Shahdara, Pakistan, Ravi Town","Ravi Town","03004907072","https://www.google.com/maps?q=31.6387600,74.2820910"
"2717","Al Hadi Traders","Kite Flying - Trader","34 Ravi Rd, Ravi Park, Lahore, Pakistan, Lahore City","Lahore City","03227263356","https://www.google.com/maps?q=31.5934490,74.3032200"
"2718","Ashfaq brothers","Kite Flying - Manufacturer","5A Ali St, Sanda Khurd Lahore, 54000, Pakistan, Lahore City","Lahore City","03070407547","https://www.google.com/maps?q=31.5656760,74.2825110"
"2719","Asad kites","Kite Flying - Seller","H7VX+XWH, Qasurpura, Lahore, Pakistan, Lahore City","Lahore City","03324959361","https://www.google.com/maps?q=31.5946420,74.2999530"
"2720","Taimoor kite house","Kite Flying - Seller","C9WM+W3V, ring road, kamahan, Lahore, 53101, Pakistan, Nishter Town","Nishter Town","03090448534","https://www.google.com/maps?q=31.4475750,74.3826990"
"2721","hafiz kite maker","Kite Flying - Manufacturer","J8H5+RJP, Jada Rd, Shahdara Town, Lahore, Pakistan, Ravi Town","Ravi Town","03214572324","https://www.google.com/maps?q=31.6294330,74.3089140"
"2722","RAZA ABBAS","Kite Flying - Seller","Lahore Bus Terminal, Karim Park Lahore, Pakistan, Lahore City","Lahore City","03010467812","https://www.google.com/maps?q=31.5906130,74.2999100"
"2723","SkyLights","Kite Flying - Seller","Plaza No. 11, Overseas B Commercial, Bahria town Lahore, Raiwind","Raiwind","03214309421","https://www.google.com/maps?q=31.3715180,74.1685200"
"2724","Sarhad Store","Kite Flying - Seller","1 Wahdat Rd, Muslim Town, Lahore, 54000, Pakistan, Model Town","Model Town","03104739135","https://www.google.com/maps?q=31.5204160,74.3236000"
"2725","Al Ghani Kit Falling","Kite Flying - Manufacturer","H9GG+9M6, Ghausia Masjid Rd, Singhpura, Lahore, 54000, Pakistan, Shalimar Town","Shalimar Town","03237840760","https://www.google.com/maps?q=31.5764400,74.3762730"
"2726","qm kites","Kite Flying - Trader","38 B Ravi Clifton St, cliften colony, Shahdara, Pakistan, Ravi Town","Ravi Town","03097921664","https://www.google.com/maps?q=31.6190720,74.3008020"
"2727","Ashraf Ali Kite House","Kite Flying - Seller","93 Bridge Colony, Bridge Colony Cantt, Lahore, Pakistan, Model Town","Model Town","03244454277","https://www.google.com/maps?q=31.5246920,74.3611180"
"2728","Cosmetics","Kite Flying - Seller","H9VV+QF9, Dilshad St, Daroghe Wala, Lahore, Pakistan, Shalimar Town","Shalimar Town","03074707602","https://www.google.com/maps?q=31.5944070,74.3937260"
"2729","Akram Kite Makers","Kite Flying - Manufacturer","H74R+7MF, Zubair Road, Sham Nagar Sanda, Lahore, 54000, Pakistan, Lahore City","Lahore City","03214742294","https://www.google.com/maps?q=31.5556460,74.2917340"
"2730","Champion kite maker","Kite Flying - Manufacturer","Street No.2 House No. 3/A jahangir colony shahdra town lahore, Ravi Town","Ravi Town","03074294718","https://www.google.com/maps?q=31.5230290,74.3589740"
"2731","DUBAI KITE HOUSE","Kite Flying - Manufacturer","G8J9+G73, Ichhra Shah Din Scheme Lahore, 54000, Pakistan, Model Town","Model Town","03249457128","https://www.google.com/maps?q=31.5313210,74.3182040"
"2732","ABC (Al-Rahman Book Center)","Kite Flying - Manufacturer","13-16 Abu Bakar Rd, Karnalpora Combo Colony, Lahore, 54000, Pakistan, Model Town","Model Town","03114290882","https://www.google.com/maps?q=31.5234920,74.3019720"
"2733","Ten Sports","Kite Flying - Trader","J7FP+HQV, Main Bazar Kot Shahab Din Rd, Shahdara Town, Lahore, Pakistan, Ravi Town","Ravi Town","03034330908","https://www.google.com/maps?q=31.6240070,74.2868240"
"2734","Home foods online","Kite Flying - Seller","C9WC+XR6, Bahadrabad, Lahore, Pakistan, Nishter Town","Nishter Town","03074311369","https://www.google.com/maps?q=31.4471370,74.3719930"
"2735","Babu Kite House","Kite Flying - Manufacturer","G7JJ+32W, Shahalam St, Dholanwal Nagra Town, Lahore, 54000, Pakistan, Lahore City","Lahore City","03223995625","https://www.google.com/maps?q=31.5300000,74.2800000"
"2736","Fancy kite House","Kite Flying - Seller","HCG2+WM8, Hameed Pura Mehar Fiaz Colony Bb, Lahore, 54000, Pakistan, Shalimar Town","Shalimar Town","03221473314","https://www.google.com/maps?q=31.5772830,74.4016980"
"2737","Kashif Kite Manufacturer","Kite Flying - Manufacturer","Ghaffar Street dhair Shahdara town lahore, Ravi Town","Ravi Town","03044726356","https://www.google.com/maps?q=31.6363700,74.3049830"
"2738","Jabar Kite Store","Kite Flying - Seller","C8GW+5WH, Shadab Colony Rd, Sherwani Town, Lahore, Pakistan, Model Town","Model Town","03018441735","https://www.google.com/maps?q=31.4254990,74.3471990"
"2739","Hussain Butt traders","Kite Flying - Trader","Batapur، GT RD-Burki Rd Link, Khaira, Lahore, 54000, Pakistan, Wahgah Town","Wahgah Town","03074889204","https://www.google.com/maps?q=31.5823540,74.5007760"
"2740","Awais Kites","Kite Flying - Seller","i32 Near Fazal Sweets, Inside, Mochi Gate Walled City of Lahore, Lahore, 54000, Pakistan, Lahore City","Lahore City","03004363515","https://www.google.com/maps?q=31.5787360,74.3226760"
"2741","A.kites","Kite Flying - Seller","J7PX+28, Shahdara Town, Lahore, Pakistan, Ravi Town","Ravi Town","03060002999","https://www.google.com/maps?q=31.6351870,74.2985630"
"2742","M. Umer Kites House.","Kite Flying - Seller","Shop E2368، Suha Bazar, Walled City of Lahore, Lahore, Pakistan, Lahore City","Lahore City","03214706427","https://www.google.com/maps?q=31.5827900,74.3178400"
"2743","Tauseef Ahmad","Kite Flying - Seller","G799+7VX، Awais Road، Block H Sabzazar Housing Scheme Phase 1 & 2 Lahore, Pakistan, Lahore City","Lahore City","03244736118","https://www.google.com/maps?q=31.5183000,74.2698150"
"2744","PEN & PAPER","Kite Flying - Seller","FCW2+4G4, Bedian Rd, Ali View Garden Ali View, Lahore, Pakistan, Lahore Cantt","Lahore Cantt","03154127881","https://www.google.com/maps?q=31.4954350,74.4013440"
"2745","Haseeb bhatti kits","Kite Flying - Seller","32 Aurangzeb Rd, Lahore 5400 Aurangzeb Rd, Daroghe Wala, Lahore, 54920, Pakistan, Shalimar Town","Shalimar Town","03067799888","https://www.google.com/maps?q=31.5878080,74.3977940"
"2746","Sahil Kariyaana Store","Kite Flying - Seller","20-K.M, Lahore – Kasur Rd, Youhanabad, Lahore, Pakistan, Nishter Town","Nishter Town","03029412801","https://www.google.com/maps?q=31.4100000,74.3600000"
"2747","Ijaz and sons","Kite Flying - Manufacturer","JC55+GJ9, Lakhodher Lahore, Pakistan, Wahgah Town","Wahgah Town","03064425790","https://www.google.com/maps?q=31.6087940,74.4091020"
"2748","Ali Kites Point","Kite Flying - Seller","C5JH+8Q2, Multan Rd, Manowal, Lahore, Pakistan, Allama Iqbal","Allama Iqbal","03237888144","https://www.google.com/maps?q=31.4309100,74.1798700"
"2749","Ranjha Kites","Kite Flying - Seller",", Akbari Mandi Walled City of Lahore, Lahore, 54000, Pakistan, Lahore City","Lahore City","03151770515","https://www.google.com/maps?q=31.5791930,74.3244260"
"2750","Shani bahi kite saler","Kite Flying - Manufacturer","7 Ahbab Colony Rd, Canal View, Lahore, 54000, Pakistan, Allama Iqbal","Allama Iqbal","03204032560","https://www.google.com/maps?q=31.4848510,74.2496480"
"2751","Naeem Kite Maker","Kite Flying - Manufacturer","G7PW+7R3, Samanabad Town, Lahore, 54000, Pakistan, Lahore City","Lahore City","03004462286","https://www.google.com/maps?q=31.5356260,74.2970560"
"2752","Abdul Ghafoor","Kite Flying - Manufacturer","H87X+7XJ Kisi Bagh, Garhi Shahu, Lahore, 54000, Pakistan, Shalimar Town","Shalimar Town","03084635139","https://www.google.com/maps?q=31.5632240,74.3499000"
"2753","RJ kites","Kite Flying - Trader","49/6 bhata deen clony nabi pur kotli peer abdul rehman lahore, Shalimar Town","Shalimar Town","03227475669","https://www.google.com/maps?q=31.5865000,74.3866000"
"2754","Pards Kite House","Kite Flying - Seller","5/9 C Block Market, Block C Model Town, Lahore, Pakistan, Model Town","Model Town","03214202360","https://www.google.com/maps?q=31.4933050,74.3277310"
"2755","Shop","Kite Flying - Seller","H9VV+QF9, Dilshad St, Daroghe Wala, Lahore, Pakistan, Shalimar Town","Shalimar Town","03240687370","https://www.google.com/maps?q=31.5944070,74.3937260"
"2756","Kite Trading","Kite Flying - Trader","H8J7+9CR, Mohalla Shish Mahal Kucha Baili Ram Walled City of Lahore, Lahore, 54000, Pakistan, Lahore City","Lahore City","03188096162","https://www.google.com/maps?q=31.5808680,74.3135560"
"2757","Bilal Store","Kite Flying - Seller","H8Q2+QC2, Karim Park Lahore, Pakistan, Lahore City","Lahore City","03215228417","https://www.google.com/maps?q=31.5895910,74.3009630"
"2758","S.H kite manufacturer","Kite Flying - Manufacturer","H9MC+FCF, Baghbanpura, Lahore, 54000, Pakistan, Shalimar Town","Shalimar Town","03199935503","https://www.google.com/maps?q=31.5839390,74.3711260"
"2759","Awami Real Estate Advisor","Kite Flying - Seller","791 N Block Sabzazar, Lahore City","Lahore City","03094732214","https://www.google.com/maps?q=31.5153390,74.2619610"
"2760","SM kite","Kite Flying - Manufacturer","HC88+4GW, Manzoor Colony Taj Bagh Scheme, Lahore, Pakistan, Shalimar Town","Shalimar Town","03703813301","https://www.google.com/maps?q=31.5655930,74.4162790"
"2761","Muhammad Ali Kites Flying Seller","Kite Flying - Seller","CF7M+MJP, Sharif Pura Sharifpura, Lahore, Pakistan, Lahore Saddar","Lahore Saddar","03214950037","https://www.google.com/maps?q=31.4148800,74.4847100"
"2762","Hafeez Store","Kite Flying - Seller","H8P4+FJJ, Data Gunj Buksh Town, Lahore, Pakistan, Lahore City","Lahore City","03214444984","https://www.google.com/maps?q=31.5861490,74.3064510"
"2763","Ibrar Kite Shop","Kite Flying - Seller","HCPC+FWV, Rajba Rd, Harbanspura, Lahore, 54000, Pakistan, Shalimar Town","Shalimar Town","03096595913","https://www.google.com/maps?q=31.5860590,74.4223980"
"2764","Shahzad Kite House","Kite Flying - Manufacturer","52 Service Rd, Ghazi Pul Muslimabad Tajpura, Lahore, Pakistan, Shalimar Town","Shalimar Town","03226743873","https://www.google.com/maps?q=31.5663580,74.4092210"
"2765","Ideal kites","Kite Flying - Manufacturer","J7FV+W89, near sangeet cinema, Qazi Park Shahdara Town, Lahore, Pakistan, Ravi Town","Ravi Town","03296248809","https://www.google.com/maps?q=31.6300620,74.2999510"
"2766","8.teen garment","Kite Flying - Seller","2nd Avenue Mall 2nd floor shop No 40 Haris Garments Kareem block Markeet, Karim Block Allama Iqbal Town, Lahore, Pakistan, Model Town","Model Town","03144187437","https://www.google.com/maps?q=31.5027040,74.2816170"
"2767","Bilal store","Kite Flying - Seller","J8H3+5J2, Ghoray Shah Rd, Shahdara Town, Lahore, Pakistan, Ravi Town","Ravi Town","03219307125","https://www.google.com/maps?q=31.6278420,74.3039790"
"2768","ARIF KITE HOUSE","Kite Flying - Manufacturer","266 Grand Trunk Rd, Baghbanpura, Lahore, 54000, Pakistan, Shalimar Town","Shalimar Town","03214111841","https://www.google.com/maps?q=31.5829740,74.3780300"
"2769","Sirajia trader","Kite Flying - Manufacturer","99H6+Q2C, Faisal Town Rd, Kahna Nau, Kahna, Pakistan, Nishter Town","Nishter Town","03054573881","https://www.google.com/maps?q=31.3794740,74.3600070"
"2770","Mirza Kite Seller","Kite Flying - Seller","G8F6+QCC, New Shah Kamal Colony Combo Colony, Lahore, 54000, Pakistan, Model Town","Model Town","03208482274","https://www.google.com/maps?q=31.5244120,74.3109480"
"2771","RANA KITE MAKER","Kite Flying - Manufacturer","G8C6+H56, Combo Colony, Lahore, 54000, Pakistan, Model Town","Model Town","03044665685, 03214288767","https://www.google.com/maps?q=31.5208740,74.3106900"
"2772","Imran Store","Kite Flying - Seller","H8P3+3R4, Mohni Rd, Data Gunj Buksh Town, Lahore, Pakistan, Lahore City","Lahore City","03235461504","https://www.google.com/maps?q=31.5851090,74.3046700"
"2773","Shahzad Kite House","Kite Flying - Seller","52 Service Rd, Ghazi Pul Muslimabad Tajpura, Lahore, Pakistan, Shalimar Town","Shalimar Town","03226743873","https://www.google.com/maps?q=31.5663580,74.4092210"
"2774","Aladdin Impact Ventures (Private) Limited","Kite Flying Association","82, Block J1 Block J 1 Phase 2 Johar Town, Lahore, Pakistan, Allama Iqbal","Allama Iqbal","03224163993","https://www.google.com/maps?q=31.4700470,74.2493710"
"2775","Neeshat Real Estate","Kite Flying - Seller","pamaan road ,Khera pul,Jallo Mor,Lahore, Wahgah Town","Wahgah Town","03004080331","https://www.google.com/maps?q=31.5871150,74.5028960"
"2776","KAREEM BOOK DIPU","Kite Flying - Seller","CF6Q+9FQ, Bedian Rd, Heir, Pakistan, Lahore Saddar","Lahore Saddar","03024181984, 03024855586","https://www.google.com/maps?q=31.4109270,74.4888890"
"2777","Yasir kites manufacturer","Kite Flying - Manufacturer","G766+M97, Awan Town, Lahore, Pakistan, Lahore City","Lahore City","03074365881","https://www.google.com/maps?q=31.5116310,74.2611570"
"2778","Mini Dollar shop","Kite Flying - Manufacturer","F9H9+X34, Nasrullah St, Walton, Lahore, Pakistan, Model Town","Model Town","03234900475","https://www.google.com/maps?q=31.4800310,74.3676250"
"2779","Rajpoot Kites","Kite Flying - Manufacturer","Near Bakhsh Kaanta, Amir Rd, Shad Bagh, Lahore, Pakistan, Ravi Town","Ravi Town","03009479409","https://www.google.com/maps?q=31.5969710,74.3379620"
"2780","Waseem Kite Maker & Seller","Kite Flying - Manufacturer","H848+FJG, Temple Rd, Mozang Chungi, Lahore, 54000, Pakistan, Lahore City","Lahore City","03007571322, 03238564920","https://www.google.com/maps?q=31.5562160,74.3165340"
"2781","the makers","Kite Flying - Manufacturer","74a Alhamd Rd, Al-Hamad Colony Combo Colony, Lahore, 54000, Pakistan, Model Town","Model Town","03234185576","https://www.google.com/maps?q=31.5233110,74.3049070"
"2782","genrel store","Kite Flying - Seller","JC57+R4W, Lakhodher Lahore, Pakistan, Wahgah Town","Wahgah Town","03444933277","https://www.google.com/maps?q=31.6095780,74.4128440"
"2783","Rizwan Kite House","Kite Flying - Seller","H857+FFC, Mozang Chungi, Lahore, 54000, Pakistan, Lahore City","Lahore City","03234102493","https://www.google.com/maps?q=31.5586400,74.3134000"
"2784","Zamzam trader","Kite Flying - Seller","G757+RMP, Kharak Awan Town, Lahore, Pakistan, Lahore City","Lahore City","03010015060","https://www.google.com/maps?q=31.5097920,74.2642600"
"2785","Khan Kite","Kite Flying - Seller","C5HF+GPG, Chung, Lahore, Pakistan, Allama Iqbal","Allama Iqbal","03004087896","https://www.google.com/maps?q=31.4288190,74.1742800"
"2786","Elite kite and string","Kite Flying - Seller","Plot 373, Sabzazar Block G Sabzazar Housing Scheme Phase 1 & 2 Lahore, Pakistan, Lahore City","Lahore City","03227179754","https://www.google.com/maps?q=31.5252110,74.2647840"
"2787","Khan Brothers","Kite Flying - Seller","G79G+C95, Saeed Pur Block A Sabzazar Housing Scheme Phase 1 & 2 Lahore, Pakistan, Lahore City","Lahore City","03205920015","https://www.google.com/maps?q=31.5185850,74.2760630"
"2788","Bismillah general store","Kite Flying - Seller","F84W+Q6H, Jahangir Park Ismail Nagar, Lahore, Pakistan, Model Town","Model Town","03030224922","https://www.google.com/maps?q=31.4570500,74.3454000"
"2789","HAIDER SPORTS","Kite Flying - Seller","2 KM Askari 11, Rehmanpura, Lidhar, Main Bedian Rd, Sector D DHA Phase 6, Lahore, Pakistan, Lahore Saddar","Lahore Saddar","03019089324","https://www.google.com/maps?q=31.4519370,74.4506030"
"2790","Ninty kite manufacture","Kite Flying - Manufacturer","HC82+FV, Ghazi Pul Muslimabad Tajpura, Lahore, Pakistan, Shalimar Town","Shalimar Town","03241489009","https://www.google.com/maps?q=31.5660980,74.4023770"
"2791","Minha Gallery","Kite Flying - Seller","FCGC+4MH, Saqib Town, Lahore, Pakistan, Lahore Saddar","Lahore Saddar","03204058734","https://www.google.com/maps?q=31.4752020,74.4224130"
"2792","Data Kite","Kite Flying - Seller","F56Q+JM Lahore, Pakistan, Allama Iqbal","Allama Iqbal","03024431446","https://www.google.com/maps?q=31.4615650,74.1892300"
"2793","PRINCE KITE MAKER","Kite Flying - Manufacturer","H8PQ+7RF, Zafrullah Rd, Misri Shah, Lahore, Pakistan, Ravi Town","Ravi Town","03334892589","https://www.google.com/maps?q=31.5858560,74.3395480"
"2794","Al Rehman kite","Kite Flying - Manufacturer","52, Canal Park Lahore, 54000, Pakistan, Model Town","Model Town","03284130362","https://www.google.com/maps?q=31.5250080,74.3415670"
"2795","Butt Kite shop","Kite Flying - Seller","J7VQ+QCR, Barkat Town, Ferozewala, Pakistan, Ravi Town","Ravi Town","03220440123","https://www.google.com/maps?q=31.6445550,74.2883770"
"2796","Vegetables shop","Kite Flying - Manufacturer","108 Garhi Shahu Main Market Rd, Garhi Shahu, Lahore, Pakistan, Shalimar Town","Shalimar Town","03204908940","https://www.google.com/maps?q=31.5646510,74.3465900"
"2797","PRINCE KITE & DOR SELLER","Kite Flying - Seller","H8PQ+7RF, Zafrullah Rd, Misri Shah, Lahore, Pakistan, Ravi Town","Ravi Town","03334892589","https://www.google.com/maps?q=31.5858320,74.3395580"
"2798","Pawer kites","Kite Flying - Seller","HCG4+FGR, Fateh Garh Fatehgarh, Lahore, Pakistan, Shalimar Town","Shalimar Town","03234364982","https://www.google.com/maps?q=31.5762600,74.4062540"
"2799","Basant Kites","Kite Flying - Seller","Rafiqui Rd, Cantonment, Lahore, Punjab, G9FJ+GJ7, Cantt, Lahore, Pakistan, Lahore Cantt","Lahore Cantt","03135176036","https://www.google.com/maps?q=31.5238830,74.3819720"
"2800","WALEED KITE FLYING PRODUCTS","Kite Flying - Seller","HFRM+Q33, Manāwān Rampura, Lahore, Pakistan, Wahgah Town","Wahgah Town","03061100014","https://www.google.com/maps?q=31.5922560,74.4828330"
"2801","Bhatti kite house","Kite Flying - Manufacturer","G9F4+HCH, Block N Gulberg III, Lahore, Pakistan, Model Town","Model Town","03101403334","https://www.google.com/maps?q=31.5240150,74.3560230"
"2802","Shahbaz Kite Maker","Kite Flying - Seller","HFV4+HF7, Phase 2 Al Ghani Garden, Lahore, Pakistan, Wahgah Town","Wahgah Town","03098856632","https://www.google.com/maps?q=31.5944060,74.4558630"
"2803","Hamza kite house","Kite Flying - Manufacturer","J756+HFW, Elam Din Block Shahdara Town, Lahore, Pakistan, Ravi Town","Ravi Town","03030648027","https://www.google.com/maps?q=31.6088320,74.2610620"
"2804","AL-RAZIQ ENTERPRISES","Kite Flying - Seller","514 Saadi Rd, Township Block 2 Sector A 2 Lahore, Pakistan, Model Town","Model Town","03038498786","https://www.google.com/maps?q=31.4528270,74.3124640"
"2805","Krazy Kites","Kite Flying - Trader","Umar Block 78, Iram Garden, Suwa Gajjumatta, Model Town","Model Town","03214313705","https://www.google.com/maps?q=31.4784230,74.3192250"
"2806","kite seller and manufacoturing","Kite Flying - Manufacturer","C966+GQ9, Yohanabad Main Bazar Rd, Main Bazar Youhanabad, Lahore, Pakistan, Nishter Town","Nishter Town","03237388561","https://www.google.com/maps?q=31.4113330,74.3619820"
"2807","Ahmad Kites","Kite Flying - Seller","88, Orchard 1, Paragon City, Lahore, Pakistan, Lahore Cantt","Lahore Cantt","03010418623","https://www.google.com/maps?q=31.5394950,74.4566160"
"2808","Yousaf kite house","Kite Flying - Seller","18, Gulshan Block Allama Iqbal Town, Lahore, 54000, Pakistan, Model Town","Model Town","03214040886","https://www.google.com/maps?q=31.5176380,74.2931990"
"2809","Kite_Mania","Kite Flying - Seller","J79H+F38, Al-Raai Rd, Shahdara Town, Lahore, Pakistan, Ravi Town","Ravi Town","03290043208","https://www.google.com/maps?q=31.6186250,74.2776980"
"2810","Subhan Allah General Store","Kite Flying - Seller","F9GP+CWQ, Charrar Charar Pind, Lahore, Pakistan, Lahore Cantt","Lahore Cantt","03034233246","https://www.google.com/maps?q=31.4763220,74.3871830"
"2811","shop","Kite Flying - Manufacturer","J7JG+QFP, Aziz Colony Shahdara Town, Lahore, Pakistan, Ravi Town","Ravi Town","03284242004","https://www.google.com/maps?q=31.6324720,74.2766180"
"2812","Raheem store","Kite Flying - Seller","Plot 401, Block C Phase 1 Johar Town, Lahore, 54770, Pakistan, Model Town","Model Town","03214580353","https://www.google.com/maps?q=31.4531570,74.2950550"
"2813","Basant Kite Seller","Kite Flying - Seller","Plot 434, Township Block 4 Sector B 1 Lahore, 54600, Pakistan, Model Town","Model Town","03214280556","https://www.google.com/maps?q=31.4601410,74.3137320"
"2814","Lord of Food","Kite Flying - Seller","Plot 6, Block A Fazaia Housing Society, Lahore, Pakistan, Raiwind","Raiwind","03068855588","https://www.google.com/maps?q=31.3683320,74.2353170"
"2815","My trader","Kite Flying - Trader","44-G Wahdat Rd, Rehmanpura Colony, Lahore, 52254, Pakistan, Model Town","Model Town","03334269802","https://www.google.com/maps?q=31.5199760,74.3202190"
"2816","Fathy kite","Kite Flying - Seller","152, A Block Block A Gulshan-e-Ravi, Lahore, 54000, Pakistan, Lahore City","Lahore City","03238898303","https://www.google.com/maps?q=31.5495520,74.2860940"
"2817","Ahmad trader","Kite Flying - Trader","J78R+FG7 Lahore, Saeed Park Shahdara Town, Shahdara, Pakistan, Ravi Town","Ravi Town","03235107106","https://www.google.com/maps?q=31.6121870,74.2930080"
"2818","Perfect Kites Solution","Kite Flying - Seller","H8JW+693, Tezab Ahata Swami Nagar, Lahore, Pakistan, Ravi Town","Ravi Town","03134707831, 03211019977","https://www.google.com/maps?q=31.5803880,74.3459510"
"2819","Skyler Traders","Kite Flying - Seller","Plot 26, Main Market, Lahore, Pakistan, Model Town","Model Town","03322942728","https://www.google.com/maps?q=31.5242500,74.3469540"
"2820","Muhammad Afzal Kite Flying Manufacturer","Kite Flying - Manufacturer","H8GC+VJ6, Mochi Gate Walled City of Lahore, Lahore, 54000, Pakistan, Lahore City","Lahore City","03004307278","https://www.google.com/maps?q=31.5770600,74.3215600"
"2821","TJ kite center","Kite Flying - Trader","FC6Q+7V6, Rehman Pura Lidher, Lahore, Pakistan, Lahore Saddar","Lahore Saddar","03044517277","https://www.google.com/maps?q=31.4606880,74.4394500"
"2822","Subhan kites","Kite Flying - Seller","JC47+9JG, Shareef Pura Rd, Sharif Pura, Lahore, Pakistan, Wahgah Town","Wahgah Town","03157079784","https://www.google.com/maps?q=31.6059520,74.4140750"
"2823","Ahmad kites shop","Kite Flying - Seller","8J3PHCWR+5R, Wahgah Town","Wahgah Town","03204356954","https://www.google.com/maps?q=31.5954000,74.4421210"
"2824","Murtaza kite","Kite Flying - Seller","F6JM+5VP, Gulshan Town, Lahore, Pakistan, Allama Iqbal","Allama Iqbal","03040462254","https://www.google.com/maps?q=31.4804810,74.2347300"
"2825","Amin kite maker","Kite Flying - Seller","106a Zarrar Shaheed Rd, Ghausia Colony Cantt, Lahore, 54000, Pakistan, Shalimar Town","Shalimar Town","03213497817","https://www.google.com/maps?q=31.5486950,74.4052950"
"2826","Sikandar Kites","Kite Flying - Manufacturer","J84V+X4P, Street Number 9, Bhagatpura, Lahore, Pakistan, Ravi Town","Ravi Town","03128996998","https://www.google.com/maps?q=31.6075580,74.3425980"
"2827","Malik kites","Kite Flying - Seller","4 Major Jameel Shaheed Rd, Madina Colony Baghbanpura, Lahore, Pakistan, Shalimar Town","Shalimar Town","03104171296","https://www.google.com/maps?q=31.5906420,74.3791950"
"2828","Baby mama collection","Kite Flying - Seller","F728+J3V, Bajwa Rd, B BLOCK Block B Pcsir Employees Phase 2 PCSIR Phase 2, Lahore, 54600, Pakistan, Model Town","Model Town","03074647915","https://www.google.com/maps?q=31.4516020,74.2651750"
"2829","Ishfaq patangs","Kite Flying - Seller","H9WX+QRC, Siraj Pura Daroghe Wala, Lahore, Pakistan, Shalimar Town","Shalimar Town","03231012248","https://www.google.com/maps?q=31.5974170,74.3997510"
"2830","Abdul Ghafoor","Kite Flying - Seller","H87X+7XJ Kisi Bagh, Garhi Shahu, Lahore, 54000, Pakistan, Shalimar Town","Shalimar Town","03084635139","https://www.google.com/maps?q=31.5632240,74.3499000"
"2831","SALLER KITE","Kite Flying - Seller","Canal Rd, Mustafabad, Mughalpura, Lahore, Punjab, H958+245, Chobacha, Lahore, Pakistan, Lahore Cantt","Lahore Cantt","03284830540","https://www.google.com/maps?q=31.5573970,74.3655450"
"2832","Zohaib Kites Manufacturers","Kite Flying - Manufacturer","G7QG+6FG, Shera Kot Raiwind, Lahore, 54000, Pakistan, Lahore City","Lahore City","03707331360","https://www.google.com/maps?q=31.5382160,74.2762640"
"2833","Zohaib Kites Seller","Kite Flying - Seller","G7QG+6C3, Al-Khayam Rd, Shera Kot Lahore, 54000, Pakistan, Lahore City","Lahore City","03707331360","https://www.google.com/maps?q=31.5381590,74.2761700"
"2834","Abdullah Kites","Kite Flying - Seller","221 Multan Rd, Ahbab Colony Lahore, 53700, Pakistan, Allama Iqbal","Allama Iqbal","03021447912","https://www.google.com/maps?q=31.4859620,74.2494270"
"2835","Hamza Kite","Kite Flying - Seller","H8QX+9J6, Chah Miran Rd, Chah Miran, Lahore, Pakistan, Ravi Town","Ravi Town","03024217002","https://www.google.com/maps?q=31.5884320,74.3490320"
"2836","Chaudhary traders","Kite Flying - Manufacturer","F924+H2X, Main Bazar, Muft pura Gul Colony, Lahore, Pakistan, Model Town","Model Town","03214825399, 03234296938","https://www.google.com/maps?q=31.4514860,74.3551080"
"2837","Official kites","Kite Flying - Manufacturer","Begum kot bara dari road. Chah mia kalu street No 5 near Al-Rafay medical store, Ravi Town","Ravi Town","03030842930","https://www.google.com/maps?q=31.6092260,74.2798480"
"2838","Hassan kite manufactur","Kite Flying - Manufacturer","NEws Fever Road,yasir block, C9FC+4VC, Nishter Colony, Lahore, Pakistan, Nishter Town","Nishter Town","03114451700","https://www.google.com/maps?q=31.4222990,74.3719040"
"2839","Brother kite sellers and manufacturers","Kite Flying - Seller","Plot 23, Township Block 1 Sector B 1 Lahore, 54600, Pakistan, Model Town","Model Town","03327083826","https://www.google.com/maps?q=31.4647550,74.3117970"
"2840","Kite Seller","Kite Flying - Seller","J7MR+5H Lahore, Pakistan, Ravi Town","Ravi Town","03164020319","https://www.google.com/maps?q=31.6328920,74.2914900"
"2841","Kuku Kite House","Kite Flying - Seller","H8HC+FX5, Lal Khoo Bazar, Sher Galiyan Mochi Gate Walled City of Lahore, Lahore, 54000, Pakistan, Lahore City","Lahore City","03224645929","https://www.google.com/maps?q=31.5786340,74.3225880"
"2842","Miraj kites","Kite Flying - Manufacturer","J769+JRF, Shahdara Town, Lahore, Pakistan, Ravi Town","Ravi Town","03207116528","https://www.google.com/maps?q=31.6111960,74.2690090"
"2843","LAHORE KITE/DOR MANUFACTURING","Kite Flying - Manufacturer","F772+W2C, Shan Bhatti Rd, Block K Ali Town, Lahore, Pakistan, Allama Iqbal","Allama Iqbal","03224609232","https://www.google.com/maps?q=31.4647930,74.2500500"
"2844","refile kite house","Kite Flying - Seller","G7R9+83Q, Main Bazar Babu Sabu Rd, Babu Sabu Lahore, 54000, Pakistan, Lahore City","Lahore City","03070606064","https://www.google.com/maps?q=31.5408520,74.2677370"
"2845","Nadeem Bani Kite Store","Kite Flying - Seller","9998+83W, Kahna Kacha Rd, Kahna Nau, Kahna, Pakistan, Nishter Town","Nishter Town","03216200035","https://www.google.com/maps?q=31.3683550,74.3652080"
"2846","Haider ali","Kite Flying - Seller","H9GX+9V6, Hameedpura, Lahore, Pakistan, Shalimar Town","Shalimar Town","03054329181","https://www.google.com/maps?q=31.5758530,74.4002010"
"2847","Haji book depot","Kite Flying - Seller","FCM9+QPV, Phase 1 Cantt View Housing Scheme, Lahore, Pakistan, Lahore Cantt","Lahore Cantt","03054424455","https://www.google.com/maps?q=31.4844260,74.4193550"
"2848","Ali Zaman kites manufacturing","Kite Flying - Manufacturer","دروگے والا آخری منٹ نادیہ گھی مِل چوک, Daroghawala, Lahore, 54000, Pakistan, Shalimar Town","Shalimar Town","03091040046","https://www.google.com/maps?q=31.5815300,74.3956940"
"2849","KITE SELLER","Kite Flying - Seller","5, Block H Canal Gardens, Lahore, Pakistan, Allama Iqbal","Allama Iqbal","03700919202","https://www.google.com/maps?q=31.3874590,74.1749160"
"2850","Bhatti kite house","Kite Flying - Seller","Badshahi Mosque, Badshahi Mosque, Fort Rd, Walled City of Lahore, Lahore, 54000, Pakistan, Ravi Town","Ravi Town","03143065207","https://www.google.com/maps?q=31.5881870,74.3091200"
"2851","Kite orri","Kite Flying - Seller","HC84+QJ5, Rail Bazar Road, Ghazi Pul Muslimabad Tajpura, Lahore, Pakistan, Shalimar Town","Shalimar Town","03074706174","https://www.google.com/maps?q=31.5667290,74.4066690"
"2852","Najam kite","Kite Flying - Manufacturer","F784+3HQ, J 3 Block Block J 3 Phase 2 Johar Town, Lahore, Pakistan, Allama Iqbal","Allama Iqbal","03249427923","https://www.google.com/maps?q=31.4651300,74.2561670"
"2853","Ashfaq trader","Kite Flying - Seller","St.No. 60, H.No. 10, Old Dharam Pura, Mustafaabad, Lahore, Lahore Cantt","Lahore Cantt","03008533394","https://www.google.com/maps?q=31.5514880,74.3695540"
"2854","Basant Back official kite seller","Kite Flying - Seller","G7HW+9P9, Samanabad Town, Lahore, 54000, Pakistan, Lahore City","Lahore City","03014163120","https://www.google.com/maps?q=31.5284630,74.2968780"
"2855","Pakistan kite house","Kite Flying - Seller","H8H8+H9J, Pir Sherazi St, Walled City of Lahore, Lahore, 54000, Pakistan, Lahore City","Lahore City","03004878182","https://www.google.com/maps?q=31.5792000,74.3160560"
"2856","SM kite","Kite Flying - Seller","HC88+4GW, Manzoor Colony Taj Bagh Scheme, Lahore, Pakistan, Shalimar Town","Shalimar Town","03703813301","https://www.google.com/maps?q=31.5655770,74.4162320"
"2857","Ahsan Kite House","Kite Flying - Manufacturer","F9M8+V8R, Qadri Colony, Lahore, Pakistan, Lahore Cantt","Lahore Cantt","03224255618","https://www.google.com/maps?q=31.4846040,74.3657520"
"2858","Abdul Raheem kites","Kite Flying - Manufacturer","H7RX+865, Karim Park Lahore, Pakistan, Lahore City","Lahore City","03116511277","https://www.google.com/maps?q=31.5909920,74.2979280"
"2859","ADIL KITE HOUSE","Kite Flying - Seller","G7JG+22C, Khuda-Bukhsh Rd, Jhugian Nagra Kot Kamboh, Lahore, 54000, Pakistan, Lahore City","Lahore City","03007699440","https://www.google.com/maps?q=31.5300960,74.2750120"
"2860","Naveed patang farosh","Kite Flying - Manufacturer","F7M5+M7G, E Block Mustafa Town, Lahore, Pakistan, Allama Iqbal","Allama Iqbal","03019736818","https://www.google.com/maps?q=31.4841250,74.2581110"
"2861","Muhammad Younas Kites","Kite Flying - Trader","F7P5+V4M, Hanjarwal Rd, Hanjarwal, Lahore, Pakistan, Allama Iqbal","Allama Iqbal","03059142276","https://www.google.com/maps?q=31.4871870,74.2577950"
"2862","Laal's Kites","Kite Flying - Manufacturer","Plot 450, Township Block 3 Twp Sector C 2 Lahore, Pakistan, Model Town","Model Town","03124382902","https://www.google.com/maps?q=31.4381910,74.3015350"
"2863","Shopkeeper","Kite Flying - Seller","F9PC+X56, Street No. 13, Shah Taj Colony, Lahore, Pakistan, Lahore Cantt","Lahore Cantt","03004679221","https://www.google.com/maps?q=31.4874060,74.3703180"
"2864","WALI KITE HOUSE","Kite Flying - Trader","G7JG+22C, Khuda-Bukhsh Rd, Jhugian Nagra Kot Kamboh, Lahore, 54000, Pakistan, Lahore City","Lahore City","03007699440","https://www.google.com/maps?q=31.5300960,74.2750120"
"2865","Akbar book center","Kite Flying - Seller","F87R+V5H, Maulana Shaukat Ali Rd, Bostan Colony, Lahore, Pakistan, Model Town","Model Town","03224134076","https://www.google.com/maps?q=31.4647200,74.3405210"
"2866","Muhammad Younas Kites","Kite Flying - Manufacturer","F7P5+V4M, Hanjarwal Rd, Hanjarwal, Lahore, Pakistan, Allama Iqbal","Allama Iqbal","03059142276","https://www.google.com/maps?q=31.4871870,74.2577950"
"2867","zaidi trader center","Kite Flying - Seller","H8C2+435, Dev Samaj Road, Sant Nagar St Nagar, Lahore, 54000, Pakistan, Lahore City","Lahore City","03158078614","https://www.google.com/maps?q=31.5701310,74.2980300"
"2868","Babu Kites whosale Dealer","Kite Flying - Manufacturer","J79W+GRV, Shahdara Town, Shahdara, Pakistan, Ravi Town","Ravi Town","03245677553","https://www.google.com/maps?q=31.6189610,74.2975600"
"2869","Shahmeer kite flying","Kite Flying - Seller","270-B Victoria Rd, Swami Nagar, Lahore, Pakistan, Ravi Town","Ravi Town","03234471581","https://www.google.com/maps?q=31.5756340,74.3453530"
"2870","Ali kite flying","Kite Flying - Seller","63 Shalimar Link Road, Ramgarh Lahore, 54840, Pakistan, Shalimar Town","Shalimar Town","03244247518","https://www.google.com/maps?q=31.5703150,74.3811050"
"2871","MASHALLAH GENRAL STORE","Kite Flying - Seller","32 Aurangzeb Rd, Daroghe Wala, Lahore, 54000, Pakistan, Shalimar Town","Shalimar Town","03084793125","https://www.google.com/maps?q=31.5886870,74.3986120"
"2872","HS kites","Kite Flying - Manufacturer","G79G+927, Saeed Pur Main Rd, Sabzazar Block A Sabzazar Housing Scheme Phase 1 & 2 Lahore, 54000, Pakistan, Lahore City","Lahore City","03467186952","https://www.google.com/maps?q=31.5184310,74.2750370"
"2873","Pakistan Kite Associations","Kite Flying Association","H, 1200, Akbari Mandi Walled City of Lahore, Lahore, 54000, Pakistan, Lahore City","Lahore City","03151770515","https://www.google.com/maps?q=31.5801410,74.3241780"
"2874","Iftikhar kite menufecturer","Kite Flying - Manufacturer","F9F6+FC5, Al-Noor Town Al Noor Town, Lahore, Pakistan, Model Town","Model Town","03084315068","https://www.google.com/maps?q=31.4735440,74.3612140"
"2875","Neeshat Real Estate","Kite Flying - Manufacturer","pamaan road ,Khera pul,Jallo Mor,Lahore, Wahgah Town","Wahgah Town","03004080331, 03004230125","https://www.google.com/maps?q=31.5869100,74.5048720"
"2876","Shahbaz Kite Maker","Kite Flying - Trader","HFV4+HF7, Phase 2 Al Ghani Garden, Lahore, Pakistan, Wahgah Town","Wahgah Town","03098856632","https://www.google.com/maps?q=31.5944060,74.4558630"
"2877","Brothers Flying kite","Kite Flying - Seller","C7GV+3M8, Bagrian Lahore, Pakistan, Model Town","Model Town","03156267666","https://www.google.com/maps?q=31.4254240,74.2944920"
"2878","M waqar","Kite Flying - Manufacturer","Bazaar Laal khoh، inside Mochi Gate، Kucha Chagtah Walled City of Lahore, Lahore, 54000, Pakistan, Lahore City","Lahore City","03124044614","https://www.google.com/maps?q=31.5777730,74.3220350"
"2879","ATTA KITE","Kite Flying - Manufacturer","Shop 208C, Said Mitha Bazar Rd, Mohalla Daran Walled City of Lahore, Lahore, Pakistan, Lahore City","Lahore City","03224193180","https://www.google.com/maps?q=31.5826050,74.3134780"
"2880","Asim Fast Food","Kite Flying - Manufacturer","F933+QR5, Mast Iqbal Rd, Gulistan Colony Gul Colony, Lahore, Pakistan, Model Town","Model Town","03238860351","https://www.google.com/maps?q=31.4543720,74.3546370"
"2881","Bismillah kite seller","Kite Flying - Seller","Mansoora Main Bazaar, near Cakes and Bakes, Block H-3 Block H 3 Phase 2 Johar Town, Lahore, Pakistan, Allama Iqbal","Allama Iqbal","03000472180","https://www.google.com/maps?q=31.4701360,74.2600670"
"2882","Sadaqat kite house","Kite Flying - Seller","H8MM+HV7, Misri Shah, Lahore, 54000, Pakistan, Ravi Town","Ravi Town","03074846115","https://www.google.com/maps?q=31.5838270,74.3345680"
"2883","kite selling","Kite Flying - Seller","G7JX+P7M, Samanabad Town, Lahore, 54000, Pakistan, Lahore City","Lahore City","03219000684","https://www.google.com/maps?q=31.5316300,74.2984900"
"2884","Yousaf kite house","Kite Flying - Trader","18, Gulshan Block Allama Iqbal Town, Lahore, 54000, Pakistan, Model Town","Model Town","03214040886","https://www.google.com/maps?q=31.5176380,74.2931990"
"2885","PEHCHAN KITES","Kite Flying - Seller","SUNDAR ROAD NEAR AL HABIB HOSIPITAL, Raiwind","Raiwind","03015400275","https://www.google.com/maps?q=31.3039280,74.2259500"
"2886","PARACHA kite Making","Kite Flying - Trader","Bazaar Laal khoh، inside Mochi Gate، Kucha Chagtah Walled City of Lahore, Lahore, 54000, Pakistan, Lahore City","Lahore City","03234243897","https://www.google.com/maps?q=31.5777730,74.3220350"
"2887","Electriction","Kite Flying - Seller","Punj Peer Rd, Rasool Park, Lahore, 54000, Pakistan, Model Town","Model Town","03214808042","https://www.google.com/maps?q=31.5376830,74.3108070"
"2888","TJ kite","Kite Flying - Manufacturer","FC5Q+XGJ, Bedian Rd, Lidher, Pakistan, Lahore Saddar","Lahore Saddar","03044517277","https://www.google.com/maps?q=31.4605980,74.4395610"
"2889","Smart Kites","Kite Flying - Seller","H7CX+27P, Dev Samaj Road, Sant Nagar St Nagar, Lahore, 54000, Pakistan, Lahore City","Lahore City","03134660522","https://www.google.com/maps?q=31.5701310,74.2980300"
"2890","Butt kite seller","Kite Flying - Seller","H9MC+5CC, Ahsan Road, Baghbanpura, Lahore, 54000, Pakistan, Shalimar Town","Shalimar Town","03204677221","https://www.google.com/maps?q=31.5829320,74.3710070"
"2891","Ramzan Kites","Kite Flying - Manufacturer","HGP2+J8X, GT RD-Burki Rd Link, Khaira, Lahore, Pakistan, Wahgah Town","Wahgah Town","03215590386","https://www.google.com/maps?q=31.5862480,74.5004000"
"2892","Kite flying 🪽","Kite Flying - Seller","HC2F+X3R, Hussain Rd, Aziz Bhatti Town, Lahore, Pakistan, Shalimar Town","Shalimar Town","03274512774","https://www.google.com/maps?q=31.5526430,74.4225940"
"2893","kite seller","Kite Flying - Seller","Mian meer coloni street number 9 house number 34/2, Lahore Cantt","Lahore Cantt","03230143472","https://www.google.com/maps?q=31.5439210,74.3623230"
"2894","Al Ghous PAN SHOP","Kite Flying - Seller","24d Bahar Shah Rd, Al-Faisal Town, Lahore, Pakistan, Shalimar Town","Shalimar Town","03209452726","https://www.google.com/maps?q=31.5471030,74.4056470"
"2895","Asif Kite Seller","Kite Flying - Seller","H7QX+2QR, Karim Park Lahore, Pakistan, Lahore City","Lahore City","03154829077","https://www.google.com/maps?q=31.5874780,74.2993570"
"2896","As kite Maker","Kite Flying - Manufacturer","J76F+C76, Bara Dari Rd, Taragarh Shahdara Town, Shahdara, Pakistan, Ravi Town","Ravi Town","03154158420","https://www.google.com/maps?q=31.6111050,74.2731360"
"2897","Khalid Butt Genral Store","Kite Flying - Seller","F86R+CHM, Qainchee Bazar Rd, Ismail Nagar, Lahore, Pakistan, Model Town","Model Town","03024400078","https://www.google.com/maps?q=31.4613190,74.3413170"
"2898","HAMZA STATIONARY","Kite Flying - Seller","G7R9+83Q, Main Bazar Babu Sabu Rd, Babu Sabu Lahore, 54000, Pakistan, Lahore City","Lahore City","03261144192","https://www.google.com/maps?q=31.5408520,74.2677370"
"2899","Rumi Kite Seller","Kite Flying - Seller","Street 7, Mohni Road Bilal Ganj, Lahore City","Lahore City","03234573721, 03214683079","https://www.google.com/maps?q=31.5846680,74.3038260"
"2900","Hameed Kite Maker 🪁","Kite Flying - Seller","H8X2+VV5, Timber Market Rd, Timber Market Lahore, Pakistan, Ravi Town","Ravi Town","03049964011","https://www.google.com/maps?q=31.5996450,74.3021670"
"2901","J A Enterprise","Kite Flying - Manufacturer","34 Ravi Rd, Ravi Park, Lahore, Pakistan, Lahore City","Lahore City","03228096230","https://www.google.com/maps?q=31.5934490,74.3032200"
"2902","Ilyas Kites","Kite Flying - Seller","HCPJ+JC8, Rajba Rd, Wara Sittar Lahore, Pakistan, Shalimar Town","Shalimar Town","03177313454","https://www.google.com/maps?q=31.5866070,74.4310050"
"2903","Fine textile","Kite Flying - Manufacturer","Plot 12, Township Block 2 Sector A 2 Lahore, Pakistan, Model Town","Model Town","03356171703","https://www.google.com/maps?q=31.4545360,74.3126070"
"2904","Waleed & Sons Kites Traders Badrabad Lahore","Kite Flying - Seller","F94C+9VW, Mayo Street, Bahadrabad, Lahore, Pakistan, Nishter Town","Nishter Town","03216598376","https://www.google.com/maps?q=31.4560230,74.3722370"
"2905","Akbar Kite Seller","Kite Flying - Seller","H75M+6G5, Rehmtullah, Sanda Lahore, 54000, Pakistan, Lahore City","Lahore City","03297296772","https://www.google.com/maps?q=31.5582800,74.2835540"
"2906","Kamran Kites makers","Kite Flying - Manufacturer","G9X5+5RG, Umar Colony, Lahore, Pakistan, Lahore Cantt","Lahore Cantt","03007819935","https://www.google.com/maps?q=31.5511180,74.3610340"
"2907","Fine textile","Kite Flying - Seller","Plot 392, Township Block 2 Sector A 2 Lahore, Pakistan, Model Town","Model Town","03356171703","https://www.google.com/maps?q=31.4545380,74.3126510"
"2908","Metro Lahore Kites","Kite Flying - Seller","A-4/17 , H-Commercial, Block H Valencia, Lahore, Pakistan, Nishter Town","Nishter Town","03245944337","https://www.google.com/maps?q=31.4026620,74.2581770"
"2909","Furqan Trader","Kite Flying - Seller","G8Q9+W6F, Shama Road, Ichhra Lahore, 54000, Pakistan, Model Town","Model Town","03054007186","https://www.google.com/maps?q=31.5398190,74.3180760"
"2910","Naveedbutt jernal store","Kite Flying - Seller","no 1 Akbar Shaheed Rd, Kot Lakhpat, Lahore, Pakistan, Model Town","Model Town","03086005620","https://www.google.com/maps?q=31.4591570,74.3339320"
"2911","BM Traders","Kite Flying - Seller","C9C8+M4G, Nishter Colony, Lahore, Pakistan, Nishter Town","Nishter Town","03047861218","https://www.google.com/maps?q=31.4216790,74.3650870"
"2912","Shahzaib kite seller","Kite Flying - Seller","G8W4+W3H, Fasih Rd, Islamia Park, Lahore, 54000, Pakistan, Lahore City","Lahore City","03044905267","https://www.google.com/maps?q=31.5472120,74.3053510"
"2913","Zubi kites","Kite Flying - Seller","Street 1 House 70G, Model Colony Lahore, Pakistan, Model Town","Model Town","03238440738","https://www.google.com/maps?q=31.4994400,74.3468790"
"2914","Ali Kites Point","Kite Flying - Seller","H7FX+6V3, Sant Nagar St Nagar, Lahore, 54000, Pakistan, Lahore City","Lahore City","03289569671","https://www.google.com/maps?q=31.5730590,74.2997190"
"2915","Zain Store","Kite Flying - Seller","H9CH+Q86, Daras Rd, Shalimar Larechs Colony, Lahore, 54000, Pakistan, Shalimar Town","Shalimar Town","03234315646","https://www.google.com/maps?q=31.5718710,74.3782740"
"2916","Wajid Kites Store","Kite Flying - Seller","H8X4+VV8, Qila Lachman Singh, Lahore, Pakistan, Ravi Town","Ravi Town","03116527378","https://www.google.com/maps?q=31.5997230,74.3073490"
"2917","Elite kites","Kite Flying - Manufacturer","Plot 45, Sabzazar Block C Sabzazar Housing Scheme Phase 1 & 2 Lahore, 54000, Pakistan, Lahore City","Lahore City","03227179754","https://www.google.com/maps?q=31.5255650,74.2671740"
"2918","Shine ware","Kite Flying - Seller","65, Commercial Area Block B Pak-Arab Housing Scheme, Lahore, 54000, Pakistan, Nishter Town","Nishter Town","03254937256","https://www.google.com/maps?q=31.4320530,74.3509400"
"2919","Ali bhai kite","Kite Flying - Seller","G8J9+G73, Ichhra Shah Din Scheme Lahore, 54000, Pakistan, Model Town","Model Town","03214057037","https://www.google.com/maps?q=31.5313210,74.3182040"
"2920","AS kites","Kite Flying - Manufacturer","F8CR+78J, Bahar Colony Lahore, Pakistan, Model Town","Model Town","03234145590","https://www.google.com/maps?q=31.4707290,74.3405850"
"2921","Awan Mobiles and Accessories","Kite Flying - Seller","CFPW+WM3, Karbath, Lahore, Pakistan, Lahore Saddar","Lahore Saddar","03274360560","https://www.google.com/maps?q=31.4372610,74.4966740"
"2922","Ahmed oil point","Kite Flying - Seller","422, Pak Block Allama Iqbal Town, Lahore, 54000, Pakistan, Model Town","Model Town","03234311110","https://www.google.com/maps?q=31.5189440,74.2988270"
"2923","Umair Kite House","Kite Flying - Seller","H939+RGW, Street Number 10, Canal Colony Dharampura, Lahore, Pakistan, Lahore Cantt","Lahore Cantt","03224920419","https://www.google.com/maps?q=31.5544970,74.3689600"
"2924","Fly High Kites","Kite Flying - Trader","G74P+799, Raza Block Allama Iqbal Town, Lahore, Pakistan, Model Town","Model Town","03055712007","https://www.google.com/maps?q=31.5056470,74.2862590"
"2925","Akram Kite Maker","Kite Flying - Manufacturer","HC82+W7Q, Manāwān Manawan, Lahore, Pakistan, Shalimar Town","Shalimar Town","03229851089","https://www.google.com/maps?q=31.5673380,74.4007340"
"2926","Sardar ali makers","Kite Flying - Manufacturer","HC9C+7GC, Taj Bagh Scheme, Lahore, Pakistan, Shalimar Town","Shalimar Town","03011516642","https://www.google.com/maps?q=31.5678980,74.4213280"
"2927","Kite Passion","Kite Flying - Manufacturer","13 Mola Baksh Rd, Mozang Chungi, Lahore, 54000, Pakistan, Lahore City","Lahore City","03344244330","https://www.google.com/maps?q=31.5569910,74.3136060"
"2928","Awais kite house","Kite Flying - Seller","G747+PW5, Multan Rd, Awan Town, Lahore, Pakistan, Lahore City","Lahore City","03004315839","https://www.google.com/maps?q=31.5068930,74.2644700"
"2929","MS kites","Kite Flying - Seller","Plot 202, Block B Gulshan-e-Ravi, Lahore, 54000, Pakistan, Lahore City","Lahore City","03084189879","https://www.google.com/maps?q=31.5530210,74.2881090"
"2930","Azan- Kites","Kite Flying - Manufacturer","CF4F+MG Lahore, Pakistan, Lahore Saddar","Lahore Saddar","03070736702","https://www.google.com/maps?q=31.4066780,74.4737970"
"2931","Safrish kites","Kite Flying - Seller","F7HX+4GP, Board of Revenue Housing Society BOR Society, Lahore, Pakistan, Model Town","Model Town","03009444401","https://www.google.com/maps?q=31.4778290,74.2988770"
"2932","Rana Anwar kite store","Kite Flying - Seller","10-11 Gurumangat Rd, Gurumangat Gulberg III, Lahore, Pakistan, Lahore Cantt","Lahore Cantt","03070491130","https://www.google.com/maps?q=31.5154820,74.3590270"
"2933","Eesa Traders","Kite Flying - Seller","H75Q+JJW, Dilkusha Park Lahore, 54000, Pakistan, Lahore City","Lahore City","03344006424","https://www.google.com/maps?q=31.5593500,74.2887390"
"2934","Noshahi kite manufacturers","Kite Flying - Manufacturer","JF33+993, Mian Awais Rd, Rasoolpura Pind, Lahore, Pakistan, Wahgah Town","Wahgah Town","03224222710","https://www.google.com/maps?q=31.6033500,74.4534040"
"2935","Mian kites","Kite Flying - Seller","C9G6+2F8, Service Road, Sufiabad Lahore, Pakistan, Nishter Town","Nishter Town","03087909698","https://www.google.com/maps?q=31.4251820,74.3611350"
"2936","Tahir Associates","Kite Flying - Seller","G867+J92, Block A Muslim Town, Lahore, Pakistan, Model Town","Model Town","03214193135","https://www.google.com/maps?q=31.5114150,74.3135500"
"2937","Sheikh imran rent a car","Kite Flying - Seller","SD-310, St. 13-B 22, Askari V Askari 5, Lahore, 54660, Pakistan, Model Town","Model Town","03224403005","https://www.google.com/maps?q=31.4543240,74.3658070"
"2938","Al-Rehmat kite shop","Kite Flying - Seller","Plot 49, Nargis Block Allama Iqbal Town, Lahore, 54000, Pakistan, Model Town","Model Town","03161407270","https://www.google.com/maps?q=31.5146420,74.2817440"
"2939","M.madina Trader","Kite Flying - Manufacturer","3 Grand Trunk Rd, Shahdara Town, Shahdara, Pakistan, Ravi Town","Ravi Town","03034685217","https://www.google.com/maps?q=31.6162950,74.2884590"
"2940","Kite Shop","Kite Flying - Seller","H93X+MX8, Main Bazar Nizamabad, Ghaziabad, Lahore, Pakistan, Shalimar Town","Shalimar Town","03234519848","https://www.google.com/maps?q=31.5541320,74.3999170"
"2941","Khan jee cold corner","Kite Flying - Seller","H7CX+96J, Sant Nagar St Nagar, Lahore, 54000, Pakistan, Lahore City","Lahore City","03234762175","https://www.google.com/maps?q=31.5710190,74.2978490"
"2942","RJ seller","Kite Flying - Seller","J8R4+V7F, Road, Shahdara Town, Lahore, Pakistan, Ravi Town","Ravi Town","03131625151","https://www.google.com/maps?q=31.6422060,74.3056820"
"2943","RA kites","Kite Flying - Manufacturer","C976+3MC, J Block Youhanabad, Lahore, Pakistan, Nishter Town","Nishter Town","03078754396","https://www.google.com/maps?q=31.4126460,74.3613210"
"2944","Ali Lahorei Kikes","Kite Flying - Seller","Plot 338, F Block Block F Gulshan-e-Ravi, Lahore, 54000, Pakistan, Lahore City","Lahore City","03420440109","https://www.google.com/maps?q=31.5477670,74.2814710"
"2945","Aa kites","Kite Flying - Seller","H7CQ+3PV, St Nagar, Lahore, 54000, Pakistan, Lahore City","Lahore City","03034336493","https://www.google.com/maps?q=31.5703500,74.2891540"
"2946","black bird kites","Kite Flying - Seller","Street No 22 Ghoray Shah Rd, Shahdara Town, Lahore, 54950, Pakistan, Ravi Town","Ravi Town","03224741397","https://www.google.com/maps?q=31.6274250,74.3052480"
"2947","Sultan Ahmad Basant Kite Seller & Manufacture","Kite Flying - Manufacturer","F7W5+MV5, Cinema wali St, Maraghzar Colony Kakazai, Lahore, Pakistan, Allama Iqbal","Allama Iqbal","03212966760","https://www.google.com/maps?q=31.4967540,74.2599100"
"2948","Az square","Kite Flying - Trader","17 Kacha Hall Rd, Garhi Shahu, Lahore, 54000, Pakistan, Lahore City","Lahore City","03260481466","https://www.google.com/maps?q=31.5636540,74.3187760"
"2949","Irfan kite Making","Kite Flying - Manufacturer","H9CW+24C, Nabi Pura Lahore, Pakistan, Shalimar Town","Shalimar Town","03214854507","https://www.google.com/maps?q=31.5700710,74.3952840"
"2950","SS Dore","Kite Flying - Manufacturer","H77M+XFP, Muslim Road, Sanda Khurd Lahore, 54000, Pakistan, Lahore City","Lahore City","03229434586","https://www.google.com/maps?q=31.5648560,74.2839790"
"2951","Fabricon Engineering","Kite Flying - Seller","87W5+QG Lahore, Pakistan, Raiwind","Raiwind","03154294071","https://www.google.com/maps?q=31.3469670,74.2587800"
"2952","Nawab Sons","Kite Flying - Seller","G93V+MC Lahore, Pakistan, Lahore Cantt","Lahore Cantt","03134626356","https://www.google.com/maps?q=31.5042090,74.3935910"
"2953","Sohail guddi frosh","Kite Flying - Manufacturer","Plot No, 182 St 6, near Cavalry Ground, Zaman Colony Cavalry Ground, Lahore, Pakistan, Lahore Cantt","Lahore Cantt","03228030096","https://www.google.com/maps?q=31.4966310,74.3699490"
"2954","Kite Seller","Kite Flying - Seller","H8CM+JWW, Garhi Shahu, Lahore, 54000, Pakistan, Shalimar Town","Shalimar Town","03004272513","https://www.google.com/maps?q=31.5715590,74.3347550"
"2955","M.A kite's","Kite Flying - Seller","5.13.b1, Al-Madina Road. Cool rays Lahore, 54770, Pakistan, Model Town","Model Town","03344117343","https://www.google.com/maps?q=31.4598680,74.3088040"
"2956","Hafiz kite Saler","Kite Flying - Seller","H8VW+5C4, Imam Ghazali Rd, Issa Nagri Chah Miran, Lahore, Pakistan, Ravi Town","Ravi Town","03270453449","https://www.google.com/maps?q=31.5929320,74.3461160"
"2957","Malik sports","Kite Flying - Trader","32 Multan Rd, Block B New Chauburji Park, Lahore, 54000, Pakistan, Lahore City","Lahore City","03006694234","https://www.google.com/maps?q=31.5523730,74.3023410"
"2958","Zaid general store","Kite Flying - Manufacturer","785, Fazlia Colony Lahore, 54000, Pakistan, Model Town","Model Town","03034099147","https://www.google.com/maps?q=31.5255960,74.3270470"
"2959","Kite mastero","Kite Flying - Manufacturer","132 Al Hamd Road, Al-Hamd Park Block N Marghzar Housing Scheme, Lahore, Pakistan, Allama Iqbal","Allama Iqbal","03051931947, 03251522252","https://www.google.com/maps?q=31.5005250,74.2573250"
"2960","M Massod Stationers","Kite Flying - Seller","76 Township Block 1 Twp Sector C 1 Lahore, 54600, Pakistan, Model Town","Model Town","03359959697","https://www.google.com/maps?q=31.4444130,74.2973360"
"2961","Rafiq son's","Kite Flying - Manufacturer","GCXG+QJ6, Aziz Bhatti Town, Lahore, Pakistan, Lahore Saddar","Lahore Saddar","03219484049","https://www.google.com/maps?q=31.5493560,74.4264080"
"2962","Sunny Kite Maker","Kite Flying - Seller","Shop No. E-14/55, Near Khurram General Store, Sajan Chowk, Mariam Nishat Colony Lahore, Pakistan, Lahore Cantt","Lahore Cantt","03160141415","https://www.google.com/maps?q=31.4907610,74.3920630"
"2963","5Tan Traders","Kite Flying - Seller","HCC3+9J7, Gulshan Park Rd, Fateh Garh Fatehgarh, Lahore, Pakistan, Shalimar Town","Shalimar Town","03226421650","https://www.google.com/maps?q=31.5709670,74.4040670"
"2964","Adnan Kite Saller","Kite Flying - Seller","H857+FFC, Mozang Main Bazar, Mozang Chungi, Lahore, 54000, Pakistan, Lahore City","Lahore City","03304247607","https://www.google.com/maps?q=31.5559310,74.3140290"
"2965","qm kites","Kite Flying - Manufacturer","38 B Ravi Clifton St, cliften colony, Shahdara, Pakistan, Ravi Town","Ravi Town","03097921664","https://www.google.com/maps?q=31.6190790,74.3008050"
"2966","Umair Merry","Kite Flying - Manufacturer","Plot 224, Sabzazar Block Q Sabzazar Housing Scheme Phase 1 & 2 Lahore, Pakistan, Lahore City","Lahore City","03334044050","https://www.google.com/maps?q=31.5176180,74.2623140"
"2967","Ahmad Khan Traders","Kite Flying - Manufacturer","House No 61 A street #61 Near Iqbal Journal store almadad Pak colony Ravi road lahore, Ravi Town","Ravi Town","03217946508, 03008081708","https://www.google.com/maps?q=31.5994630,74.2981460"
"2968","R W Traders","Kite Flying - Trader","H9M2+P6W, Ghoray Shah Chah Miran, Lahore, Pakistan, Shalimar Town","Shalimar Town","03004824417","https://www.google.com/maps?q=31.5845280,74.3507660"
"2969","SK Traders","Kite Flying - Seller","H9WF+4M4, Gujjarpura, Lahore, Pakistan, Shalimar Town","Shalimar Town","03441356089","https://www.google.com/maps?q=31.5951350,74.3743400"
"2970","Waqas Traders","Kite Flying - Seller","HC62+892, Tajpura, Lahore, Pakistan, Shalimar Town","Shalimar Town","03231456765","https://www.google.com/maps?q=31.5608420,74.4008940"
"2971","Azan","Kite Flying - Manufacturer","J7MJ+QHV, Shahdara Town, Shahdara, Pakistan, Ravi Town","Ravi Town","03248691938","https://www.google.com/maps?q=31.6345340,74.2810970"
"2972","Haider Kit","Kite Flying - Manufacturer","J8J6+VFH, Jada Rd, Shahdara Town, Lahore, Pakistan, Ravi Town","Ravi Town","03021417647","https://www.google.com/maps?q=31.6322340,74.3111610"
"2973","Mattu Kites","Kite Flying - Seller","C968+P8F, Youhanabad, Lahore, Pakistan, Nishter Town","Nishter Town","03174352133","https://www.google.com/maps?q=31.4118970,74.3657880"
"2974","Ammar Kite Flying","Kite Flying - Manufacturer","Bazaar Laal khoh، inside Mochi Gate، Kucha Chagtah Walled City of Lahore, Lahore, 54000, Pakistan, Lahore City","Lahore City","03078826698","https://www.google.com/maps?q=31.5777730,74.3220350"
"2975","Basanti","Kite Flying - Seller","206 Street Number 10, Askari IX Block B Askari 9, Lahore, Pakistan, Lahore Cantt","Lahore Cantt","03048806596","https://www.google.com/maps?q=31.5486920,74.3928590"
"2976","Rehman Kite House","Kite Flying - Seller","G79H+75R, Multan Rd, Sabzazar Block A Sabzazar Housing Scheme Phase 1 & 2 Lahore, 54000, Pakistan, Lahore City","Lahore City","03234019885","https://www.google.com/maps?q=31.5181710,74.2780770"
"2977","King Kites","Kite Flying - Seller","22a Nain Sukh Rd, Naain Sukh, Lahore, 54000, Pakistan, Ravi Town","Ravi Town","03259720025","https://www.google.com/maps?q=31.6023740,74.2454080"
"2978","EM Traders","Kite Flying - Trader","Plot 59, Township Block 2 Sector D1 Lahore, Pakistan, Model Town","Model Town","03008447415","https://www.google.com/maps?q=31.4442880,74.3085400"
"2979","Waqas Mobile and Gift Shop","Kite Flying - Seller","GCVC+X23, Zarrar Shaheed Rd, Guldasht Town, Lahore, Pakistan, Shalimar Town","Shalimar Town","03234195789","https://www.google.com/maps?q=31.5448850,74.4200400"
"2980","Ik Kite Maker","Kite Flying - Seller","H8MV+RF5, Nisbat Rd, Sultan Pura Mohalla Sadaat Misri Shah, Lahore, Pakistan, Ravi Town","Ravi Town","03364421663","https://www.google.com/maps?q=31.5846700,74.3442180"
"2981","Golden Kite Seller","Kite Flying - Manufacturer","G9Q6+2PX, Mian Mir Rd, Mian Mir Colony Saddar Town, Lahore, Pakistan, Lahore Cantt","Lahore Cantt","03014009779","https://www.google.com/maps?q=31.5375290,74.3615650"
"2982","Mudasir Toys Crocry & Gift Center","Kite Flying - Seller","HCC4+G9G, Fateh Garh Main Bazar Rd, Fateh Garh Fatehgarh, Lahore, Pakistan, Shalimar Town","Shalimar Town","03021092177","https://www.google.com/maps?q=31.5713070,74.4059080"
"2983","Haji goga kulla house","Kite Flying - Seller","158-b Androon Shahalmi, Shah Alam Mohalla Bela Nawab Sahib Walled City of Lahore, Lahore, 54000, Pakistan, Lahore City","Lahore City","03394005203","https://www.google.com/maps?q=31.5798890,74.3190440"
"2984","AL Rehman Evolution","Kite Flying - Seller","J7FM+2JC, Aqsa Rd, Shahdara Town, Shahdara, Pakistan, Ravi Town","Ravi Town","03216104882","https://www.google.com/maps?q=31.6225920,74.2840370"
"2985","Usama scrape dealer and commission agent","Kite Flying - Seller","J82G+MWR, Khokhar Rd, Badami Bagh, Lahore, Pakistan, Ravi Town","Ravi Town","03406740144","https://www.google.com/maps?q=31.6019520,74.3269050"
"2986","Bhatti Kites Shop","Kite Flying - Seller","H7QX+PV4, Karim Park Lahore, Pakistan, Lahore City","Lahore City","03034814386","https://www.google.com/maps?q=31.5892570,74.2995700"
"2987","J A Enterprise","Kite Flying - Manufacturer","J822+QJR, Ravi Rd, Badami Bagh, Lahore, 4220218, Pakistan, Ravi Town","Ravi Town","03228096230","https://www.google.com/maps?q=31.6020520,74.3012400"
"2988","Ansari Mobile Shop","Kite Flying - Seller","C67J+C4W, Dubai Town Lahore, Pakistan, Allama Iqbal","Allama Iqbal","03001414586","https://www.google.com/maps?q=31.4136280,74.2303570"
"2989","Sabir Shah manufacturing centre","Kite Flying - Manufacturer","47 مغلپورہ روڈ، Larechs Colony Mughalpura, Lahore, 54000, Pakistan, Shalimar Town","Shalimar Town","03228089996","https://www.google.com/maps?q=31.5650120,74.3541520"
"2990","Khan kite House","Kite Flying - Seller","H72H+2XH, ‏Main Blvd Gulshan-e-Ravi, F Block Block F Gulshan-e-Ravi, Lahore, 54500, Pakistan, Lahore City","Lahore City","03045537770","https://www.google.com/maps?q=31.5500720,74.2799720"
"2991","Sikander Kite Maker","Kite Flying - Manufacturer","F87G+5H7, Main Bazaar Pindi Rajputan, Pindi Rajputan Kot Lakhpat, Lahore, Pakistan, Model Town","Model Town","03264516292","https://www.google.com/maps?q=31.4629890,74.3263590"
"2992","Sheikh official kites saler","Kite Flying - Seller","H9RW+4RC, Sher Shah Rd, Daroghe Wala, Lahore, 54000, Pakistan, Shalimar Town","Shalimar Town","03355779776","https://www.google.com/maps?q=31.5905100,74.3970820"
"2993","Ali Ahmad Kite Seller","Kite Flying - Seller","FC8P+V54, Sector A DHA Phase 6, Lahore, Pakistan, Lahore Saddar","Lahore Saddar","03024652953","https://www.google.com/maps?q=31.4675470,74.4356570"
"2994","Imran Kite House","Kite Flying - Manufacturer","H8VQ+QH8, Shadbagh Rd, Shad Bagh, Lahore, Pakistan, Ravi Town","Ravi Town","03701406871","https://www.google.com/maps?q=31.5944420,74.3389350"
"2995","Junaid kite house","Kite Flying - Seller","C9QQ+W9P, Kamahan - Lidher Rd, State Life Phase 1 Madina Chowk, Lahore, Pakistan, Nishter Town","Nishter Town","03074055990","https://www.google.com/maps?q=31.4398470,74.3880010"
"2996","Sohail kite","Kite Flying - Seller","H9QV+24C, 5 Street No. 6, Daroghe Wala, Lahore, 54000, Pakistan, Shalimar Town","Shalimar Town","03236229179","https://www.google.com/maps?q=31.5880550,74.3937140"
"2997","Ali Ahmad Kite Manufacturer","Kite Flying - Manufacturer","123, Sector X DHA Phase 8, Lahore, Pakistan, Lahore Saddar","Lahore Saddar","03024652953","https://www.google.com/maps?q=31.4708620,74.4368990"
"2998","Dammi kite saler","Kite Flying - Seller","HC84+QWP, Noori Darbar Rd, Ghazi Pul Muslimabad Tajpura, Lahore, Pakistan, Shalimar Town","Shalimar Town","03217246308","https://www.google.com/maps?q=31.5669990,74.4072550"
"2999","Sikander Kite Saller","Kite Flying - Seller","F87G+5H7, Main Bazaar Pindi Rajputan, Pindi Rajputan Kot Lakhpat, Lahore, Pakistan, Model Town","Model Town","03264516292","https://www.google.com/maps?q=31.4629890,74.3263590"
"3000","Abdul Haq & Sons","Kite Flying - Trader","C8X5+225, Township Block 3 Twp Commercial Area Lahore, Pakistan, Model Town","Model Town","03456299293","https://www.google.com/maps?q=31.4477030,74.3077470"
"3001","Butt Kite House","Kite Flying - Seller","9988+6PH, Service Road, Kahna Nau, Kahna, Pakistan, Nishter Town","Nishter Town","03298405216","https://www.google.com/maps?q=31.3655840,74.3668630"
"3002","Rana Enterprises","Kite Flying - Manufacturer","H8JR+PH3, Sultan Pura Sultanpura Misri Shah, Lahore, Pakistan, Ravi Town","Ravi Town","03224876414","https://www.google.com/maps?q=31.5816860,74.3414100"
"3003","Musa Internet","Kite Flying - Seller","H8X3+C7C, Qila Lachman Singh, Lahore, Pakistan, Lahore City","Lahore City","03117000365","https://www.google.com/maps?q=31.5985680,74.3032840"
"3004","U1 KITES","Kite Flying - Trader","J8G3+755, Shahdara Town, Lahore, Pakistan, Ravi Town","Ravi Town","03060421990","https://www.google.com/maps?q=31.6255310,74.3028860"
"3005","Dollar one","Kite Flying - Seller","240 Gurumangat Rd, Block A3 Block A 3 Gulberg III, Lahore, Pakistan, Lahore Cantt","Lahore Cantt","03140376234","https://www.google.com/maps?q=31.5024190,74.3569680"
"3006","National trader's","Kite Flying - Trader","56N Gurumangat Rd, Block S Gulberg 2, Lahore, 39600, Pakistan, Lahore Cantt","Lahore Cantt","03228013018","https://www.google.com/maps?q=31.5192480,74.3592150"
"3007","Imran Kite House","Kite Flying - Seller","H8VQ+QH8, Shadbagh Rd, Shad Bagh, Lahore, Pakistan, Ravi Town","Ravi Town","03701406871","https://www.google.com/maps?q=31.5944420,74.3389350"
"3008","Ak kite","Kite Flying - Seller","F64X+777, Block B Nawab Town, Lahore, Pakistan, Allama Iqbal","Allama Iqbal","03228567515, 03238427866","https://www.google.com/maps?q=31.4556050,74.2482010"
"3009","Shahzad Sadiq Kite House.","Kite Flying - Manufacturer","F994+C64, Street 7, Amar Sidhu Nishtar Town, Lahore, Pakistan, Model Town","Model Town","03054000776","https://www.google.com/maps?q=31.4691000,74.3560100"
"3010","Zain kite trader","Kite Flying - Seller","324, Hunza Block Allama Iqbal Town, Lahore, 54000, Pakistan, Model Town","Model Town","03247548124","https://www.google.com/maps?q=31.5142380,74.2934710"
"3011","Qr ASSOCIATES Kite","Kite Flying - Trader","Childern Ward, Anarkali Bazaar Lahore, 54000, Pakistan, Lahore City","Lahore City","03224506406","https://www.google.com/maps?q=31.5693320,74.3169510"
"3012","BASANT KITES STORE","Kite Flying - Seller","H7CM+GRM, St Nagar, Lahore, 54000, Pakistan, Lahore City","Lahore City","03454309814","https://www.google.com/maps?q=31.5715130,74.2847900"
"3013","Subhan Kite Shop","Kite Flying - Seller","H7QX+HGM, Karim Park Lahore, Pakistan, Lahore City","Lahore City","03228051624","https://www.google.com/maps?q=31.5889890,74.2987910"
"3014","Shahzad Sadiq Kite Flying - Seller","Kite Flying - Seller","F994+C64, Street 7, Amar Sidhu Nishtar Town, Lahore, Pakistan, Model Town","Model Town","03054000776","https://www.google.com/maps?q=31.4691000,74.3560100"
"3015","Mughal Kite House","Kite Flying - Seller","Al-Kareem Chowk, Haider Road, Township Block 2 Sector A 2 Lahore, Pakistan, Model Town","Model Town","03114098535","https://www.google.com/maps?q=31.4564190,74.3139780"
"3016","HB KING KITES","Kite Flying - Manufacturer","J7HP+CVR, Daulot Khan Rd, Shahdara Town, Lahore, Pakistan, Ravi Town","Ravi Town","03004942430","https://www.google.com/maps?q=31.6286020,74.2872290"
"3017","SHAHBAZ GROCERY MART","Kite Flying - Seller","F8CQ+C3X, Bishop Rd Bahar Colony, Bahar Colony Lahore, Pakistan, Model Town","Model Town","03004856079","https://www.google.com/maps?q=31.4707570,74.3374860"
"3018","Abid Traders","Kite Flying - Manufacturer","House # 29 sarai ratan chan main shahalam chowk lahore, Lahore City","Lahore City","03244413170","https://www.google.com/maps?q=31.5795870,74.3183650"
"3019","MALIK kite","Kite Flying - Seller","Shop#2 Al-Mumtaz Rd, near buns road station, Samanabad Town, Lahore, 54000, Pakistan, Lahore City","Lahore City","03236284281","https://www.google.com/maps?q=31.5304970,74.2925830"
"3020","Zunair kites","Kite Flying - Seller","58A Street 40, Taj park Rajgarh, Lahore, 54000, Pakistan, Lahore City","Lahore City","03017478899","https://www.google.com/maps?q=31.5574520,74.2903480"
"3021","Jibran kite maker","Kite Flying - Manufacturer","73 Shadi road, Siraj Pura Daroghe Wala, Lahore, Pakistan, Shalimar Town","Shalimar Town","03200149717","https://www.google.com/maps?q=31.5958540,74.4005300"
"3022","Naseer Kite Cub","Kite Flying - Manufacturer","H9HV+6GV, Nabi Pura, Lahore, Pakistan, Shalimar Town","Shalimar Town","03230424542","https://www.google.com/maps?q=31.5780970,74.3937470"
"3023","Usman kites","Kite Flying - Manufacturer","G8H6+4FP, Maqbool Rd, New Shah Kamal Colony Combo Colony, Lahore, 54000, Pakistan, Model Town","Model Town","03124368670","https://www.google.com/maps?q=31.5279040,74.3112310"
"3024","imtiaz overlock","Kite Flying - Seller","Plot 195, Township Block 5 Sector D1 Lahore, Pakistan, Model Town","Model Town","03224717480","https://www.google.com/maps?q=31.4394190,74.3117720"
"3025","Ali Ge kite","Kite Flying - Manufacturer","J7VJ+4XG, Faisal Park Rd, Imamia Colony Shahdara Town, Ferozewala, Pakistan, Ravi Town","Ravi Town","03444111456","https://www.google.com/maps?q=31.6428090,74.2820960"
"3026","Mian kites","Kite Flying - Manufacturer","C9G6+9GH, Musa St, Sufiabad, Lahore, Pakistan, Nishter Town","Nishter Town","03087909698","https://www.google.com/maps?q=31.4256420,74.3612650"
"3027","Malik medical nd general store","Kite Flying - Seller","FCP8+6HQ, Phase 1 Cantt View Housing Scheme, Lahore, Pakistan, Lahore Cantt","Lahore Cantt","03214761882","https://www.google.com/maps?q=31.4854980,74.4164540"
"3028","Waqas kite House","Kite Flying - Seller","C9QR+V77, Kamahan - Lidher Rd, State Life Phase 1 State Life, Lahore, Pakistan, Nishter Town","Nishter Town","03060088030","https://www.google.com/maps?q=31.4390260,74.3906240"
"3029","FAIZAN KITES","Kite Flying - Seller","1246 Sagar Rd, Bangali Mohalla Saddar Cantt, Lahore, Pakistan, Lahore Cantt","Lahore Cantt","03244296123","https://www.google.com/maps?q=31.5484940,74.3816730"
"3030","Ahmed kite manufacturer","Kite Flying - Manufacturer","C9VQ+RWX, State Life Phase 1 Bankers Town, Lahore, Pakistan, Nishter Town","Nishter Town","03184525437","https://www.google.com/maps?q=31.4448160,74.3897760"
"3031","Mian Nouman Kite House","Kite Flying - Seller","H8QW+H88, Makhan Pura Chah Miran, Lahore, Pakistan, Ravi Town","Ravi Town","03224767473","https://www.google.com/maps?q=31.5890080,74.3461240"
"3032","Mian sehriyar kite","Kite Flying - Seller","HC82+86C, Ghazi Pul Muslimabad Tajpura, Lahore, Pakistan, Shalimar Town","Shalimar Town","03056222011","https://www.google.com/maps?q=31.5658440,74.4005670"
"3033","Azeem Kite House","Kite Flying - Manufacturer","H8VQ+QH8, Shadbagh Rd, Shad Bagh, Lahore, Pakistan, Ravi Town","Ravi Town","03074723599","https://www.google.com/maps?q=31.5944420,74.3389350"
"3034","Fabricon Engineering","Kite Flying - Trader","87W5+QG Lahore, Pakistan, Raiwind","Raiwind","03154294071","https://www.google.com/maps?q=31.3469670,74.2587800"
"3035","Wahdat Kite Center","Kite Flying - Manufacturer","G7HV+5WF, Samanabad Town, Lahore, 54000, Pakistan, Lahore City","Lahore City","03237547225","https://www.google.com/maps?q=31.5279650,74.2947600"
"3036","Kite Club","Kite Flying - Seller","H7MR+PX4, Street #2, house #105 Khokhar Town, Lahore, Pakistan, Lahore City","Lahore City","03114015234, 03114015351","https://www.google.com/maps?q=31.5841400,74.2926550"
"3037","Flying Colours","Kite Flying - Seller","G76G+F2M, Ravi Block Allama Iqbal Town, Lahore, Pakistan, Lahore City","Lahore City","03004059448","https://www.google.com/maps?q=31.5111240,74.2750190"
"3038","Khalifa Kites","Kite Flying - Manufacturer","H8RW+F4H, Makhan Pura Chah Miran, Lahore, 54000, Pakistan, Ravi Town","Ravi Town","03114459081","https://www.google.com/maps?q=31.5911240,74.3452280"
"3039","Basant Back Official Seller","Kite Flying - Seller","J7GH+F37, Main bazar hameedpark, Chattha Park Shahdara Town, Shahdara, Pakistan, Ravi Town","Ravi Town","03224279270","https://www.google.com/maps?q=31.6263000,74.2778000"
"3040","khan Pan shop","Kite Flying - Seller","St 3, Super Town, Cavalry Ground, Super Town Lahore, Pakistan, Lahore Cantt","Lahore Cantt","03066727501","https://www.google.com/maps?q=31.4934940,74.3740770"
"3041","Malik kite maker","Kite Flying - Manufacturer","27 Garhi Shahu Bridge, adjacent gharhi shahu, Railway Colony, Lahore, Pakistan, Shalimar Town","Shalimar Town","03274666640","https://www.google.com/maps?q=31.5719940,74.3492420"
"3042","Amin Kites Seller","Kite Flying - Seller","198-A, Commercial, near Ravi Restaurant, Commercial Zone Sector C Gulmahar Block Sector C Bahria Town, Lahore, Pakistan, Allama Iqbal","Allama Iqbal","03204419104","https://www.google.com/maps?q=31.3753300,74.1848900"
"3043","J Star Kite House","Kite Flying - Manufacturer","Plot 284, Township Block 15 Sector B 1 Lahore, 54770, Pakistan, Model Town","Model Town","03214212882","https://www.google.com/maps?q=31.4614210,74.3067520"
"3044","Sami Ullah Kite Flying - Manufacturer","Kite Flying - Manufacturer","J7JW+7CX, Street No. 6, Seraj Park Shahdara Town, Shahdara, Pakistan, Ravi Town","Ravi Town","03045708795","https://www.google.com/maps?q=31.6313000,74.2962700"
"3045","SkyRang Kites","Kite Flying - Seller","HCQJ+RHC, Service Rd, Wara Sittar, Lahore, Pakistan, Wahgah Town","Wahgah Town","03224120185","https://www.google.com/maps?q=31.5893430,74.4315490"
"3046","Sami Ullah Kite Flying - Seller","Kite Flying - Seller","J7JW+7CX, Street No. 6, Seraj Park Shahdara Town, Shahdara, Pakistan, Ravi Town","Ravi Town","03045708795","https://www.google.com/maps?q=31.6313000,74.2962700"
"3047","Kiran resturent","Kite Flying - Manufacturer","1-10-b1 town ship market, Model Town","Model Town","03114038916","https://www.google.com/maps?q=31.4629580,74.3094010"
"3048","Duxino Kites","Kite Flying - Trader","H98R+5RF Lal Pul, Canal Rd, Nabi Pura Lahore, Pakistan, Shalimar Town","Shalimar Town","03095203778","https://www.google.com/maps?q=31.5655070,74.3923400"
"3049","Khan Kites House","Kite Flying - Trader","HFPG+4FR, Rizwan Gardens, Lahore, Pakistan, Wahgah Town","Wahgah Town","03007887990","https://www.google.com/maps?q=31.5851750,74.4758100"
"3050","Kuku Kites Traders","Kite Flying - Trader","H8HC+FX5, Lal Khoo Bazar, Sher Galiyan Mochi Gate Walled City of Lahore, Lahore, 54000, Pakistan, Lahore City","Lahore City","03224645929","https://www.google.com/maps?q=31.5786340,74.3225880"
"3051","Ahmed Trader","Kite Flying - Trader","J83H+FJH, Main Bazar Siddiqia Colony Badami Bagh, Lahore, Pakistan, Ravi Town","Ravi Town","03238403025","https://www.google.com/maps?q=31.6037590,74.3291620"
"3052","Kite flying by mazhar","Kite Flying - Seller","43-Kilometer, Multan Road, Maraghzar Colony Thokar Niaz Baig, Lahore, Pakistan, Allama Iqbal","Allama Iqbal","03044129561","https://www.google.com/maps?q=31.4980370,74.2402100"
"3053","Dilawar kites","Kite Flying - Manufacturer","J85H+8WG, Wasa Colony Badami Bagh, Lahore, Pakistan, Ravi Town","Ravi Town","03178372491","https://www.google.com/maps?q=31.6082430,74.3298870"
"3054","Kite Station","Kite Flying - Seller","H78W+4PX, Qari Rd, Islampura, Lahore, 54000, Pakistan, Lahore City","Lahore City","03224515381","https://www.google.com/maps?q=31.5653080,74.2967970"
"3055","Muhammad Zain Kite Flying - Seller","Kite Flying - Seller","45 Allama Iqbal Rd, Commercial Area Garhi Shahu, Lahore, 54000, Pakistan, Shalimar Town","Shalimar Town","03261009688","https://www.google.com/maps?q=31.5637000,74.3457400"
"3056","Shamas Mahmood","Kite Flying - Seller","J79G+R65, Al-Raai Rd, Shahdara Town, Lahore, Pakistan, Ravi Town","Ravi Town","03154294042","https://www.google.com/maps?q=31.6195960,74.2757400"
"3057","Prince kite house","Kite Flying - Seller","993C+QP8, Kahna Purana Main Rd, Old Kahna, Lahore, Pakistan, Nishter Town","Nishter Town","03044782381","https://www.google.com/maps?q=31.3544460,74.3717010"
"3058","Ashraf Kites","Kite Flying - Seller","G7JM+PMQ, Dholanwal Rd, Dholanwal Nagra Town, Lahore, 54000, Pakistan, Lahore City","Lahore City","03224339037","https://www.google.com/maps?q=31.5317660,74.2841690"
"3059","Dilawar kites","Kite Flying - Seller","J85H+8WG, Wasa Colony Badami Bagh, Lahore, Pakistan, Ravi Town","Ravi Town","03178372491","https://www.google.com/maps?q=31.6083200,74.3299130"
"3060","Kite flying","Kite Flying - Seller","F9VC+R53, Ahmad St, Zaman Colony, Lahore, Pakistan, Lahore Cantt","Lahore Cantt","03054306303","https://www.google.com/maps?q=31.4945260,74.3704220"
"3061","THE RESOURCES","Kite Flying - Trader","FC8P+CFF, Sector A DHA Phase 6, Lahore, Pakistan, Lahore Saddar","Lahore Saddar","03212222220","https://www.google.com/maps?q=31.4661060,74.4365010"
"3062","Ahsan general store","Kite Flying - Trader","G9XJ+V3H, Saddar Gol Chakar, Saddar Town, Lahore, Pakistan, Lahore Cantt","Lahore Cantt","03072895224","https://www.google.com/maps?q=31.5497000,74.3802240"
"3063","Sultan Kite Center","Kite Flying - Seller","H837+75G, Chiragh Din Rd, Mozang Chungi, Lahore, 54000, Pakistan, Lahore City","Lahore City","03008054444","https://www.google.com/maps?q=31.5531220,74.3129990"
"3064","amir kites","Kite Flying - Seller","F87J+88M, Pindi Rajputan Kot Lakhpat, Lahore, Pakistan, Model Town","Model Town","03238566136","https://www.google.com/maps?q=31.4631280,74.3305860"
"3065","Babloo Kites","Kite Flying - Seller","H8C6+PQ9, New Anarkali Road, Anarkali Bazaar Lahore, 54000, Pakistan, Lahore City","Lahore City","03258268554","https://www.google.com/maps?q=31.5717790,74.3119330"
"3066","Ninty kite seller","Kite Flying - Seller","2 Main Bazar No. 1, Kumhar Pura Ghaziabad, Lahore, Pakistan, Shalimar Town","Shalimar Town","03241489009","https://www.google.com/maps?q=31.5599980,74.3897030"
"3067","LAHORE DISTRICT KITES SPORTS ASSOCIATION","Kite Flying Association","G8F3+J48, Madni Masjid St, Karnalpora Combo Colony, Lahore, 54000, Pakistan, Model Town","Model Town","03214666881","https://www.google.com/maps?q=31.5239850,74.3030370"
"3068","Talha Usman Kite Flying - Seller","Kite Flying - Seller","H9R4+H9X, Kot Khawaja Saeed, Lahore, Pakistan, Shalimar Town","Shalimar Town","03224057660","https://www.google.com/maps?q=31.5915100,74.3557100"
"3069","Khokhar Kite-X","Kite Flying - Seller","F956+5GF, Mughal St, Shoukat Town Gul Colony, Lahore, Pakistan, Model Town","Model Town","03228980802","https://www.google.com/maps?q=31.4579690,74.3610650"
"3070","Metro Lahore Kites","Kite Flying - Seller","2nd floor,Plaza 44, commercial area nfc society, Model Town","Model Town","03245944337","https://www.google.com/maps?q=31.4158750,74.2683230"
"3071","MKS","Kite Flying - Seller","31 Umar Rd, Krishan Nagar Islampura, Lahore, 54000, Pakistan, Lahore City","Lahore City","03101493331","https://www.google.com/maps?q=31.5655600,74.2932390"
"3072","Ahmad Kite Manufacturing","Kite Flying - Manufacturer","CFV8+FJ, Sector E Dera Chahal, Lahore, Pakistan, Lahore Saddar","Lahore Saddar","03256003398","https://www.google.com/maps?q=31.4434170,74.4653950"
"3073","Rumi Kite Trader","Kite Flying - Trader","H8M3+432, Pir Makki Rd, Data Gunj Buksh Town, Lahore, Pakistan, Lahore City","Lahore City","03317710675","https://www.google.com/maps?q=31.5827650,74.3024740"
"3074","Jw clothing","Kite Flying - Manufacturer","51 Shalimar Link Road, next to Euro Store, Ramgarh Lahore, 54000, Pakistan, Shalimar Town","Shalimar Town","03161478211","https://www.google.com/maps?q=31.5702720,74.3810460"
"3075","Farooq Kite Manufacturing","Kite Flying - Manufacturer","J8J5+C57, Qaiser Town-Shahdara Town Rd, Shahdara Town, Lahore, Pakistan, Ravi Town","Ravi Town","03201014314","https://www.google.com/maps?q=31.6311830,74.3078140"
"3076","Ali Lahorei Kikes","Kite Flying - Manufacturer","G7WJ+XGC, F Block Block F Gulshan-e-Ravi, Lahore, 54000, Pakistan, Lahore City","Lahore City","03420440109","https://www.google.com/maps?q=31.5475600,74.2812760"
"3077","NAFEES KITES","Kite Flying - Seller","F9X4+FPV, Gurumangat Rd, Makkah Colony Lahore, Pakistan, Lahore Cantt","Lahore Cantt","03219404992","https://www.google.com/maps?q=31.4987220,74.3567510"
"3078","NAFEES KITES","Kite Flying - Trader","F9X4+FPV, Gurumangat Rd, Makkah Colony Lahore, Pakistan, Lahore Cantt","Lahore Cantt","03219404992","https://www.google.com/maps?q=31.4987220,74.3567520"
"3079","Waqas Mobile","Kite Flying - Seller","F948+V7J, Punjab Cooperative Housing Society Main Blvd, Block F Punjab CHS, Lahore, Pakistan, Model Town","Model Town","03180413185","https://www.google.com/maps?q=31.4572200,74.3656510"
"3080","Hameed Kite Maker 🪁","Kite Flying - Manufacturer","H8X2+VV5, Timber Market Rd, Timber Market Lahore, Pakistan, Ravi Town","Ravi Town","03027110120","https://www.google.com/maps?q=31.5996450,74.3021670"
"3081","ZB industry","Kite Flying - Seller","Sunny Flour Mill Mosque, 42, Block N Gulberg III, Lahore, 56000, Pakistan, Lahore Cantt","Lahore Cantt","03212733632","https://www.google.com/maps?q=31.5194450,74.3591410"
"3082","MH kite house","Kite Flying - Seller","16-D Bahar Shah Rd, Al-Faisal Town, Lahore, Pakistan, Shalimar Town","Shalimar Town","03068680161","https://www.google.com/maps?q=31.5454700,74.4044570"
"3083","Private limited","Kite Flying - Seller","C8H3+R6M, Bagrian Rd, Township Bagrian, Lahore, Pakistan, Model Town","Model Town","03160817219","https://www.google.com/maps?q=31.4297880,74.3033240"
"3084","Sohaib Kites","Kite Flying - Seller","H9HH+M9Q, Daras Rd, Singhpura, Lahore, 54000, Pakistan, Shalimar Town","Shalimar Town","03214834391","https://www.google.com/maps?q=31.5791900,74.3784160"
"3085","Mehar Goods Transport","Kite Flying - Trader","G8FF+V3M, Fazal Elahi Rd, Ichhra Rehmanpura Colony, Lahore, 54000, Pakistan, Model Town","Model Town","03214169732","https://www.google.com/maps?q=31.5245810,74.3228700"
"3086","Five Star Chicken Sop and Green Tee","Kite Flying - Seller","137 Krishna Street, Haq Nawaz Rd, Baghbanpura, Lahore, 54000, Pakistan, Shalimar Town","Shalimar Town","03124066569","https://www.google.com/maps?q=31.5828390,74.3742960"
"3087","NAFEES KITES","Kite Flying - Manufacturer","F9X4+FPV, Gurumangat Rd, Makkah Colony Lahore, Pakistan, Lahore Cantt","Lahore Cantt","03219404992","https://www.google.com/maps?q=31.4987220,74.3567510"
"3088","Mukhtar kite makar","Kite Flying - Manufacturer","7 Ahbab Colony Rd, Canal View, Lahore, 54000, Pakistan, Allama Iqbal","Allama Iqbal","03073209000","https://www.google.com/maps?q=31.4848510,74.2496480"
"3089","Al-Hadi Collection","Kite Flying - Seller","F7P4+35M, Hanjarwal, Lahore, Pakistan, Allama Iqbal","Allama Iqbal","03060008833","https://www.google.com/maps?q=31.4853270,74.2555200"
"3090","Dubai Kite House","Kite Flying - Seller","H8GC+PPM Miyawaki, Circular Garden Park, Tung Bazar, Mochi Gate Walled City of Lahore, Lahore, 54000, Pakistan, Lahore City","Lahore City","03342892804","https://www.google.com/maps?q=31.5767120,74.3216280"
"3091","H&H Co","Kite Flying - Seller","F86M+G2 Lahore, Pakistan, Model Town","Model Town","03164356329","https://www.google.com/maps?q=31.4612780,74.3325680"
"3092","Asim kite seller","Kite Flying - Seller","G7MC+7VG, Kot Kamboh Lahore, 54000, Pakistan, Lahore City","Lahore City","03126136350","https://www.google.com/maps?q=31.5332000,74.2722000"
"3093","Decent collection","Kite Flying - Seller","1194 Delhi Rd, Kharas Mohalla, Lahore, Pakistan, Lahore Cantt","Lahore Cantt","03055538722","https://www.google.com/maps?q=31.5470030,74.3776310"
"3094","Dubai Kite Traders","Kite Flying - Trader","H8GC+PPM Miyawaki, Circular Garden Park, Tung Bazar, Mochi Gate Walled City of Lahore, Lahore, 54000, Pakistan, Lahore City","Lahore City","03342892804","https://www.google.com/maps?q=31.5766940,74.3216060"
"3095","Shakeel Ahmad","Kite Flying - Manufacturer","J75H+MWX, Bara Dari Rd, Shahdara Town, Shahdara, Pakistan, Ravi Town","Ravi Town","03084076078","https://www.google.com/maps?q=31.6092260,74.2798480"
"3096","FR Kites","Kite Flying - Seller","36, Block C Pia Housing Scheme, Lahore, 54770, Pakistan, Allama Iqbal","Allama Iqbal","03234747762","https://www.google.com/maps?q=31.4483090,74.2797200"
"3097","ANEES KITE MAKING","Kite Flying - Manufacturer","Bazaar Laal khoh، inside Mochi Gate، Kucha Chagtah Walled City of Lahore, Lahore, 54000, Pakistan, Lahore City","Lahore City","03234243897","https://www.google.com/maps?q=31.5777730,74.3220350"
"3098","Rehman bilal","Kite Flying - Manufacturer","J75G+PF6, Bara Dari Rd, Shahdara Town, Shahdara, Pakistan, Ravi Town","Ravi Town","03014556611","https://www.google.com/maps?q=31.6094280,74.2758960"
"3099","Chaudary manufacturer","Kite Flying - Manufacturer","H8QV+5RR, Chah Miran Rd, Chah Miran, Lahore, Pakistan, Ravi Town","Ravi Town","03294179731","https://www.google.com/maps?q=31.5880130,74.3445070"
"3100","Hafiz kite Saler","Kite Flying - Manufacturer","H8VW+5C4, Imam Ghazali Rd, Issa Nagri Chah Miran, Lahore, Pakistan, Ravi Town","Ravi Town","03148647518","https://www.google.com/maps?q=31.5929320,74.3461160"
"3101","Moazz kites","Kite Flying - Seller","1 7, near Masjid, Dera Chahal, Lahore, Pakistan, Lahore Saddar","Lahore Saddar","03296004554","https://www.google.com/maps?q=31.4425720,74.4724920"
"3102","Adnan kite maker","Kite Flying - Manufacturer","H8H3+HPC, Data Darbar Rd, Data Gunj Buksh Town, Lahore, 54000, Pakistan, Lahore City","Lahore City","03078716861","https://www.google.com/maps?q=31.5789740,74.3041420"
"3103","Tariq Ali","Kite Flying - Seller","H8JG+PHM Delhi Gate, Akbari Mandi Walled City of Lahore, Lahore, 54000, Pakistan, Lahore City","Lahore City","03244150091","https://www.google.com/maps?q=31.5821910,74.3263720"
"3104","Hamza Kite House","Kite Flying - Seller","H8GC+VJ6, Mochi Gate Walled City of Lahore, Lahore, 54000, Pakistan, Lahore City","Lahore City","03200224844","https://www.google.com/maps?q=31.5770980,74.3216110"
"3105","Bajwa kite flying","Kite Flying - Seller","Shop #02 Fazal e Haq Rd, Ravi Block Allama Iqbal Town, Lahore, Pakistan, Model Town","Model Town","03284040513","https://www.google.com/maps?q=31.5104410,74.2819730"
"3106","PSF","Kite Flying - Manufacturer","45 Ravi Rd, near Lal Masjid Road, Station Timber Market, Lahore, 54000, Pakistan, Lahore City","Lahore City","03224073077","https://www.google.com/maps?q=31.5944700,74.3006280"
"3107","Mustafa traders","Kite Flying - Seller","371-A, opposite PEL Factory, Gulshan Colony, Lahore, Pakistan, Model Town","Model Town","03029555757","https://www.google.com/maps?q=31.4671570,74.3464090"
"3108","Mirza Stationers","Kite Flying - Seller","H8HF+H4X, Mohalla Shian Kashmirian Mohalla Takia Sadhu Walled City of Lahore, Lahore, 54000, Pakistan, Lahore City","Lahore City","03228042677","https://www.google.com/maps?q=31.5788950,74.3228580"
"3109","Rizwan Pan Shop","Kite Flying - Seller","JF2V+FV4, BRB Canal West Bank Rd, Attoke Awan, Lahore, Pakistan, Wahgah Town","Wahgah Town","03131400644","https://www.google.com/maps?q=31.6016630,74.4953630"
"3110","Bismillah mobile centre","Kite Flying - Seller","G748+2F9, Main Rd Hassan Town, Awan Town, Lahore, Pakistan, Lahore City","Lahore City","03250023645","https://www.google.com/maps?q=31.5050410,74.2662370"
"3111","Qazi Traders","Kite Flying - Manufacturer","4 Brandreth Rd, Ram Gali Naulakha, Lahore, 54000, Pakistan, Ravi Town","Ravi Town","03214122322","https://www.google.com/maps?q=31.5762360,74.3275570"
"3112","AL MADNI BED SHEET & CLOTHES","Kite Flying - Seller","Makka Bazaar Al Madina masjid near gurjar pco wali Gali 176 12 B1, Township Block 12 Sector B 1 Lahore, 54770, Pakistan, Model Town","Model Town","03299401313","https://www.google.com/maps?q=31.4623800,74.3091670"
"3113","RM Kites","Kite Flying - Trader","HCJX+JPF, Lahore Press Club Housing Scheme, Lahore, Pakistan, Wahgah Town","Wahgah Town","03157286575","https://www.google.com/maps?q=31.5814910,74.4490850"
"3114","Javaid kite","Kite Flying - Seller","Plot 7, Block A1 Block A 1 Gulberg III, Lahore, Pakistan, Lahore Cantt","Lahore Cantt","03234535030","https://www.google.com/maps?q=31.5182470,74.3572760"
"3115","Rana anwar Kite store","Kite Flying - Trader","7 Gurumangat Rd, Industrial Area Industrial Plots, Lahore, Pakistan, Lahore Cantt","Lahore Cantt","03070491130","https://www.google.com/maps?q=31.5156270,74.3588750"
"3116","Good way tailer","Kite Flying - Seller","27 mola baksh road shop no 4 kanak mandi mozang lahore, Model Town","Model Town","03270522595","https://www.google.com/maps?q=31.5245600,74.3337250"
"3117","Chand Kite Maker","Kite Flying - Manufacturer","H8PV+2G9, Mohalla Sadaat Misri Shah, Lahore, Pakistan, Ravi Town","Ravi Town","03094728046","https://www.google.com/maps?q=31.5848910,74.3435690"
"3118","hafiz sweets","Kite Flying - Seller","F925+8PW, Shanghai Rd, Sitara Colony, Lahore, Pakistan, Model Town","Model Town","03054075158","https://www.google.com/maps?q=31.4508650,74.3593390"
"3119","S.S Kite, Jia Musa, Shkhupura Road, Shahdara, Lahore.","Kite Flying - Seller","J7HQ+XW5, Shahdara Town, Lahore, Pakistan, Ravi Town","Ravi Town","03224998928","https://www.google.com/maps?q=31.6300000,74.2900000"
"3120","Lahore Kites","Kite Flying - Manufacturer","95MW+R4J, Safari Block Umer Block Sector B Bahria Town, Lahore, Pakistan, Allama Iqbal","Allama Iqbal","03212581119","https://www.google.com/maps?q=31.3847830,74.1952880"
"3121","Al Qayyum MOBILES and stationers","Kite Flying - Seller","G7RV+47W, 73 Multan Rd, Nawankot Samanabad Town, Lahore, 54000, Pakistan, Lahore City","Lahore City","03001432218","https://www.google.com/maps?q=31.5403580,74.2931990"
"3122","KHALID SAFE KITE HOUSE","Kite Flying - Seller","J7MP+3QM, Shahdara Town, Lahore, 54950, Pakistan, Ravi Town","Ravi Town","03009189254","https://www.google.com/maps?q=31.6327900,74.2869490"
"3123","Sheikh Gee Kites","Kite Flying - Seller","F955+855, Street No.2, Gul Colony, Lahore, Pakistan, Model Town","Model Town","03218410896","https://www.google.com/maps?q=31.4588990,74.3579580"
"3124","Salman Mobile Shop","Kite Flying - Seller","C6J6+HW8, Nawazish Abad Block B DHA EME Sector, Lahore, Pakistan, Allama Iqbal","Allama Iqbal","03262803997","https://www.google.com/maps?q=31.4314260,74.2124050"
"3125","Qazi Traders","Kite Flying - Seller","4 Rehman St, Ram Gali Naulakha, Lahore, 54000, Pakistan, Ravi Town","Ravi Town","03214122322","https://www.google.com/maps?q=31.5765700,74.3275190"
"3126","chain kites","Kite Flying - Seller","Ghazi Chowk,، C7PR+Q6Q, College Rd, Awaisia Housing Scheme, Lahore, 54600, Pakistan, Model Town","Model Town","03351818049","https://www.google.com/maps?q=31.4369940,74.2906360"
"3127","Kaka Pan Shop","Kite Flying - Seller","78, Sector H H Phase 1 Dha Phase 1, Lahore, 54792, Pakistan, Lahore Cantt","Lahore Cantt","03244992539","https://www.google.com/maps?q=31.4819080,74.3961610"
"3128","RAJU KITE HOUSE","Kite Flying - Seller","Jamia Masjid Alfarooq Ahl-e-hadith, Fateh Garh Rd, Hameed Pura Hameedpura, Lahore, Pakistan, Shalimar Town","Shalimar Town","03054404431","https://www.google.com/maps?q=31.5747230,74.4013590"
"3129","Malik Kite House","Kite Flying - Manufacturer","574 block h-2 nawapind johar town lahore, Allama Iqbal","Allama Iqbal","03004427193","https://www.google.com/maps?q=31.4701550,74.2664950"
"3130","Tayyab kite manufacture","Kite Flying - Manufacturer","G756+89Q, Ln 5, Awan Town, Lahore, Pakistan, Allama Iqbal","Allama Iqbal","03222222761","https://www.google.com/maps?q=31.5083200,74.2609610"
"3131","Kite life","Kite Flying - Manufacturer","G9C2+5G2, Block L Gulberg 2, Lahore, Pakistan, Model Town","Model Town","03126292349","https://www.google.com/maps?q=31.5204190,74.3514230"
"3132","Mehar Kites","Kite Flying - Seller","G8FF+V3M, Fazal Elahi Rd, Ichhra Rehmanpura Colony, Lahore, 54000, Pakistan, Model Town","Model Town","03000418985","https://www.google.com/maps?q=31.5245810,74.3228700"
"3133","MAIRY KITE HOUSE","Kite Flying - Seller","HCC4+H3G, Bazar Wali Gali, Fateh Garh Fatehgarh, Lahore, Pakistan, Shalimar Town","Shalimar Town","03244111571","https://www.google.com/maps?q=31.5716350,74.4051390"
"3134","Kite business","Kite Flying - Seller","G992+W28, Block K Block L Gulberg 2, Lahore, Pakistan, Model Town","Model Town","03224605030","https://www.google.com/maps?q=31.5200000,74.3500000"
"3135","Madni Kite House","Kite Flying - Seller","Amir Town Main Road Harbanspura, HCC9+FH7, Canal Bank Housing Scheme, Lahore, Pakistan, Shalimar Town","Shalimar Town","03394383827","https://www.google.com/maps?q=31.5711480,74.4188300"
"3136","Sk mobile","Kite Flying - Manufacturer","kharak main Bazar near Madina chouk, G757+QVC, Kharak Awan Town, Lahore, Pakistan, Lahore City","Lahore City","03044691150","https://www.google.com/maps?q=31.5095750,74.2647220"
"3137","US Robe Accessories","Kite Flying - Trader","C8WW+MGJ, Quaid e Millat Colony, Lahore, Pakistan, Model Town","Model Town","03228050237","https://www.google.com/maps?q=31.4466250,74.3459630"
"3138","Sheikh's kite seller","Kite Flying - Seller","F9Q6+8CH, Madina Colony, Lahore, 54000, Pakistan, Model Town","Model Town","03214492319","https://www.google.com/maps?q=31.4884300,74.3610050"
"3139","MM Kite House","Kite Flying - Seller","894, Block R1 Block R 1 R/1 M.A Johar Town, Lahore, 54000, Pakistan, Allama Iqbal","Allama Iqbal","03084209105","https://www.google.com/maps?q=31.4537070,74.2736180"
"3140","Bike parts shop","Kite Flying - Seller","G888+H45, Wahdat Rd, Block B Muslim Town, Lahore, 54000, Pakistan, Model Town","Model Town","03084743747","https://www.google.com/maps?q=31.5163990,74.3153670"
"3141","PAKISTAN 007 THREADS AND KITES","Kite Flying - Seller","HC92+5FQ, Chaman Park Street 3, Fatehgarh, Lahore, Pakistan, Shalimar Town","Shalimar Town","03034219541","https://www.google.com/maps?q=31.5680700,74.4014360"
"3142","MM Kite House","Kite Flying - Trader","894, Block R1 Block R 1 R/1 M.A Johar Town, Lahore, 54000, Pakistan, Allama Iqbal","Allama Iqbal","03084209105","https://www.google.com/maps?q=31.4537060,74.2736200"
"3143","FAHAD JUTT TARDER SAFE KITE FLYING ASSOCIATION)","Kite Flying - Trader","HCC4+777, Gulshan Park Rd, Fateh Garh Fatehgarh, Lahore, Pakistan, Shalimar Town","Shalimar Town","03334461218","https://www.google.com/maps?q=31.5705420,74.4056850"
"3144","King Ali Kites","Kite Flying - Seller","30 Dev Samaj Road, Sant Nagar St Nagar, Lahore, 54000, Pakistan, Lahore City","Lahore City","03367006700","https://www.google.com/maps?q=31.5700630,74.2976760"
"3145","Usmani Kite","Kite Flying - Seller","G7WQ+7Q6, Usman St, Gulzaib Colony Samanabad Town, Lahore, 54000, Pakistan, Lahore City","Lahore City","03202466225","https://www.google.com/maps?q=31.5461150,74.2894270"
"3146","ASIF KIRYANA STORE","Kite Flying - Trader","J8P6+92R, Shahdara Town, Shahdara, Pakistan, Ravi Town","Ravi Town","03074661399","https://www.google.com/maps?q=31.6361740,74.3100290"
"3147","MJR Kite Trader","Kite Flying - Trader","H97M+X6M, Gunj Gunj Bazar Gunj, Lahore, Pakistan, Shalimar Town","Shalimar Town","03254309909","https://www.google.com/maps?q=31.5649640,74.3828760"
"3148","Skyblue kites","Kite Flying - Seller","H74V+9W8, Road, Raj Garh Sanda, Lahore, 54000, Pakistan, Lahore City","Lahore City","03260111193","https://www.google.com/maps?q=31.5555500,74.2950190"
"3149","Ali raza kite","Kite Flying - Seller","F8CW+W8H, Gulshan Colony, Lahore, Pakistan, Model Town","Model Town","03154402305","https://www.google.com/maps?q=31.4720980,74.3457320"
"3150","Umar Kites shop","Kite Flying - Manufacturer","F88H+254, Pindi Rajputan Kot Lakhpat, Lahore, Pakistan, Model Town","Model Town","03154804927","https://www.google.com/maps?q=31.4650560,74.3279170"
"3151","Dar kite","Kite Flying - Seller","H7QW+CQP, Karim Park Lahore, Pakistan, Ravi Town","Ravi Town","03004485211","https://www.google.com/maps?q=31.5885530,74.2969260"
"3152","MJ KITE","Kite Flying - Seller","Nain Sukh Rd, Ravi Town","Ravi Town","03035361054","https://www.google.com/maps?q=31.5343910,74.3373660"
"3153","AHS Kite Manufacturer","Kite Flying - Manufacturer","F965+6F9, Gul Colony, Lahore, Pakistan, Model Town","Model Town","03111484273","https://www.google.com/maps?q=31.4606990,74.3588520"
"3154","HB TRADER","Kite Flying - Trader","67 Abdali Rd, Sant Nagar St Nagar, Lahore, 54000, Pakistan, Lahore City","Lahore City","03097555563","https://www.google.com/maps?q=31.5681630,74.2923990"
"3155","AZIB KITES HOUSE","Kite Flying - Seller","J82F+524, Road, Data Nagar Badami Bagh, Lahore, Pakistan, Ravi Town","Ravi Town","03235187976","https://www.google.com/maps?q=31.6003480,74.3226090"
"3156","Butt kite house","Kite Flying - Manufacturer","J934+H65, Shehbaz Rd, Bhagat Pura Bhagatpura, Lahore, Pakistan, Ravi Town","Ravi Town","03174646003","https://www.google.com/maps?q=31.6038870,74.3556040"
"3157","Ali Kites Manufacture","Kite Flying - Manufacturer","HCG4+RH5, near AA BB Chowk, Mehar Fiaz Colony AA Fatehgarh, Lahore, Pakistan, Shalimar Town","Shalimar Town","03064196338","https://www.google.com/maps?q=31.5770070,74.4064760"
"3158","Yasoob Book Centre","Kite Flying - Seller","4 commercial Raiwind Rd, opposite model Bazar, Sher Shah Colony, Lahore, Pakistan, Allama Iqbal","Allama Iqbal","03214642403","https://www.google.com/maps?q=31.4101070,74.2222490"
"3159","Sheikh Basent","Kite Flying - Seller","G7PQ+593, Sodiwal Sodhiwal, Lahore, 54000, Pakistan, Lahore City","Lahore City","03430673565","https://www.google.com/maps?q=31.5354570,74.2882670"
"3160","ZDB Enterprises","Kite Flying - Seller","Shop No#3-4, Jillani Plaza, Ahata Shahdrian, Urdu Bazar, Lahore., Lahore City","Lahore City","03044401206","https://www.google.com/maps?q=31.5761530,74.3097640"
"3161","Imran kites","Kite Flying - Manufacturer","CF7P+6V5, Bedian Rd, Heir, Pakistan, Lahore Saddar","Lahore Saddar","03024182880","https://www.google.com/maps?q=31.4130210,74.4872490"
"3162","Ali kite house","Kite Flying - Seller","Plot 142, Township Block 1 Sector A 2 Lahore, Pakistan, Model Town","Model Town","03054854624","https://www.google.com/maps?q=31.4518430,74.3132740"
"3163","Kite Seller","Kite Flying - Seller","H9MM+6PW, Angoori Bagh Lahore, 54000, Pakistan, Shalimar Town","Shalimar Town","03131479645","https://www.google.com/maps?q=31.5831100,74.3845840"
"3164","Musa Kite House","Kite Flying - Seller","C8C3+P2W, Bagrian Lahore, Pakistan, Model Town","Model Town","03035858549","https://www.google.com/maps?q=31.4216960,74.3025930"
"3165","Nadeem Kite Maker","Kite Flying - Seller","Service Road, Sooter Mill Stop, HFR3+P73, Tamhara Kot Pind, Lahore, Pakistan, Wahgah Town","Wahgah Town","03213431233","https://www.google.com/maps?q=31.5918050,74.4532320"
"3166","Naveed Traders","Kite Flying - Trader","HFRC+7QH, Umer khan road, Manawan, Lahore, Pakistan, Wahgah Town","Wahgah Town","03094526094","https://www.google.com/maps?q=31.5911510,74.4723340"
"3167","BUTT KITE & DOR SELLER","Kite Flying - Seller","H8J9+GPQ, Mohalla Kakezian Walled City of Lahore, Lahore, 54000, Pakistan, Lahore City","Lahore City","03204554830","https://www.google.com/maps?q=31.5816510,74.3197030"
"3168","Patang Doori kite seller","Kite Flying - Seller","H9XX+GVQ, Band Rd, Mehmood Booti, Lahore, Pakistan, Shalimar Town","Shalimar Town","03078819520","https://www.google.com/maps?q=31.5992840,74.3999390"
"3169","Khan Kite","Kite Flying - Seller","FC2M+Q86, Street 1, Askari 11 Sector B, Lahore, Pakistan, Lahore Saddar","Lahore Saddar","03234544124","https://www.google.com/maps?q=31.4517420,74.4331820"
"3170","Aslam Kite Flying","Kite Flying - Manufacturer","5, Sector D2 Sector D Green Town, Lahore, 46600, Pakistan, Model Town","Model Town","03162908799","https://www.google.com/maps?q=31.4619320,74.4495090"
"3171","Infinity Crop","Kite Flying - Trader","RAIWIND ROAD NEAR MOBIL ZONE OPP TOTAL PETROAL PUMP، F67V+5GQ, Sultan Town, Lahore, Pakistan, Allama Iqbal","Allama Iqbal","03218555566","https://www.google.com/maps?q=31.4630170,74.2439060"
"3172","Mushtaq Kite Maker","Kite Flying - Manufacturer","block C feroz pur road lahore youhanabad, Nishter Town","Nishter Town","03054004021","https://www.google.com/maps?q=31.4100000,74.3600000"
"3173","Usman Bubba Kites","Kite Flying - Seller","JC22+P79, Shadipura Road, Mehmood Booti, Lahore, Pakistan, Shalimar Town","Shalimar Town","03194455250","https://www.google.com/maps?q=31.6017530,74.4007560"
"3174","Ali Arif Kite Flying - Seller","Kite Flying - Seller","F927+94C, Bahadrabad, Lahore, Pakistan, Model Town","Model Town","03094860785","https://www.google.com/maps?q=31.4509400,74.3627600"
"3175","Formar","Kite Flying - Seller","Nobel Shoes, Raiwind Rd, Tibba Bur Singh, Pakistan, Raiwind","Raiwind","03124605091","https://www.google.com/maps?q=31.3061140,74.2246490"
"3176","Bilal kite Traders","Kite Flying - Seller","17B Shadab Colony Rd, Sherwani Town, Lahore, Pakistan, Model Town","Model Town","03314785747","https://www.google.com/maps?q=31.4252700,74.3473220"
"3177","Mithu Kite House","Kite Flying - Seller","H8FJ+5W6, McLeod Rd, Garhi Shahu, Lahore, 54000, Pakistan, Shalimar Town","Shalimar Town","03214898296","https://www.google.com/maps?q=31.5729020,74.3322720"
"3178","HARAM TRADERS","Kite Flying - Manufacturer","H8C2+8FM, St Nagar, Lahore, 54000, Pakistan, Lahore City","Lahore City","03224258190","https://www.google.com/maps?q=31.5706920,74.3011430"
"3179","Riaz Kites Centre","Kite Flying - Manufacturer","G8V2+VPG, Arya Nagar Lahore, 54000, Pakistan, Lahore City","Lahore City","03244075674","https://www.google.com/maps?q=31.5447300,74.3017500"
"3180","Rafaqat Dor waley","Kite Flying - Manufacturer","JC47+7GV, Shareef Pura Rd, Shareef Pura Sharif Pura, Lahore, Pakistan, Wahgah Town","Wahgah Town","03234023988","https://www.google.com/maps?q=31.6056960,74.4138010"
"3181","Lahori Kite Dealer","Kite Flying - Manufacturer","Plot 558, Sabzazar Block H Sabzazar Housing Scheme Phase 1 & 2 Lahore, Pakistan, Lahore City","Lahore City","03004140173","https://www.google.com/maps?q=31.5138930,74.2703480"
"3182","USMAN KIT","Kite Flying - Manufacturer","H-A-A St No. 7 Moh Mohra Sharif Bund Road Lahore 54000, Pakistan, Lahore City","Lahore City","03054632402","https://www.google.com/maps?q=31.5355130,74.2792330"
"3183","Khan Cold Corner","Kite Flying - Seller","G9R4+6WC, Upper Mall Scheme, Lahore, Pakistan, Lahore Cantt","Lahore Cantt","03224517595","https://www.google.com/maps?q=31.5405910,74.3572560"
"3184","waheed kite maker","Kite Flying - Manufacturer","J7GX+8WP, Haq Bahu Rd, Shahdara Town, Lahore, Pakistan, Ravi Town","Ravi Town","03014900125","https://www.google.com/maps?q=31.6257160,74.2999110"
"3185","HM KITES","Kite Flying - Manufacturer","Out Fall Rd, Islampura, Lahore, Punjab, H7FX+78V, Sant Nagar St Nagar, Lahore, 54000, Pakistan, Lahore City","Lahore City","03152534440","https://www.google.com/maps?q=31.5732170,74.2985640"
"3186","Bit n Byte Kite","Kite Flying - Seller","Off 6 3rd Floor, Satluj Block, Moon Market Allama Iqbal Town, Lahore, 54000, Pakistan, Lahore City","Lahore City","03014829903","https://www.google.com/maps?q=31.5210130,74.2914070"
"3187","ALI BROTHERS","Kite Flying - Manufacturer","F965+6F9, Gul Colony, Lahore, Pakistan, Model Town","Model Town","03044236037","https://www.google.com/maps?q=31.4606990,74.3588520"
"3188","Eesa Traders","Kite Flying - Manufacturer","H75Q+JJW, Dilkusha Park Lahore, 54000, Pakistan, Lahore City","Lahore City","03344006424","https://www.google.com/maps?q=31.5593420,74.2887410"
"3189","Usama kite centre","Kite Flying - Seller","G7XC+G9J, Sagian Wala Bypass Rd, J Block Block J Gulshan-e-Ravi, Lahore, 54000, Pakistan, Lahore City","Lahore City","03074280283","https://www.google.com/maps?q=31.5488490,74.2706180"
"3190","Qureshi sahab","Kite Flying - Manufacturer","Old Anti Corruption Building, Multan Rd, Islamia Park Lahore, 54000, Pakistan, Lahore City","Lahore City","03245623211","https://www.google.com/maps?q=31.5534980,74.3048810"
"3191","Kite trader co.","Kite Flying - Trader","Plot 981, Sector Z DHA Phase 3, Lahore, Pakistan, Lahore Cantt","Lahore Cantt","03239000906","https://www.google.com/maps?q=31.4735470,74.3869110"
"3192","FAHAD JUTT TARDER SAFE KITE FLYING ASSOCIATION)","Kite Flying - Seller","HCC4+777, Gulshan Park Rd, Fateh Garh Fatehgarh, Lahore, Pakistan, Shalimar Town","Shalimar Town","03334461218","https://www.google.com/maps?q=31.5705260,74.4057270"
"3193","Hamza Kites","Kite Flying - Seller","H8VX+37M, Scheme No 2, Lahore, Pakistan, Ravi Town","Ravi Town","03238484453","https://www.google.com/maps?q=31.5927470,74.3479420"
"3194","Qadeer Kites","Kite Flying - Manufacturer","G8M5+W7, New Samanabad Samanabad Town, Lahore, 54000, Pakistan, Model Town","Model Town","03024735300","https://www.google.com/maps?q=31.5348160,74.3082900"
"3195","Arslan Traders","Kite Flying - Trader","H97H+W72, Shalimar Larechs Colony, Lahore, 54840, Pakistan, Shalimar Town","Shalimar Town","03244296577","https://www.google.com/maps?q=31.5647720,74.3781220"
"3196","Javed Kit","Kite Flying - Manufacturer","Jia Musa Butt Chowk , Shahdara Town, Shahdara, Pakistan, Ravi Town","Ravi Town","03196140828","https://www.google.com/maps?q=31.6210410,74.2825800"
"3197","Shahzad Kites and Dor","Kite Flying - Manufacturer","F9RW+H8R, Nishat Colony Lahore, Pakistan, Lahore Cantt","Lahore Cantt","03024384651, 03034202212","https://www.google.com/maps?q=31.4914130,74.3960140"
"3198","butt general store","Kite Flying - Seller","F888+875, Model Town Link Rd, Phase 3 GECH Society, Lahore, 54600, Pakistan, Model Town","Model Town","03054359343","https://www.google.com/maps?q=31.4657670,74.3157250"
"3199","HM KITES","Kite Flying - Seller","Out Fall Rd, Islampura, Lahore, Punjab, H7FX+78V, Sant Nagar St Nagar, Lahore, 54000, Pakistan, Lahore City","Lahore City","03152534440","https://www.google.com/maps?q=31.5732180,74.2985350"
"3200","AR Kites Seller","Kite Flying - Seller","H8HC+2QV, Mohalla Porbian Kucha Chagtah Walled City of Lahore, Lahore, 54000, Pakistan, Lahore City","Lahore City","03212749096","https://www.google.com/maps?q=31.5775730,74.3218370"
"3201","Ali G Store","Kite Flying - Seller","G8W4+GGH, Islamia Park, Lahore, 54000, Pakistan, Lahore City","Lahore City","03237233076","https://www.google.com/maps?q=31.5459060,74.3063470"
"3202","Sami Collection","Kite Flying - Manufacturer","569 Street No. 1, Sector D2 Sector D 2 Block 1 Green Town, Lahore, Pakistan, Model Town","Model Town","03099119313","https://www.google.com/maps?q=31.4340510,74.3031110"
"3203","AR Kites Traders","Kite Flying - Trader","H8HC+2RW, Mochi Gate Bazar, Kucha Chagtah Walled City of Lahore, Lahore, 54000, Pakistan, Lahore City","Lahore City","03212749096","https://www.google.com/maps?q=31.5776100,74.3220090"
"3204","Khan Kite Lounge","Kite Flying - Trader","HC97+WW5, Jehangir Rd, Canal Bank Housing Scheme, Lahore, Pakistan, Shalimar Town","Shalimar Town","03334146545","https://www.google.com/maps?q=31.5699400,74.4149700"
"3205","KK kites House","Kite Flying - Trader","F7M6+QHJ, Mustafa Town, Lahore, Pakistan, Allama Iqbal","Allama Iqbal","03014606643","https://www.google.com/maps?q=31.4842890,74.2613260"
"3206","Moiz Kite Traders","Kite Flying - Trader","Off 7 3rd Floor, Sandhu Center Satluj Block Allama Iqbal Town, Lahore, 54000, Pakistan, Lahore City","Lahore City","03094061926","https://www.google.com/maps?q=31.5211010,74.2914880"
"3207","MUHAMMAD TANVEER KITE MANUFACTURER","Kite Flying - Manufacturer","J7FP+HQV, Main Bazar Kot Shahab Din Rd, Shahdara Town, Lahore, Pakistan, Ravi Town","Ravi Town","03064280100","https://www.google.com/maps?q=31.6240070,74.2868240"
"3208","Lahore kite seller","Kite Flying - Manufacturer","Main China Scheme Road, J935+238, Qureshi St, near Allah Ho Da Hotel, Bhagatpura, Lahore, Pakistan, Ravi Town","Ravi Town","03114411884","https://www.google.com/maps?q=31.6029720,74.3577780"
"3209","awais kite store","Kite Flying - Manufacturer","G8CC+3P3, Wahdat Rd, Muslim Town, Lahore, 54000, Pakistan, Model Town","Model Town","03055402028","https://www.google.com/maps?q=31.5201380,74.3218000"
"3210","Bhatti kites Shop","Kite Flying - Seller","F79X+VJM, Block E Phase 1 Johar Town, Lahore, Pakistan, Model Town","Model Town","03054503773","https://www.google.com/maps?q=31.4696840,74.2989730"
"3211","Jabar Kite Manufacturer","Kite Flying - Manufacturer","C8GW+4PP, Shadab Colony Rd, Sherwani Town, Lahore, Pakistan, Model Town","Model Town","03018441735","https://www.google.com/maps?q=31.4252760,74.3468210"
"3212","MSWAKITES","Kite Flying - Seller","House No. 241, Block C, Palm Housing Scheme, Tehsil Nishter Town, Lahore., Nishter Town","Nishter Town","03334123009","https://www.google.com/maps?q=31.3312890,74.3768450"
"3213","Unique Kite","Kite Flying - Seller","H7QX+2R3, Karim Park Lahore, Pakistan, Lahore City","Lahore City","03084893010","https://www.google.com/maps?q=31.5875010,74.2994960"
"3214","Dhaloki Basant Kite Flying","Kite Flying - Seller","9998+CC7, Main ahlo road, naw, Lahore, Pakistan, Nishter Town","Nishter Town","03044112140","https://www.google.com/maps?q=31.3686800,74.3661010"
"3215","Naqi Haider","Kite Flying - Seller","H8HF+J62, Kucha Baghicha Samadhi, Kucha Bhagicha Samdhi Mohalla Takia Sadhu Walled City of Lahore, Lahore, 54000, Pakistan, Lahore City","Lahore City","03228463912","https://www.google.com/maps?q=31.5790530,74.3230490"
"3216","Kite","Kite Flying - Seller","C963+8XP, Lahore – Kasur Rd, Glaxo Town, Lahore, Pakistan, Nishter Town","Nishter Town","03079744241","https://www.google.com/maps?q=31.4108830,74.3549520"
"3217","Khawaja Traders","Kite Flying - Seller","Office No 106, 1st Floor Al-Hamd Tower, 6-D, Barkat Market, New Garden Town, Lahore, Model Town","Model Town","03224419895","https://www.google.com/maps?q=31.4998010,74.3226090"
"3218","Sajid Kite Maker","Kite Flying - Manufacturer","H9VH+6M3, Madina Colony, Baghbanpura, Lahore, Pakistan, Shalimar Town","Shalimar Town","03089095712","https://www.google.com/maps?q=31.5930320,74.3790940"
"3219","M.s kites","Kite Flying - Manufacturer","C8W2+WC9, Township Block 2 Twp Sector C 1 Lahore, 54770, Pakistan, Model Town","Model Town","03074787064","https://www.google.com/maps?q=31.4473650,74.3013740"
"3220","BEAUTY SHOES","Kite Flying - Seller","G8W2+XVJ, Arjun St, Islamia Park Arya Nagar, Lahore, 54000, Pakistan, Lahore City","Lahore City","03334128766","https://www.google.com/maps?q=31.5477140,74.3022430"
"3221","Wasi Kite","Kite Flying - Seller","993J+F6, Lahore, Pakistan, Nishter Town","Nishter Town","03124600189","https://www.google.com/maps?q=31.3535710,74.3800730"
"3222","MAJEED PHARMACY","Kite Flying - Seller","54, Sector C DHA Phase 6, Lahore, Pakistan, Lahore Saddar","Lahore Saddar","03074766243","https://www.google.com/maps?q=31.4689490,74.4508300"
"3223","Malik Kit","Kite Flying - Manufacturer","Kaka pan shop, Shahdara more, Lahore, Pakistan, Ravi Town","Ravi Town","03244383603","https://www.google.com/maps?q=31.6387950,74.2973610"
"3224","SOHAIL kite","Kite Flying - Manufacturer","4 Major Jameel Shaheed Rd, Daroghe Wala, Lahore, 54000, Pakistan, Shalimar Town","Shalimar Town","03236229179","https://www.google.com/maps?q=31.5878090,74.3934190"
"3225","Fahad kite Trader","Kite Flying - Manufacturer","C9V5+57C, Gulshan Yaseen Colony, Lahore, Pakistan, Model Town","Model Town","03048143342","https://www.google.com/maps?q=31.4428020,74.3583420"
"3226","Waheed books &gifts shop","Kite Flying - Seller","G79R+VH8, Satluj Block Allama Iqbal Town, Lahore, 54000, Pakistan, Allama Iqbal","Allama Iqbal","03414748464","https://www.google.com/maps?q=31.5196480,74.2914640"
"3227","Bismillah Book Depot","Kite Flying - Seller","J7HW+452, Muslim Park Shahdara Town, Lahore, Pakistan, Ravi Town","Ravi Town","03224326564","https://www.google.com/maps?q=31.6277320,74.2953460"
"3228","ameer kite store","Kite Flying - Seller","G89F+JPX, Muslim Town, Lahore, 54000, Pakistan, Model Town","Model Town","03055402028","https://www.google.com/maps?q=31.5193420,74.3243820"
"3229","Mukrram Kite Saler","Kite Flying - Seller","FCR5+PV7, Nadirabad, Lahore, Pakistan, Lahore Cantt","Lahore Cantt","03009422173","https://www.google.com/maps?q=31.4918710,74.4096020"
"3230","Chaudhary Kites Seller","Kite Flying - Manufacturer","F87J+8RH, Talaah Bazar, Kot Lakhpat, Lahore, Pakistan, Model Town","Model Town","03114444285","https://www.google.com/maps?q=31.4633230,74.3321200"
"3231","Sheikh Kites","Kite Flying - Manufacturer","J7GQ+XFV, Shahdara Town, Shahdara, Pakistan, Ravi Town","Ravi Town","03214576722","https://www.google.com/maps?q=31.6278240,74.2891290"
"3232","SHABIR GENERAL STORE","Kite Flying - Seller","12 B Pak-Arab Housing Scheme Main Rd, Block B Pak-Arab Housing Scheme, Lahore, Pakistan, Nishter Town","Nishter Town","03066805598","https://www.google.com/maps?q=31.4325420,74.3545550"
"3233","Kites Roof Lahore","Kite Flying - Trader","724 Shadman Rd, Ichhra Shadman 1 Shadman, Lahore, 54000, Pakistan, Model Town","Model Town","03104969269","https://www.google.com/maps?q=31.5361270,74.3276830"
"3234","Sheikh G Kites","Kite Flying - Manufacturer","Rajababad, Bedian Rd, Nadirabad, Lahore, Pakistan, Lahore Cantt","Lahore Cantt","03064706307","https://www.google.com/maps?q=31.4927230,74.4075060"
"3235","Ghulam jelani door house","Kite Flying - Seller","House no 994 Sector D2 Sector D 2 Block 5 Green Town, Lahore, Pakistan, Model Town","Model Town","03094038791","https://www.google.com/maps?q=31.4310710,74.3065990"
"3236","Rana Traders","Kite Flying - Seller","19 Ghazali Rd, Samanabad Town, Lahore, 54000, Pakistan, Model Town","Model Town","03234575619","https://www.google.com/maps?q=31.5376270,74.3056530"
"3237","Bahtti Gernal Store","Kite Flying - Manufacturer","G9XP+R8Q, Old Officers Colony, Lahore, Pakistan, Lahore Cantt","Lahore Cantt","03244801132","https://www.google.com/maps?q=31.5495550,74.3857690"
"3238","Rana kite shop thoker niaz baig lahore","Kite Flying - Manufacturer","F6JQ+C23, Niazbeg Rd, Gulshan Town, Lahore, Pakistan, Allama Iqbal","Allama Iqbal","03008085124","https://www.google.com/maps?q=31.4810140,74.2375370"
"3239","Muhammad Zunair Kite Flying - Manufacturer","Kite Flying - Manufacturer","FFWQ+W7C, Padri Rd, Lahore, Pakistan, Lahore Cantt","Lahore Cantt","03224054799","https://www.google.com/maps?q=31.4974600,74.4884400"
"3240","Ali kite manufacturer","Kite Flying - Manufacturer","Plot 201, Khyber Block Allama Iqbal Town, Lahore, 54000, Pakistan, Model Town","Model Town","03049206376","https://www.google.com/maps?q=31.5243290,74.3001780"
"3241","RAJA JM 309 KITE SELLER","Kite Flying - Seller","1431 Dhaka Rd, Saddar Town, Lahore, 54000, Pakistan, Lahore Cantt","Lahore Cantt","03094211155","https://www.google.com/maps?q=31.5461920,74.3817500"
"3242","Vip kite saler","Kite Flying - Seller","F7V5+FGP, Mansoorha Main Bazaar Rd, Ghulshan Abbas Scheme #2 Gulshan Park Ittefaq Town, Lahore, Pakistan, Allama Iqbal","Allama Iqbal","03167175458","https://www.google.com/maps?q=31.4937530,74.2588200"
"3243","Waqas Mobile and Gift Shop","Kite Flying - Trader","GCVC+X23, Zarrar Shaheed Rd, Guldasht Town, Lahore, Pakistan, Shalimar Town","Shalimar Town","03234195789","https://www.google.com/maps?q=31.5448850,74.4200400"
"3244","Ali kite selling offical","Kite Flying - Seller","Plot 195, Khyber Block Allama Iqbal Town, Lahore, 54000, Pakistan, Model Town","Model Town","03049206376","https://www.google.com/maps?q=31.5247520,74.3000750"
"3245","Lahore kite seller","Kite Flying - Seller","H8PQ+Q5H, Chah Miran, Lahore, Pakistan, Ravi Town","Ravi Town","03224132311","https://www.google.com/maps?q=31.5870700,74.3381950"
"3246","M.s kites","Kite Flying - Seller","118 Street Number 3, Township Block 3 Twp Sector C 1 Lahore, 54770, Pakistan, Model Town","Model Town","03074787064","https://www.google.com/maps?q=31.4433810,74.3026280"
"3247","tajammal kite maker","Kite Flying - Manufacturer","J8H3+5J2, Ghoray Shah Rd, Shahdara Town, Lahore, Pakistan, Ravi Town","Ravi Town","03290023795","https://www.google.com/maps?q=31.6278420,74.3039790"
"3248","Bhatti kite house","Kite Flying - Trader","157-D Momin St, Al-Faisal Town, Lahore, Pakistan, Shalimar Town","Shalimar Town","03101403334","https://www.google.com/maps?q=31.5448570,74.4054560"
"3249","Awan kite makers","Kite Flying - Manufacturer","HCFV+P7R, Service Road, Asim Town, Lahore, Pakistan, Shalimar Town","Shalimar Town","03094317717","https://www.google.com/maps?q=31.5740010,74.4432950"
"3250","fp studio official","Kite Flying - Trader","G767+G54, Street 2, Madina Colony, Lahore, Pakistan, Lahore City","Lahore City","03044260566","https://www.google.com/maps?q=31.5112580,74.2629380"
"3251","AS TRADERS","Kite Flying - Manufacturer","HFW7+WFJ, Rehmatpura Nai Abadi, Lahore, Pakistan, Wahgah Town","Wahgah Town","03224582375","https://www.google.com/maps?q=31.5977890,74.4638360"
"3252","Hafiz Kite","Kite Flying - Manufacturer","H8PC+482, Kotwali Walla Bazar, Mohalla Buzurg Shah Nawan Mohalla Walled City of Lahore, Lahore, Pakistan, Lahore City","Lahore City","03078845020","https://www.google.com/maps?q=31.5851800,74.3209760"
"3253","Muhammad Ali Kite Flying - Seller","Kite Flying - Seller","H8H6+3H4, Mori Gali Bazar, Mohalla Sathan Walled City of Lahore, Lahore, 54000, Pakistan, Lahore City","Lahore City","03260420001","https://www.google.com/maps?q=31.5776500,74.3115000"
"3254","Honey Kite Maker","Kite Flying - Manufacturer","G92M+G99, Walton Cantt Board Officers Housing Society Cantt, Lahore, Pakistan, Lahore Cantt","Lahore Cantt","03254080693","https://www.google.com/maps?q=31.5014050,74.3833630"
"3255","Husnain Kites","Kite Flying - Manufacturer","H9GM+27M, Shalimar Link Road, Sahowari Ramgarh, Lahore, Pakistan, Shalimar Town","Shalimar Town","03024729225","https://www.google.com/maps?q=31.5751210,74.3836780"
"3256","Arsalan","Kite Flying - Seller","G9WG+VR5, Sarwar Rd, Bazaz Mohalla Lahore, Pakistan, Lahore Cantt","Lahore Cantt","03224216681","https://www.google.com/maps?q=31.5471340,74.3772110"
"3257","Abdullah kite house","Kite Flying - Seller","Chaudhary house, 27 Wafaqi Colony Rd, Wafaqi Colony, Lahore, Pakistan, Model Town","Model Town","03454070635","https://www.google.com/maps?q=31.4773470,74.2934570"
"3258","Shah kite","Kite Flying - Seller","H738+6C4, Band Rd, Lahore, 54000, Pakistan, Lahore City","Lahore City","03214327220","https://www.google.com/maps?q=31.5529120,74.2660700"
"3259","Apex Kites","Kite Flying - Seller","C6PQ+C8C, Ali Pur Rd, Hassanabad, Lahore, Pakistan, Allama Iqbal","Allama Iqbal","03137915145","https://www.google.com/maps?q=31.4362070,74.2378680"
"3260","Shoaib Kite Shop","Kite Flying - Seller","C9F6+3X8, Nishter Colony, Lahore, Pakistan, Nishter Town","Nishter Town","03066684214","https://www.google.com/maps?q=31.4226090,74.3622120"
"3261","Elisha Kite House","Kite Flying - Seller","House no 341, Strt no 4, G-Block Youhanabad Feroze pur road Lahore, Nishter Town","Nishter Town","03035270773","https://www.google.com/maps?q=31.4109000,74.3631000"
"3262","SAFE KITE SALLER","Kite Flying - Trader","Plot 434, Block A Revenue Society Block A Revenue Employees Cooperative Housing Society, Lahore, 54770, Pakistan, Allama Iqbal","Allama Iqbal","03074019052","https://www.google.com/maps?q=31.4531470,74.2845770"
"3263","Sohaib Kite","Kite Flying - Manufacturer","F8MV+G8C, Nishtar Town, Lahore, Pakistan, Model Town","Model Town","03004962981","https://www.google.com/maps?q=31.4839440,74.3429160"
"3264","AKMAL KITEZ","Kite Flying - Manufacturer","Shop #1, Basi More, Bund Rd, Daroghawala, Lahore, Punjab 54000, Shadipura, Lahore, Pakistan, Shalimar Town","Shalimar Town","03214968651","https://www.google.com/maps?q=31.5991640,74.4015930"
"3265","Elisha Kite House","Kite Flying - Manufacturer","House no 341, Strt no 4, G-Block Youhanabad Feroze pur road Lahore, Nishter Town","Nishter Town","03035270773","https://www.google.com/maps?q=31.4109000,74.3631000"
"3266","Amir mobile kite","Kite Flying - Manufacturer","H96Q+2PR, Ghaziabad, Lahore, Pakistan, Shalimar Town","Shalimar Town","03094717273","https://www.google.com/maps?q=31.5601160,74.3891140"
"3267","Safrish traders","Kite Flying - Trader","F7HX+4GP, Board of Revenue Housing Society BOR Society, Lahore, Pakistan, Model Town","Model Town","03009444401","https://www.google.com/maps?q=31.4778130,74.2988780"
"3268","Shoukat Kite","Kite Flying - Trader","G985+WJ9, Gurumangat Rd, Industrial Area Industrial Plots, Lahore, Pakistan, Lahore Cantt","Lahore Cantt","03008131880","https://www.google.com/maps?q=31.5172950,74.3590950"
"3269","Bhatti Kite","Kite Flying - Seller","H77R+7W2, Sanda Rd, National Town, Lahore, 54000, Pakistan, Lahore City","Lahore City","03238403347","https://www.google.com/maps?q=31.5631110,74.2922760"
"3270","Saad kite maker","Kite Flying - Manufacturer","171, Sector Y DHA Phase 3, Lahore, 54810, Pakistan, Lahore Saddar","Lahore Saddar","03245458373","https://www.google.com/maps?q=31.4747350,74.4290250"
"3271","Arshad","Kite Flying - Seller","C9M8+FX9, Usman park, Lahore, Pakistan, Nishter Town","Nishter Town","03080041746","https://www.google.com/maps?q=31.4337960,74.3673920"
"3272","Zohaib Kites","Kite Flying - Seller","H8GC+XM9, Mochi Gate Bazar, Kucha Chagtah Walled City of Lahore, Lahore, 54000, Pakistan, Lahore City","Lahore City","03218853788","https://www.google.com/maps?q=31.5774800,74.3217560"
"3273","Saim stationers and gift center","Kite Flying - Seller","Shop#5 L block main market, Sabzazar Block L Sabzazar Housing Scheme Phase 1 & 2 Lahore, Pakistan, Lahore City","Lahore City","03234778865","https://www.google.com/maps?q=31.5195490,74.2574830"
"3274","Kite manufacturing","Kite Flying - Manufacturer","F5GM+X2 Lahore, Pakistan, Allama Iqbal","Allama Iqbal","03074280283","https://www.google.com/maps?q=31.4774920,74.1826160"
"3275","SS Dore","Kite Flying - Trader","H77M+XFP, Muslim Road, Sanda Khurd Lahore, 54000, Pakistan, Lahore City","Lahore City","03229434586","https://www.google.com/maps?q=31.5648420,74.2839500"
"3276","Hashir manufacturer","Kite Flying - Manufacturer","H9Q3+X22, Kot Khawaja Saeed, Lahore, Pakistan, Shalimar Town","Shalimar Town","03061400691","https://www.google.com/maps?q=31.5898140,74.3520890"
"3277","Mian manufacturers","Kite Flying - Manufacturer","H8X2+VV5, Timber Market Rd, Timber Market Lahore, Pakistan, Ravi Town","Ravi Town","03204042529","https://www.google.com/maps?q=31.5996450,74.3021670"
"3278","Abdul Rehman Kite Shop","Kite Flying - Seller","H8GC+VJ6, Mochi Gate Walled City of Lahore, Lahore, 54000, Pakistan, Lahore City","Lahore City","03217175351","https://www.google.com/maps?q=31.5769420,74.3215820"
"3279","costly paper sticker and decoration house","Kite Flying - Seller","C8J2+67M, Bagrian Green Town, Lahore, Pakistan, Model Town","Model Town","03014134647","https://www.google.com/maps?q=31.4299670,74.3004950"
"3280","Sohaib Kite Trader","Kite Flying - Trader","F8FW+V4P, Nawaz Sharif Colony Nishtar Town, Lahore, Pakistan, Model Town","Model Town","03004962981","https://www.google.com/maps?q=31.4746850,74.3453030"
"3281","Abbasi Marriage Bureau lahore","Kite Flying - Manufacturer","J82C+37H, Data Nagar Badami Bagh, Lahore, Pakistan, Ravi Town","Ravi Town","03004405465","https://www.google.com/maps?q=31.6001630,74.3206160"
"3282","Kingdom kites","Kite Flying - Manufacturer","Plot 110, Block A1 Block A 1 Pia Housing Scheme, Lahore, 54770, Pakistan, Allama Iqbal","Allama Iqbal","03395858800","https://www.google.com/maps?q=31.4473350,74.2863460"
"3283","Talha kite center","Kite Flying - Manufacturer","G9G5+8WW, Block N Gulberg III, Lahore, Pakistan, Model Town","Model Town","03234887906","https://www.google.com/maps?q=31.5259250,74.3600090"
"3284","Data kite house","Kite Flying - Seller","Bhatti Chowk (RT18), Data Gunj Buksh Town, Lahore, 54000, Pakistan, Lahore City","Lahore City","03214679002","https://www.google.com/maps?q=31.5822950,74.3063500"
"3285","Kite Runner","Kite Flying - Manufacturer","F89J+W4P, SMA Hai Rd, Liaquatabad (Dhalla), Lahore, Pakistan, Model Town","Model Town","03009466836","https://www.google.com/maps?q=31.4699170,74.3301050"
"3286","Mirza Stationers","Kite Flying - Manufacturer","H8HF+H4X, Mohalla Shian Kashmirian Mohalla Takia Sadhu Walled City of Lahore, Lahore, 54000, Pakistan, Lahore City","Lahore City","03228042677","https://www.google.com/maps?q=31.5789000,74.3228880"
"3287","Vip kite saler","Kite Flying - Trader","F7V5+JH3, Crescent Town Gulshan Park Cresent Town, Lahore, Pakistan, Allama Iqbal","Allama Iqbal","03167175458","https://www.google.com/maps?q=31.4938040,74.2588650"
"3288","Pakistan kite house","Kite Flying - Manufacturer","H B-685 gali 7 I s mori Gate lahore 54000, Lahore City","Lahore City","03224547554","https://www.google.com/maps?q=31.5786080,74.3120050"
"3289","MALIK BROTHER,S","Kite Flying - Manufacturer","J85P+9WX, Shad Bagh Underpass, Bhagatpura, Lahore, Pakistan, Ravi Town","Ravi Town","03096551889","https://www.google.com/maps?q=31.6084620,74.3375410"
"3290","Asif Kite","Kite Flying - Seller","47 Ameer Rd, Data Gunj Buksh Town, Lahore, Pakistan, Lahore City","Lahore City","03244162947","https://www.google.com/maps?q=31.5802230,74.2976470"
"3291","SABZ Plastic industry","Kite Flying - Seller","J86H+458, Khokhar Pind, Lahore, Pakistan, Ravi Town","Ravi Town","03214366660","https://www.google.com/maps?q=31.6102920,74.3279390"
"3292","SS Dore","Kite Flying - Seller","H77M+XFP, Muslim Road, Sanda Khurd Lahore, 54000, Pakistan, Lahore City","Lahore City","03229434586","https://www.google.com/maps?q=31.5648420,74.2839500"
"3293","Olympic Kites","Kite Flying - Seller","H8WQ+2P4, Main Bazar Tajpura, Shad Bagh, Lahore, Pakistan, Ravi Town","Ravi Town","03274505788","https://www.google.com/maps?q=31.5939560,74.3366210"
"3294","Chintu kite trader","Kite Flying - Manufacturer","324, Hunza Block Allama Iqbal Town, Lahore, 54000, Pakistan, Model Town","Model Town","03010040539","https://www.google.com/maps?q=31.5142380,74.2934710"
"3295","Nawaz Kite selling","Kite Flying - Seller","Jallo, Main Jallo Rd, near BRB NAHIR, Dhuri, Lahore, Pakistan, Lahore Cantt","Lahore Cantt","03014527600","https://www.google.com/maps?q=31.5400390,74.4889400"
"3296","Joyed","Kite Flying - Seller","C9RQ+453, Kamahan - Lidher Rd, State Life Phase 1 State Life, Lahore, Pakistan, Nishter Town","Nishter Town","03104338687","https://www.google.com/maps?q=31.4405830,74.3880490"
"3297","USTAD SAQLAIN G","Kite Flying - Seller","HCC4+J8Q, Fateh Garh Main Bazar Rd, Fateh Garh Fatehgarh, Lahore, Pakistan, Shalimar Town","Shalimar Town","03134660533","https://www.google.com/maps?q=31.5717360,74.4058080"
"3298","Rajpoot trader","Kite Flying - Trader","H9XF+7CW, Gujjarpura, Lahore, Pakistan, Shalimar Town","Shalimar Town","03164891105","https://www.google.com/maps?q=31.5985180,74.3736150"
"3299","SM Kite House","Kite Flying - Manufacturer","G92M+C62, R A Bazaar Cantt, Lahore, Pakistan, Lahore Cantt","Lahore Cantt","03239995830","https://www.google.com/maps?q=31.5011080,74.3831010"
"3300","Amir Kite and Dor Seller","Kite Flying - Seller","G7VM+7F5, New Shalimar Rd, Shera Kot Lahore, 54000, Pakistan, Lahore City","Lahore City","03024884884","https://www.google.com/maps?q=31.5430000,74.2836560"
"3301","Nafees Kite Manufacture","Kite Flying - Manufacturer","J7GH+F37, Main bazar hameedpark, Chattha Park Shahdara Town, Shahdara, Pakistan, Ravi Town","Ravi Town","03224279270","https://www.google.com/maps?q=31.6263000,74.2778000"
"3302","Majid Trader","Kite Flying - Seller","C735+4H9, Block H Valencia, Lahore, Pakistan, Nishter Town","Nishter Town","03237797779","https://www.google.com/maps?q=31.4028850,74.2590830"
"3303","FALCON KITE MAKER","Kite Flying - Manufacturer","H79W+6HM, Harilodge Street No.39, Sant Nagar Islampura, Lahore, 54000, Pakistan, Lahore City","Lahore City","03055595737","https://www.google.com/maps?q=31.5680880,74.2963830"
"3304","MUHAMMAD ASLAM","Kite Flying - Manufacturer","H9GH+H9F, behind shalamar medical and dental college, Singhpura, Lahore, 54840, Pakistan, Shalimar Town","Shalimar Town","03244005154","https://www.google.com/maps?q=31.5765460,74.3785410"
"3305","Orbin","Kite Flying - Seller","Farooq-e-Azam Chowk, #2, Nadirabad Lahore, Pakistan, Lahore Cantt","Lahore Cantt","03151662325","https://www.google.com/maps?q=31.4957650,74.4090860"
"3306","Guddi door","Kite Flying - Seller","H927+QH3, Street # 24, Mustafabad, Lahore, Pakistan, Lahore Cantt","Lahore Cantt","03004784201","https://www.google.com/maps?q=31.6274250,74.3052480"
"3307","Saad Kite's","Kite Flying - Manufacturer","H8PW+99F, Chah Miran, Lahore, Pakistan, Ravi Town","Ravi Town","03024882737","https://www.google.com/maps?q=31.5855090,74.3460380"
"3308","Vip kite saler","Kite Flying - Manufacturer","F7V5+JH3, Crescent Town Gulshan Park Cresent Town, Lahore, Pakistan, Allama Iqbal","Allama Iqbal","03167175458","https://www.google.com/maps?q=31.4938080,74.2588440"
"3309","Smart Kite Seller","Kite Flying - Seller","299 Commercial Area, Sector Y DHA Phase 3, Lahore, Pakistan, Lahore Cantt","Lahore Cantt","03273331000","https://www.google.com/maps?q=31.4723560,74.3764290"
"3310","Rana Kite","Kite Flying - Trader","HCP6+PFH, Zaitoon Colony, Lahore, 54920, Pakistan, Shalimar Town","Shalimar Town","03213526002","https://www.google.com/maps?q=31.5863960,74.4105890"
"3311","Kites Flying","Kite Flying - Seller","kachi abadi chauhry colony auqab LOS Road Ferozpur Road, Lahore City","Lahore City","03486924879","https://www.google.com/maps?q=31.5468190,74.2972740"
"3312","Malik kite's","Kite Flying - Seller","HGW4+V8V, Service Road, Jallo More Lahore, Pakistan, Wahgah Town","Wahgah Town","03244594497","https://www.google.com/maps?q=31.5975470,74.5050400"
"3313","Madni Kite House","Kite Flying - Manufacturer","HCC9+FG4, Main Amir Town Rd, Canal Bank Housing Scheme, Lahore, Pakistan, Shalimar Town","Shalimar Town","03394383827","https://www.google.com/maps?q=31.5711480,74.4188300"
"3314","Awais General Store","Kite Flying - Trader","F73M+GPV, Suleman Nadvi Rd, Block D1 Block D 1 Phase 1 Johar Town, Lahore, 54770, Pakistan, Model Town","Model Town","03118819881","https://www.google.com/maps?q=31.4539140,74.2843530"
"3315","Saad Kite's","Kite Flying - Seller","H8PW+99F, Chah Miran, Lahore, Pakistan, Ravi Town","Ravi Town","03024882737","https://www.google.com/maps?q=31.5855100,74.3460390"
"3316","Shahmeer kite flying","Kite Flying - Manufacturer","H9JF+HP4, 231 Grand Trunk Rd, Commercial Area Baghbanpura, Lahore, 54000, Pakistan, Shalimar Town","Shalimar Town","03234471581","https://www.google.com/maps?q=31.5813140,74.3743520"
"3317","talha mujtaba traders","Kite Flying - Seller","G8R4+JJ4, Rasool Park, Lahore, 54000, Pakistan, Lahore City","Lahore City","03214208309","https://www.google.com/maps?q=31.5415670,74.3058880"
"3318","ALI MOBILE CENTRE","Kite Flying - Seller","41 Sher Shah Rd, Shad Bagh, Lahore, Pakistan, Ravi Town","Ravi Town","03214259765","https://www.google.com/maps?q=31.5975400,74.3461550"
"3319","Amjad Kite House","Kite Flying - Seller","H74J+5GX, Farrukh St, D1 Block Block D 1 Gulshan-e-Ravi, Lahore, 54000, Pakistan, Lahore City","Lahore City","03234067201","https://www.google.com/maps?q=31.5557450,74.2814460"
"3320","Mobile shop","Kite Flying - Seller","HC4C+93H, Yazdani Rd, Aziz Bhatti Town, Lahore, Pakistan, Shalimar Town","Shalimar Town","03078089727","https://www.google.com/maps?q=31.5559350,74.4202700"
"3321","Ali kite house","Kite Flying - Trader","F72X+28C, College Rd, Township Block 2 Twp Sector C 1 Lahore, 54600, Pakistan, Model Town","Model Town","03230013455","https://www.google.com/maps?q=31.4500390,74.2983740"
"3322","Az square","Kite Flying - Seller","H8V2+HVF, Ravi Rd, Ravi Park, Lahore, Pakistan, Ravi Town","Ravi Town","03260481466","https://www.google.com/maps?q=31.5940230,74.3021560"
"3323","MIAN KITE HOUSE","Kite Flying - Manufacturer","H9RJ+8QW, Street Number 181, Madina Colony Baghbanpura, Lahore, Pakistan, Shalimar Town","Shalimar Town","03244434991","https://www.google.com/maps?q=31.5906580,74.3820200"
"3324","AAA Kites","Kite Flying - Manufacturer","H873+C44, Liaqatabad Islampura, Lahore, 54000, Pakistan, Lahore City","Lahore City","03186175538","https://www.google.com/maps?q=31.5637490,74.3025790"
"3325","Usman Kites","Kite Flying - Seller","Plot 36, Block A 5 PGECHS, Lahore, 54770, Pakistan, Model Town","Model Town","03462078460","https://www.google.com/maps?q=31.4464090,74.2827410"
"3326","Umair kite","Kite Flying - Manufacturer","J776+2XP, Sharaqpur Road, Begum Kot Shahdara Town, Shahdara, Pakistan, Ravi Town","Ravi Town","03215461471","https://www.google.com/maps?q=31.6126200,74.2624140"
"3327","Moody Kites","Kite Flying - Seller","F9J8+H7V, St. 5, Pir Colony, Lahore, Pakistan, Model Town","Model Town","03214890494","https://www.google.com/maps?q=31.4810360,74.3656690"
"3328","Rising stars","Kite Flying - Seller","JC3G+3Q4, Lahore Ring Rd, Wahga Town, Lahore, Pakistan, Wahgah Town","Wahgah Town","03296962003","https://www.google.com/maps?q=31.6026440,74.4266870"
"3329","icarus","Kite Flying - Trader","Block 53, Plot Block 53, Askari I Askari 1, Lahore, 54000, Pakistan, Lahore Cantt","Lahore Cantt","03289781794","https://www.google.com/maps?q=31.5452200,74.3838320"
"3330","Moody Kites","Kite Flying - Manufacturer","F9J8+H7V, St. 5, Pir Colony, Lahore, Pakistan, Model Town","Model Town","03214890494","https://www.google.com/maps?q=31.4810300,74.3656620"
"3331","icarus","Kite Flying - Manufacturer","Block 53, Plot Block 53, Askari I Askari 1, Lahore, 54000, Pakistan, Lahore Cantt","Lahore Cantt","03289781794","https://www.google.com/maps?q=31.5452080,74.3836470"
"3332","KITES TAMAM","Kite Flying - Seller","G85R+RG8, Commercial Area Gulberg III, Lahore, Pakistan, Model Town","Model Town","03217208898","https://www.google.com/maps?q=31.5094510,74.3412860"
"3333","ZAIN COSMETIC GUFT CENTER","Kite Flying - Seller","GCVG+778, Zarrar Shaheed Rd, Gujjar Pura Aziz Bhatti Town, Lahore, Pakistan, Shalimar Town","Shalimar Town","03234840777","https://www.google.com/maps?q=31.5434070,74.4253130"
"3334","Fight Flying","Kite Flying - Seller","H76X+8V8, Prem Nagar Rajgarh, Lahore, 54000, Pakistan, Lahore City","Lahore City","03230470571","https://www.google.com/maps?q=31.5611370,74.2995820"
"3335","Bhatti Kite Seller","Kite Flying - Seller","FCW6+7RG, Ali Park Gulshan e Ali Colony, Lahore, 54790, Pakistan, Lahore Cantt","Lahore Cantt","03097881895","https://www.google.com/maps?q=31.4956970,74.4119110"
"3336","World Techni","Kite Flying - Manufacturer","J7FM+2JC, Aqsa Rd, Shahdara Town, Shahdara, Pakistan, Ravi Town","Ravi Town","03434438100","https://www.google.com/maps?q=31.6225730,74.2840210"
"3337","Butt hole sale dealer","Kite Flying - Seller","98V5+R73، Station Ada، Nangar Kana Kacha, لاہور, 55301, Pakistan, Nishter Town","Nishter Town","03008058102","https://www.google.com/maps?q=31.3945870,74.3081860"
"3338","New Shah G Kite","Kite Flying - Trader","H9CP+6HC, St 51, Sahowari Ramgarh, Lahore, Pakistan, Shalimar Town","Shalimar Town","03000111826","https://www.google.com/maps?q=31.5703500,74.3863990"
"3339","BISMILLAH KITE & DOR SELLER","Kite Flying - Seller","H8JV+WQ8, Sultan Pura Sultanpura Misri Shah, Lahore, Pakistan, Ravi Town","Ravi Town","03007433869","https://www.google.com/maps?q=31.5822260,74.3443730"
"3340","Arslan KITE Manufacturing","Kite Flying - Manufacturer","Liaqat Chowk Bus Stop, G7C9+9VV, Sabzazar Block C Sabzazar Housing Scheme Phase 1 & 2 Lahore, 54000, Pakistan, Lahore City","Lahore City","03259760945","https://www.google.com/maps?q=31.5211270,74.2697990"
"3341","Ahmad kite Saller","Kite Flying - Seller","CFV8+FJ, Sector E Dera Chahal, Lahore, Pakistan, Lahore Saddar","Lahore Saddar","03256003398","https://www.google.com/maps?q=31.4434170,74.4653950"
"3342","Ahmad","Kite Flying - Trader","CF5Q+64H, Heir, Lahore, Pakistan, Lahore Saddar","Lahore Saddar","03064403180","https://www.google.com/maps?q=31.4079590,74.4879110"
"3343","Kaif kit","Kite Flying - Manufacturer","H8J8+VGV, Gumti Bazar, Walled City of Lahore, Lahore, Pakistan, Lahore City","Lahore City","03161403551","https://www.google.com/maps?q=31.5822790,74.3164360"
"3344","Anwar Kite House","Kite Flying - Manufacturer","H862+P69, Sanda Rd, Islampura, Lahore, 54000, Pakistan, Lahore City","Lahore City","03194004849","https://www.google.com/maps?q=31.5618470,74.3005740"
"3345","SHEIKH KITE & DOR SELLER","Kite Flying - Seller","Plot 492, Karim Block Allama Iqbal Town, Lahore, Pakistan, Lahore City","Lahore City","03219999384","https://www.google.com/maps?q=31.5073820,74.2778580"
"3346","SAEED KITE CLUB","Kite Flying - Seller","H8WR+H69 New Chowk, Shad Bagh, Lahore, Pakistan, Ravi Town","Ravi Town","03059270553","https://www.google.com/maps?q=31.5964160,74.3407410"
"3347","WADDAY ROLAY PRODUCTION","Kite Flying - Seller","43 Quershi Street No. 12, near Jamia masjid Hanfia, Islampura, Lahore, 54000, Pakistan, Lahore City","Lahore City","03004422604","https://www.google.com/maps?q=31.5646430,74.2986250"
"3348","Sanaullah kite","Kite Flying - Seller","338, Central Park Housing Scheme, Lahore, Pakistan, Nishter Town","Nishter Town","03261225347","https://www.google.com/maps?q=31.3262770,74.3786250"
"3349","Tariq Dor Maker","Kite Flying - Manufacturer","J947+39W, China Scheme, Lahore, Pakistan, Shalimar Town","Shalimar Town","03213912007","https://www.google.com/maps?q=31.6052400,74.3637200"
"3350","Ali Bhai Patang Froosh","Kite Flying - Seller","G76W+P84, Najaf Colony Hunza Block Allama Iqbal Town, Lahore, Pakistan, Model Town","Model Town","03207911379","https://www.google.com/maps?q=31.5117710,74.2958520"
"3351","SHERAZ TRADERS","Kite Flying - Trader","FCXJ+QPQ, Block C DHA Phase 8, Lahore, Pakistan, Lahore Cantt","Lahore Cantt","03214610288","https://www.google.com/maps?q=31.4993890,74.4318750"
"3352","SAEED KITE CLUB","Kite Flying - Manufacturer","H8WQ+Q64, Amir Rd, Shad Bagh, Lahore, Pakistan, Ravi Town","Ravi Town","03059270553","https://www.google.com/maps?q=31.5969710,74.3379620"
"3353","Sehriyar kite shop","Kite Flying - Trader","HC82+86C, Ghazi Pul Muslimabad Tajpura, Lahore, Pakistan, Shalimar Town","Shalimar Town","03056222011","https://www.google.com/maps?q=31.5658520,74.4005640"
"3354","Hussain Kite Maker","Kite Flying - Manufacturer","G7VR+G5P Rescors, Insaaf Rd, Gulzaib Colony Samanabad Town, Lahore, 54000, Pakistan, Lahore City","Lahore City","03228407887","https://www.google.com/maps?q=31.5438850,74.2904280"
"3355","Rite Kite","Kite Flying - Manufacturer","171 Allama Iqbal Road Lahore., Lahore Cantt","Lahore Cantt","03024410055","https://www.google.com/maps?q=31.5517000,74.3641000"
"3356","SHAKEEL KITE FLYING","Kite Flying - Manufacturer","G7QH+Q99 Liberty roundabout, Shera Kot Lahore, 54000, Pakistan, Lahore City","Lahore City","03225517427","https://www.google.com/maps?q=31.5394440,74.2784790"
"3357","Trusty kites","Kite Flying - Seller","C9F4+7XX, Lahore – Kasur Rd, Shadab Garden, Lahore, Pakistan, Nishter Town","Nishter Town","03004755195","https://www.google.com/maps?q=31.4232960,74.3574770"
"3358","SHAKEEL KITE FLYING","Kite Flying - Seller","G7QH+Q99 Liberty roundabout, Shera Kot Lahore, 54000, Pakistan, Lahore City","Lahore City","03225517427","https://www.google.com/maps?q=31.5394440,74.2784790"
"3359","BEIJING CONNECTION TRAVEL & TOURS PVT LTD.","Kite Flying - Seller","Big City Plaza, Shop No G-3, Main Blvd, Block E2, Gulberg, Lahore, Punjab, Block E2 Block E 2 Gulberg III, Lahore, Pakistan, Model Town","Model Town","03104271994","https://www.google.com/maps?q=31.5104340,74.3397500"
"3360","VIP Book Center","Kite Flying - Seller","house no 220, street no 14, B-Block, Youhanabad, ferozepur road, Lahore, Nishter Town","Nishter Town","03168825901","https://www.google.com/maps?q=31.4109000,74.3631000"
"3361","Qaisar paper mart","Kite Flying - Seller","H8G6+7RM, Ganpat Rd, Anarkali Bazaar Lahore, 54000, Pakistan, Lahore City","Lahore City","03364226474","https://www.google.com/maps?q=31.5756820,74.3120120"
"3362","Dresscode.pk","Kite Flying - Manufacturer","514 UMER ALLAMA IQBAL, Karim Block Town, Lahore, 54570, Pakistan, Model Town","Model Town","03290290008","https://www.google.com/maps?q=31.5044860,74.2805090"
"3363","Malik kite's","Kite Flying - Trader","HGW4+V8V, Service Road, Jallo More Lahore, Pakistan, Wahgah Town","Wahgah Town","03244594497","https://www.google.com/maps?q=31.5976740,74.5050090"
"3364","Rafi Sanitary and Hardware Shop","Kite Flying - Seller","F86R+W38, Kot Lakhpat Station Rd, Ismail Nagar, Lahore, Pakistan, Model Town","Model Town","03059310448","https://www.google.com/maps?q=31.4621840,74.3400600"
"3365","Rana Kite Shop","Kite Flying - Trader","H78W+4PX, Qari Rd, Islampura, Lahore, 54000, Pakistan, Lahore City","Lahore City","03045608847","https://www.google.com/maps?q=31.5653080,74.2967970"
"3366","Malik kite's","Kite Flying - Manufacturer","HGW4+V8V, Service Road, Jallo More Lahore, Pakistan, Wahgah Town","Wahgah Town","03244594497","https://www.google.com/maps?q=31.5976910,74.5050160"
"3367","Dresscode.pk","Kite Flying - Trader","Gohar Plaza, Noor-ul-Ameen Rd, Karim Block, Allama Iqbal Town, Lahore, Punjab, G73J+R6W, Karim Block Allama Iqbal Town, Lahore, Pakistan, Model Town","Model Town","03290290008","https://www.google.com/maps?q=31.5045020,74.2805080"
"3368","Saith cloth house","Kite Flying - Manufacturer","FCQ6+5HR, Bedian Rd, Nadirabad Lahore, Pakistan, Lahore Cantt","Lahore Cantt","03239000906","https://www.google.com/maps?q=31.4879970,74.4113770"
"3369","Mayrim Nawaz kits flying","Kite Flying - Seller","Plot 72, Township Block 13 Sector B 1 Lahore, 54770, Pakistan, Model Town","Model Town","03004490912","https://www.google.com/maps?q=31.4594790,74.3076570"
"3370","Saeed Kite Seller","Kite Flying - Seller","HCF9+X2H, Canal Rd, near The Trust School, Amir Town Harbanspura, Lahore, 54000, Pakistan, Shalimar Town","Shalimar Town","03214426196","https://www.google.com/maps?q=31.5746240,74.4175780"
"3371","SHERAZ MANUFACTURER & TRADER","Kite Flying - Manufacturer","FCXJ+QPQ, Block C DHA Phase 8, Lahore, Pakistan, Lahore Cantt","Lahore Cantt","03214610288","https://www.google.com/maps?q=31.4993830,74.4318340"
"3372","Amir saeed","Kite Flying - Seller","G8J9+G73, Ichhra Shah Din Scheme Lahore, 54000, Pakistan, Model Town","Model Town","03158188867","https://www.google.com/maps?q=31.5313210,74.3182040"
"3373","Beelstep","Kite Flying - Trader","96M3+638, Fateh Singhwala Fateh Singh Wala, Lahore, Pakistan, Raiwind","Raiwind","03224715370","https://www.google.com/maps?q=31.3829820,74.2028870"
"3374","Kite Dorr Seller","Kite Flying - Seller","C8R6+7XW, local St, Kir Kalan Block 5 Sector D1 Lahore, Pakistan, Model Town","Model Town","03124031004","https://www.google.com/maps?q=31.4406800,74.3124060"
"3375","FARHAN PRINTS AND STATIONARY","Kite Flying - Seller","F7X6+XPQ, Hajvery Rd, Billal Town Kakazai, Lahore, Pakistan, Lahore City","Lahore City","03227885867","https://www.google.com/maps?q=31.4998870,74.2617740"
"3376","SS Kites","Kite Flying - Seller","Qadimi Shehar Inside Mori Gate, near Urdu Bazar, Mohalla Chiri Maran Kucha Baili Ram Walled City of Lahore, Lahore, 54000, Pakistan, Lahore City","Lahore City","03244350760","https://www.google.com/maps?q=31.5778480,74.3117200"
"3377","Alpha Kites","Kite Flying - Seller","G8W4+WCV, Tariq Rd, Islamia Park, Lahore, 54000, Pakistan, Lahore City","Lahore City","03706982662","https://www.google.com/maps?q=31.5472780,74.3058400"
"3378","Al-Hurmain","Kite Flying - Seller","Pir Colony Street No 4 Near Osama Bin Zaid Masjid Al-Hurmain Associat Agency Walton Road Lahore Cantt, Lahore Cantt","Lahore Cantt","03214163831","https://www.google.com/maps?q=31.5205290,74.3586400"
"3379","Mahboob Kite House","Kite Flying - Seller","F848+2QQ, Haider Rd, Block 4 - Sector A2 Block 4 Sector A 2 Lahore, 54770, Pakistan, Model Town","Model Town","03214138251","https://www.google.com/maps?q=31.4548800,74.3169830"
"3380","SRP TRADERS","Kite Flying - Trader","H7JX+V37, Data Gunj Buksh Town, Lahore, Pakistan, Lahore City","Lahore City","03087222266","https://www.google.com/maps?q=31.5821420,74.2975840"
"3381","akmal kites","Kite Flying - Trader","95QX+48C, Eastern Ave E, Safari Block Sector B Bahria Town, Lahore, Pakistan, Allama Iqbal","Allama Iqbal","03095263424","https://www.google.com/maps?q=31.3877120,74.1984220"
"3382","AZAM KITE MAKER","Kite Flying - Manufacturer","HospitalScheme # 2near, Kot Khawaja Saeed, Scheme No. 2 Scheme No 2, Lahore, Pakistan, Ravi Town","Ravi Town","03004498872","https://www.google.com/maps?q=31.5952720,74.3536370"
"3383","SR Kite Manufacturer","Kite Flying - Manufacturer","H9FX+75 Lahore, Pakistan, Shalimar Town","Shalimar Town","03099675668","https://www.google.com/maps?q=31.5732040,74.3979930"
"3384","U&Z PAPER MART","Kite Flying - Seller","16 Ganpat Rd, Anarkali Bazaar Lahore, 54000, Pakistan, Lahore City","Lahore City","03291998784","https://www.google.com/maps?q=31.5754420,74.3120340"
"3385","Waseem Kite House","Kite Flying - Manufacturer","J92W+PPQ, Mehmood Booti Bhagwal Nawan Mehmood Booti, Lahore, Pakistan, Shalimar Town","Shalimar Town","03098586048","https://www.google.com/maps?q=31.6022510,74.3973300"
"3386","BBC Kites","Kite Flying - Seller","H9PG+333, Madhu Lal Hussain Rd, Baghbanpura, Lahore, 54000, Pakistan, Shalimar Town","Shalimar Town","03191930012","https://www.google.com/maps?q=31.5851610,74.3751810"
"3387","Kite flaying Manufacturing","Kite Flying - Manufacturer","98MX+QPM, Lahore, Pakistan, Nishter Town","Nishter Town","03004735465","https://www.google.com/maps?q=31.3839520,74.3501640"
"3388","Khan Kite House","Kite Flying - Manufacturer","HFPH+538, Manawan, Lahore, Pakistan, Wahgah Town","Wahgah Town","03007887990","https://www.google.com/maps?q=31.5851330,74.4773990"
"3389","Gulzar Traders","Kite Flying - Seller","997J+GMG, new, Lahore, Pakistan, Nishter Town","Nishter Town","03067844501","https://www.google.com/maps?q=31.3633540,74.3823970"
"3390","Yaseen","Kite Flying - Trader","F664+V5R, Multan Rd, Shahpur Kanjra, Lahore, 54600, Pakistan, Allama Iqbal","Allama Iqbal","03249402141","https://www.google.com/maps?q=31.4622000,74.2053940"
"3391","Mian ali hasan","Kite Flying - Manufacturer","C5RW+H6P، Multan Road، Kot Gujra, Lahore, Pakistan, Allama Iqbal","Allama Iqbal","03085459785","https://www.google.com/maps?q=31.4414530,74.1955920"
"3392","Abid Kite House","Kite Flying - Seller","G7CC+84Q, Jamil Town Block A Sabzazar Housing Scheme Phase 1 & 2 Lahore, 54000, Pakistan, Lahore City","Lahore City","03164181756","https://www.google.com/maps?q=31.5208300,74.2703500"
"3393","Uraiz kit","Kite Flying - Manufacturer","815N Poonch Rd, Samanabad Town, Lahore, 54000, Pakistan, Model Town","Model Town","03244816859","https://www.google.com/maps?q=31.5337650,74.2996230"
"3394","Malik Kitex","Kite Flying - Seller","Plot 284, Block E Pia Housing Scheme, Lahore, 54770, Pakistan, Model Town","Model Town","03247711310","https://www.google.com/maps?q=31.4456500,74.2776560"
"3395","SS KITE HOUSE","Kite Flying - Seller","H845+9QW, Peer Bahawal Sher Rd, Mozang Chungi, Lahore, 54000, Pakistan, Lahore City","Lahore City","03004256056","https://www.google.com/maps?q=31.5560150,74.3091850"
"3396","Smart View","Kite Flying - Seller","Jalal Sons, 12-E Zanjani Rd, Main Market, Lahore, 54000, Pakistan, Model Town","Model Town","03214118008","https://www.google.com/maps?q=31.5237740,74.3456960"
"3397","Noman kite House","Kite Flying - Trader","G79F+CMC, Saeed Pur Main Rd, Sabzazar Block A Sabzazar Housing Scheme Phase 1 & 2 Lahore, 54000, Pakistan, Lahore City","Lahore City","03284491430","https://www.google.com/maps?q=31.5184970,74.2743890"
"3398","Shakeel door maker","Kite Flying - Manufacturer","J8H2+J6H, Shahdara Town, Lahore, 54000, Pakistan, Ravi Town","Ravi Town","03039951096","https://www.google.com/maps?q=31.6289050,74.3006540"
"3399","Rana Brothers Kite Seller","Kite Flying - Seller","C9X4+959, Sitara Colony Lahore, Pakistan, Model Town","Model Town","03239315187","https://www.google.com/maps?q=31.4483900,74.3555190"
"3400","DESIGN14","Kite Flying - Manufacturer","82 Munir St, Block C New Chauburji Park, Lahore, 54500, Pakistan, Lahore City","Lahore City","03219453499","https://www.google.com/maps?q=31.5510430,74.2911900"
"3401","Kahlid Maker","Kite Flying - Manufacturer","F88M+72P, Talaah Bazar, Pindi Rajputan Liaquatabad (Dhalla), Lahore, Pakistan, Model Town","Model Town","03044783303","https://www.google.com/maps?q=31.4658570,74.3325370"
"3402","come fly with me","Kite Flying - Trader","Plot 758, Block G4 Block G 4 Phase 2 Johar Town, Lahore, Pakistan, Allama Iqbal","Allama Iqbal","03004669998","https://www.google.com/maps?q=31.4700000,74.2700000"
"3403","Sarfraz kites","Kite Flying - Seller","FCR5+J92, Bedian Rd, Nadirabad, Lahore, 54792, Pakistan, Lahore Cantt","Lahore Cantt","03045525442","https://www.google.com/maps?q=31.4913950,74.4083390"
"3404","Rana Kites","Kite Flying - Manufacturer","H73X+R76, Shamnagar Rd, Sham Nagar Block B New Chauburji Park, Lahore, 54000, Pakistan, Lahore City","Lahore City","03014261772","https://www.google.com/maps?q=31.5545390,74.2981520"
"3405","Star Kite","Kite Flying - Seller","Central park housing scheme f block 933 main ferozpur road lahore, Nishter Town","Nishter Town","03174009447","https://www.google.com/maps?q=31.3070520,74.3887470"
"3406","AAA KITES","Kite Flying - Seller","Main Bazar Fazal Park Farkhabad, J75G+PF6, Bara Dari Rd, Shahdara Town, Shahdara, Pakistan, Ravi Town","Ravi Town","03138660066","https://www.google.com/maps?q=31.6092920,74.2761500"
"3407","Makkha trader","Kite Flying - Seller","H8MM+HV7, Misri Shah, Lahore, 54000, Pakistan, Ravi Town","Ravi Town","03154183036","https://www.google.com/maps?q=31.5838270,74.3345680"
"3408","Dewan Kit","Kite Flying - Seller","H No. 4 St No. 48 Moh Iqbal Road Chah Miran Rd, Chah Miran, Lahore, Pakistan, Ravi Town","Ravi Town","03259632342","https://www.google.com/maps?q=31.5881770,74.3470070"
"3409","M Hassan Suppliers (smc-pvt) ltd","Kite Flying - Seller","GCW3+RRX, Street 15, Al-Faisal Town, Lahore, Pakistan, Shalimar Town","Shalimar Town","03189493817","https://www.google.com/maps?q=31.5470880,74.4046180"
"3410","USAMA TRADERS","Kite Flying - Trader","H77J+PPX, Muslim Road, Sanda Khurd Lahore, 54000, Pakistan, Lahore City","Lahore City","03296228829","https://www.google.com/maps?q=31.5643550,74.2818570"
"3411","SpeedX Kites","Kite Flying - Seller","226 b, Commercial Zone Sector C Tulip Block Sector C Bahria Town, Lahore, Pakistan, Allama Iqbal","Allama Iqbal","03244004166","https://www.google.com/maps?q=31.3676520,74.1872730"
"3412","Sirajia trader","Kite Flying - Trader","99H6+Q2C, Faisal Town Rd, Kahna Nau, Kahna, Pakistan, Nishter Town","Nishter Town","03054573881","https://www.google.com/maps?q=31.3794740,74.3600070"
"3413","ARROWS ADVERTISING PVT LIMITED","Kite Flying Association","GC2H+F8, DHA Phase 8 DHA Commercial Broadway, Lahore, 54792, Pakistan, Lahore Cantt","Lahore Cantt","03227860177","https://www.google.com/maps?q=31.5011340,74.4285840"
"3414","Asif Kite Store","Kite Flying - Trader","C8VX+74F, Defence Rd, Mustafa Colony, Lahore, 54000, Pakistan, Model Town","Model Town","03034405961","https://www.google.com/maps?q=31.4433950,74.3478150"
"3415","Chaudhary Kites Seller","Kite Flying - Seller","F87J+8RH, Talaah Bazar, Kot Lakhpat, Lahore, Pakistan, Model Town","Model Town","03114444285","https://www.google.com/maps?q=31.4633110,74.3322070"
"3416","KITE CHAIN","Kite Flying - Manufacturer","C7PR+R8F, Sector C2 Awaisia Housing Scheme, Lahore, 54600, Pakistan, Model Town","Model Town","03124046151","https://www.google.com/maps?q=31.4368650,74.2908130"
"3417","Waqar kites","Kite Flying - Trader","Bazaar Laal khoh، inside Mochi Gate، Kucha Chagtah Walled City of Lahore, Lahore, 54000, Pakistan, Lahore City","Lahore City","03124044614","https://www.google.com/maps?q=31.5777730,74.3220350"
"3418","SHIRIN KITE","Kite Flying - Seller","H8J7+7MR, Kucha Baili Ram Walled City of Lahore, Lahore, 54000, Pakistan, Lahore City","Lahore City","03026475450","https://www.google.com/maps?q=31.5808930,74.3138680"
"3419","BigBro Kite Seller","Kite Flying - Seller","C9F9+7R Lahore, Pakistan, Nishter Town","Nishter Town","03181653166","https://www.google.com/maps?q=31.4231910,74.3695830"
"3420","Mian kites","Kite Flying - Trader","C9G6+2F8, Service Road, Sufiabad Lahore, Pakistan, Nishter Town","Nishter Town","03087909698","https://www.google.com/maps?q=31.4252230,74.3611300"
"3421","Ahtisham Kamboh Kite House","Kite Flying - Manufacturer","HCJ3+8V3, Post Office St, Shah Din Park Shalimar Housing Scheme, Lahore, 54000, Pakistan, Shalimar Town","Shalimar Town","03225375072","https://www.google.com/maps?q=31.5805900,74.4046220"
"3422","Fly Your Kite","Kite Flying - Seller","F89C+H4Q, Bhatti Colony, Lahore, 54600, Pakistan, Model Town","Model Town","03004090939","https://www.google.com/maps?q=31.4690280,74.3202780"
"3423","Olympic Kites","Kite Flying - Manufacturer","H8WQ+2P4, Main Bazar Tajpura, Shad Bagh, Lahore, Pakistan, Ravi Town","Ravi Town","03274505788","https://www.google.com/maps?q=31.5939450,74.3366210"
"3424","Khokhar Sports","Kite Flying - Seller","F952+FX5, Ghazi Rd, near PTCL Exchange, Main Defence Gul Colony, Lahore, Pakistan, Model Town","Model Town","03464478247","https://www.google.com/maps?q=31.4586130,74.3525210"
"3425","A to Z fashion Xlub","Kite Flying - Seller","H9W3+56G, Sher Shah Rd, Scheme No 2, Lahore, Pakistan, Ravi Town","Ravi Town","03214263396","https://www.google.com/maps?q=31.5953450,74.3530370"
"3426","AS Kite House","Kite Flying - Seller","329-A Tajpura scheme Mughalpura Lahore, Shalimar Town","Shalimar Town","03074347409","https://www.google.com/maps?q=31.5597730,74.4032230"
"3427","Rana Kites","Kite Flying - Seller","H73X+R76, Shamnagar Rd, Sham Nagar Block B New Chauburji Park, Lahore, 54000, Pakistan, Lahore City","Lahore City","03014261772","https://www.google.com/maps?q=31.5545390,74.2981520"
"3428","Arsal kite","Kite Flying - Seller","H8P6+JWF, Shahi Mohallah St, Shahi Mohallah Walled City of Lahore, Lahore, Pakistan, Lahore City","Lahore City","03244442061","https://www.google.com/maps?q=31.5865510,74.3123030"
"3429","Kite Maker ( Muhammad Kashif )","Kite Flying - Manufacturer","Kala Burj, H9JC+9JG, near yaqya wali gali, Baghbanpura, Lahore, 54000, Pakistan, Shalimar Town","Shalimar Town","03244046847","https://www.google.com/maps?q=31.5809360,74.3715670"
"3430","Imran Kite House","Kite Flying - Seller","H8M2+5M4, Bilal Ganj, Lahore, Pakistan, Lahore City","Lahore City","03004782435","https://www.google.com/maps?q=31.5831370,74.3014310"
"3431","Afzal lace house","Kite Flying - Seller","H8MC+898, Kashmiri Bazar, Mohalla Katra Bash Kucha Jamadaran Walled City of Lahore, Lahore, Pakistan, Lahore City","Lahore City","03244636268","https://www.google.com/maps?q=31.5833070,74.3209680"
"3432","SA kite Shop","Kite Flying - Seller","HCP8+4G3, Rajba Rd, Salamatpura, Lahore, Pakistan, Shalimar Town","Shalimar Town","03004149937, 03224571350","https://www.google.com/maps?q=31.5852830,74.4164430"
"3433","data kite house","Kite Flying - Trader","F647+P2R، بھٹیاں والی روڈ، Khanpur, Lahore, Pakistan, Allama Iqbal","Allama Iqbal","03037212099","https://www.google.com/maps?q=31.4568660,74.2122730"
"3434","Chishti store","Kite Flying - Trader","H9MG+8Q9, Haq Nawaz Rd, Baghbanpura, Lahore, 54000, Pakistan, Shalimar Town","Shalimar Town","03224210200","https://www.google.com/maps?q=31.5832650,74.3769290"
"3435","Pola guddi frosh","Kite Flying - Seller","H8W4+52G, Ravi Park, Lahore, Pakistan, Lahore City","Lahore City","03316200841","https://www.google.com/maps?q=31.5954170,74.3051640"
"3436","Flight Zone Kite Shop","Kite Flying - Seller","26 Street 2, Gopal Nagar Block P Gopal Nagar, Lahore, Pakistan, Model Town","Model Town","03204346504","https://www.google.com/maps?q=31.4876610,74.3442180"
"3437","Wind Master Kites","Kite Flying - Trader","240 Allama Iqbal Rd, Dharampura, Lahore, Pakistan, Lahore Cantt","Lahore Cantt","03484192903","https://www.google.com/maps?q=31.5506490,74.3682410"
"3438","Rent a Car","Kite Flying - Manufacturer","F88G+V53, Bilal St, Pindi Rajputan Kot Lakhpat, Lahore, Pakistan, Model Town","Model Town","03044368893","https://www.google.com/maps?q=31.4671930,74.3254030"
"3439","Kasuri Kites Manufacturers","Kite Flying - Manufacturer","F86G+2W9, Maulana Shaukat Ali Rd, Pindi Rajputan Kot Lakhpat, Lahore, 54700, Pakistan, Model Town","Model Town","03366537181","https://www.google.com/maps?q=31.4600230,74.3274390"
"3440","R&M Qadir","Kite Flying - Manufacturer","J7FP+HQV, Main Bazar Kot Shahab Din Rd, Shahdara Town, Lahore, Pakistan, Ravi Town","Ravi Town","03324403323","https://www.google.com/maps?q=31.6240070,74.2868240"
"3441","Najaf Kite House","Kite Flying - Seller","H8HC+27P, Dhal Mohalla Walled City of Lahore, Lahore, 54000, Pakistan, Lahore City","Lahore City","03214090735","https://www.google.com/maps?q=31.5775520,74.3210780"
"3442","qureshi photocopy and stationary","Kite Flying - Seller","F856+QP4, Sector B-1 Block 4 Sector B 1 Lahore, 54600, Pakistan, Model Town","Model Town","03340429443","https://www.google.com/maps?q=31.4594110,74.3118360"
"3443","come fly with me","Kite Flying - Seller","Plot 758, Block G4 Block G 4 Phase 2 Johar Town, Lahore, Pakistan, Allama Iqbal","Allama Iqbal","03004669998","https://www.google.com/maps?q=31.4700000,74.2700000"
"3444","Private limited","Kite Flying - Seller","Plot 611, Sector D2 Sector D 2 Block 1 Green Town, Lahore, Pakistan, Model Town","Model Town","03707196100","https://www.google.com/maps?q=31.4344560,74.3053090"
"3445","Kq sellers","Kite Flying - Trader","G8H6+MF9, Kamboh St, Ichhra chownk, Lahore, 54000, Pakistan, Model Town","Model Town","03074260805","https://www.google.com/maps?q=31.5291690,74.3112220"
"3446","R&M Qadir","Kite Flying - Seller","J7FP+HQV, Main Bazar Kot Shahab Din Rd, Shahdara Town, Lahore, Pakistan, Ravi Town","Ravi Town","03324403323","https://www.google.com/maps?q=31.6240070,74.2868240"
"3447","Kashi pan shop","Kite Flying - Trader","F9VQ+PQM, Nishat Colony Main Rd, Nishat Colony Lahore, Pakistan, Lahore Cantt","Lahore Cantt","03094221978","https://www.google.com/maps?q=31.4943030,74.3894330"
"3448","AMUR KITE HOUSE","Kite Flying - Seller","Paradise Caterer, 7 Begum Road, Mozang Chungi, Lahore, 54000, Pakistan, Lahore City","Lahore City","03003535492, 03220066840","https://www.google.com/maps?q=31.5585400,74.3111620"
"3449","Lord of Food","Kite Flying - Trader","CA-104, 105, 106, Block-A, 1 LORD OF FOOD Commercial, Area Fazaia Housing Schme-1, Lah, Raiwind","Raiwind","03068855588","https://www.google.com/maps?q=31.3697840,74.2365510"
"3450","Bismillah kite","Kite Flying - Seller","233 Grand Trunk Rd, Baghbanpura, Lahore, 54000, Pakistan, Shalimar Town","Shalimar Town","03244805160","https://www.google.com/maps?q=31.5827880,74.3742700"
"3451","EC Kites","Kite Flying - Seller","C9M6+HWM, Main Bazar Awan Market, Awan Market, Lahore, Pakistan, Nishter Town","Nishter Town","03124140008","https://www.google.com/maps?q=31.4339140,74.3623060"
"3452","HASNAIN KITE SELLER","Kite Flying - Seller","13 Mola Baksh Rd, Commercial Area Mozang Chungi, Lahore, 54000, Pakistan, Lahore City","Lahore City","03234356057","https://www.google.com/maps?q=31.5573790,74.3133760"
"3453","Junaid kite","Kite Flying - Manufacturer","29 Street No. 18, near Homoeopathic Hospital, Muhammad Nagar Garhi Shahu, Lahore, Pakistan, Shalimar Town","Shalimar Town","03244370803","https://www.google.com/maps?q=31.5639330,74.3404000"
"3454","Lahore kite festival","Kite Flying - Seller","H848+FJG, Temple Rd, Mozang Chungi, Lahore, 54000, Pakistan, Lahore City","Lahore City","03254495175","https://www.google.com/maps?q=31.5562160,74.3165340"
"3455","CU Trader","Kite Flying - Trader","H9CR+CJM, Lalpul, Nabi Pura Mughalpura, Lahore, Pakistan, Shalimar Town","Shalimar Town","03229075809","https://www.google.com/maps?q=31.5710530,74.3914610"
"3456","Khan kites","Kite Flying - Seller","Plot 981, Block E1 Block E 1 Phase 1 Johar Town, Lahore, Pakistan, Model Town","Model Town","03350096078","https://www.google.com/maps?q=31.4722170,74.2939810"
"3457","Zeeshan trader","Kite Flying - Trader","H8HJ+R9F, Landa Bazaar, Naulakha, Lahore, 54000, Pakistan, Ravi Town","Ravi Town","03164049834","https://www.google.com/maps?q=31.5796620,74.3308970"
"3458","FlyingK","Kite Flying - Trader","286, Kabootar Pura Block A 3 Gulberg III, Lahore, Pakistan, Lahore Cantt","Lahore Cantt","03006788809","https://www.google.com/maps?q=31.5042730,74.3551910"
"3459","Patangbaz kites","Kite Flying - Seller","F9MC+JRG, Qadri Colony, Lahore, Pakistan, Lahore Cantt","Lahore Cantt","03234267520","https://www.google.com/maps?q=31.4840700,74.3720770"
"3460","Steven Food Gallery","Kite Flying - Seller","98GX+244, Butter Town, Kahna Nau, Lahore, Pakistan, Nishter Town","Nishter Town","03127858314","https://www.google.com/maps?q=31.3750000,74.3475560"
"3461","HMB Kites","Kite Flying - Trader","C9RW+M74, Block G State Life Phase 1 State Life, Lahore, Pakistan, Nishter Town","Nishter Town","03344666008","https://www.google.com/maps?q=31.4416350,74.3956870"
"3462","MS Enterprises","Kite Flying - Trader","952F+75F, Bahria Town, Lahore, Pakistan, Raiwind","Raiwind","03467789116, 03322880881","https://www.google.com/maps?q=31.3506640,74.1732370"
"3463","Der Ala Kite Store","Kite Flying - Seller","3 Sehar Road, Singhpura, Lahore, 54000, Pakistan, Shalimar Town","Shalimar Town","03167829426","https://www.google.com/maps?q=31.5795830,74.3751230"
"3464","Syed Kite Traders","Kite Flying - Trader","1 Tajpura Main Rd, Tajpura, Lahore, Pakistan, Shalimar Town","Shalimar Town","03248430329","https://www.google.com/maps?q=31.5614000,74.3979000"
"3465","Saqib karyana store","Kite Flying - Trader","Shop no.380 street no.17, near lesco office, R A Bazaar Cantt, Lahore, Pakistan, Lahore Cantt","Lahore Cantt","03043954203","https://www.google.com/maps?q=31.5029750,74.3839060"
"3466","shah kites","Kite Flying - Seller","Plot 155, Sector B Umer Block Sector B Bahria Town, Lahore, Pakistan, Allama Iqbal","Allama Iqbal","03204884239","https://www.google.com/maps?q=31.3822810,74.1985850"
"3467","HASNAIN KITE TRADER","Kite Flying - Trader","13 Mola Baksh Rd, Commercial Area Mozang Chungi, Lahore, 54000, Pakistan, Lahore City","Lahore City","03234356057","https://www.google.com/maps?q=31.5573810,74.3133740"
"3468","Visible Winner","Kite Flying - Seller","Plot 188, Abbas Block Mustafa Town, Lahore, Pakistan, Allama Iqbal","Allama Iqbal","03054467340","https://www.google.com/maps?q=31.4906330,74.2690490"
"3469","Fort Chaki Ata","Kite Flying - Seller","C9PC+X5C, Gulshan Yaseen Colony, Lahore, Pakistan, Nishter Town","Nishter Town","03284518184","https://www.google.com/maps?q=31.4374560,74.3701970"
"3470","NAVEED KITE FLYING","Kite Flying - Seller","F9WG+F8M، Walton Road، Cantt, Lahore, Pakistan, Lahore Cantt","Lahore Cantt","03024114266","https://www.google.com/maps?q=31.4962080,74.3757910"
"3471","numan kites traders","Kite Flying - Trader","H8H7+X5M, Kucha Baili Ram Walled City of Lahore, Lahore, 54000, Pakistan, Lahore City","Lahore City","03238416499","https://www.google.com/maps?q=31.5799830,74.3128770"
"3472","Mahrukh Tution Center","Kite Flying - Seller","2 Aziz St., Maraghzar Colony Block H Marghzar Housing Scheme, Lahore, Pakistan, Allama Iqbal","Allama Iqbal","03347774954","https://www.google.com/maps?q=31.5005000,74.2427980"
"3473","Shahzad Muhammad Ali Kite Flying - Trader","Kite Flying - Trader","F7M4+VF5, Mustafa Town, Lahore, Pakistan, Allama Iqbal","Allama Iqbal","03164389086","https://www.google.com/maps?q=31.4840500,74.2560100"
"3474","Shaheen kites","Kite Flying - Seller","C7HV+53P, main sheraz town, Bagrian Shiraz Town, Lahore, Pakistan, Model Town","Model Town","03150440999","https://www.google.com/maps?q=31.4279900,74.2923710"
"3475","Kashii pan shop","Kite Flying - Manufacturer","F9VQ+PQM, Nishat Colony Main Rd, Nishat Colony Lahore, Pakistan, Lahore Cantt","Lahore Cantt","03056516860","https://www.google.com/maps?q=31.4942730,74.3894760"
"3476","Decent collection","Kite Flying - Trader","1194 Delhi Rd, Kharas Mohalla, Lahore, Pakistan, Lahore Cantt","Lahore Cantt","03055538722","https://www.google.com/maps?q=31.5470560,74.3776340"
"3477","Basant Studio","Kite Flying - Seller","H972+3H4, Garhi Shahu, Lahore, 54000, Pakistan, Shalimar Town","Shalimar Town","03224051771","https://www.google.com/maps?q=31.5627080,74.3514090"
"3478","Saith febrics","Kite Flying - Trader","FCQ6+5HR, Bedian Rd, Nadirabad Lahore, Pakistan, Lahore Cantt","Lahore Cantt","03219000906","https://www.google.com/maps?q=31.4879970,74.4113770"
"3479","Mukhtar kite makar","Kite Flying - Seller","7 Ahbab Colony Rd, Canal View, Lahore, 54000, Pakistan, Allama Iqbal","Allama Iqbal","03073209000","https://www.google.com/maps?q=31.4848510,74.2496480"
"3480","NASIR DAYERS & DUPATTA CENTER","Kite Flying - Seller","F89J+PVP, Model Town Extension Block S Model Town, Lahore, Pakistan, Model Town","Model Town","03054158414","https://www.google.com/maps?q=31.4693380,74.3321870"
"3481","Pouch House","Kite Flying - Seller","Pouch House Opposite Askari 11 main bedian road Lahore, Wahgah Town","Wahgah Town","03071639167","https://www.google.com/maps?q=31.4635550,74.4352960"
"3482","Ahsan Kite House","Kite Flying - Seller","F9M8+PHM, Street 1, Qadri Colony, Lahore, Pakistan, Lahore Cantt","Lahore Cantt","03224255618","https://www.google.com/maps?q=31.4843080,74.3664950"
"3483","Manhil Water","Kite Flying - Seller","H76V+8HV, Zahoor St, National Town Lahore, 54000, Pakistan, Lahore City","Lahore City","03021470901","https://www.google.com/maps?q=31.5609920,74.2940780"
"3484","SUN SHINE DETAILING","Kite Flying - Seller","C7CJ+2GX, Eden Boulevard Block A Military Accounts Chs, Lahore, Pakistan, Model Town","Model Town","03184524885","https://www.google.com/maps?q=31.4200550,74.2814420"
"3485","SM kite","Kite Flying - Trader","HC88+4GW, Manzoor Colony Taj Bagh Scheme, Lahore, Pakistan, Shalimar Town","Shalimar Town","03703813301","https://www.google.com/maps?q=31.5655690,74.4162120"
"3486","ALI RAZA KITES","Kite Flying - Seller","F7Q2+HP2, Mindset Rd, Ittefaq Town, Lahore, Pakistan, Allama Iqbal","Allama Iqbal","03336535406","https://www.google.com/maps?q=31.4889040,74.2517480"
"3487","Faizan Seller 🪁","Kite Flying - Seller","19 main Urdu Bazar, Anarkali Bazaar Lahore, 54000, Pakistan, Lahore City","Lahore City","03218538456","https://www.google.com/maps?q=31.5759530,74.3089340"
"3488","Ghazal kite house","Kite Flying - Manufacturer","427 N Block, Plot 427, Sector N Dha Phase 1, Lahore, Pakistan, Lahore Cantt","Lahore Cantt","03076159923","https://www.google.com/maps?q=31.4895470,74.3941050"
"3489","H H KITE SALLER","Kite Flying - Manufacturer","Butt Chowk, Sector C2 Mateen Avenue, Lahore, 54770, Pakistan, Lahore City","Lahore City","03224441218","https://www.google.com/maps?q=31.4431500,74.2943400"
"3490","Butt kites Traders","Kite Flying - Trader","G7MC+7VG, Kot Kamboh Lahore, 54000, Pakistan, Lahore City","Lahore City","03064737175","https://www.google.com/maps?q=31.5332000,74.2722000"
"3491","Kite seller","Kite Flying - Seller","Badshahi Mosque, Badshahi Mosque, Fort Rd, Walled City of Lahore, Lahore, 54000, Pakistan, Lahore City","Lahore City","03034080728","https://www.google.com/maps?q=31.5881870,74.3091200"
"3492","Falco","Kite Flying - Seller","F7JF+CPM, Block A Phase 1 P.C.S.I.R. 1, Lahore, Pakistan, Allama Iqbal","Allama Iqbal","03334905522, 03139405493","https://www.google.com/maps?q=31.4810650,74.2742100"
"3493","Amin Kites Seller","Kite Flying - Seller","3 Sehar Road, Singhpura, Lahore, 54000, Pakistan, Shalimar Town","Shalimar Town","03224505360","https://www.google.com/maps?q=31.5795830,74.3751230"
"3494","ALI RAZA KITES","Kite Flying - Trader","F7Q2+HP2, Mindset Rd, Ittefaq Town, Lahore, Pakistan, Allama Iqbal","Allama Iqbal","03336535406","https://www.google.com/maps?q=31.4888370,74.2517360"
"3495","Kasuri Kites Sellers","Kite Flying - Seller","F86G+2W9, Maulana Shaukat Ali Rd, Pindi Rajputan Kot Lakhpat, Lahore, 54700, Pakistan, Model Town","Model Town","03091014589","https://www.google.com/maps?q=31.4601850,74.3273330"
"3496","Hasnain enterprises","Kite Flying - Seller","F7Q6+76Q, Hanjarwal, Lahore, 54030, Pakistan, Allama Iqbal","Allama Iqbal","03224414468","https://www.google.com/maps?q=31.4881060,74.2608270"
"3497","Haashtag Kids","Kite Flying - Seller","304 Main Boulevard Sabzazar, Sabzazar Block G Sabzazar Housing Scheme Phase 1 & 2 Lahore, 54000, Pakistan, Lahore City","Lahore City","03278180356","https://www.google.com/maps?q=31.5204690,74.2690050"
"3498","AL FALAH KITE HOUSE","Kite Flying - Seller","230 Ravi Rd, Ravi Park, Lahore, 54000, Pakistan, Lahore City","Lahore City","03227706666","https://www.google.com/maps?q=31.5924140,74.3055010"
"3499","AIMS TRADERS","Kite Flying - Trader","Plot 108, Township Block 1 Twp Sector C 2 Lahore, 54600, Pakistan, Model Town","Model Town","03392221444","https://www.google.com/maps?q=31.4383970,74.2932760"
"3500","H H KITE SALLER","Kite Flying - Seller","Butt Chowk, Sector C2 Mateen Avenue, Lahore, 54770, Pakistan, Lahore City","Lahore City","03224441218","https://www.google.com/maps?q=31.4431500,74.2943400"
"3501","Abbas Kites Centre","Kite Flying - Seller","F994+C64, Street 7, Amar Sidhu Nishtar Town, Lahore, Pakistan, Model Town","Model Town","03234350569","https://www.google.com/maps?q=31.4690790,74.3560330"
"3502","Kashish","Kite Flying - Trader","G9C5+5GF, Block N Gulberg III, Lahore, Pakistan, Lahore Cantt","Lahore Cantt","03084354703","https://www.google.com/maps?q=31.5204390,74.3588120"
"3503","Shah kite House","Kite Flying - Seller","Plot 157, Township Block 8 Sector B 1 Lahore, 54600, Pakistan, Model Town","Model Town","03020433909","https://www.google.com/maps?q=31.4621610,74.3120040"
"3504","Ustad papu","Kite Flying - Seller","GCJR+3G7, Barki Rd, opposite Alflah bank, Block J Park View CHS, Lahore, Pakistan, Lahore Cantt","Lahore Cantt","03224308460","https://www.google.com/maps?q=31.5301660,74.4412920"
"3505","Well done traders","Kite Flying - Trader","J8G2+C39, Haq Bahu Rd, Shahdara Town, Shahdara, Pakistan, Ravi Town","Ravi Town","03214316296","https://www.google.com/maps?q=31.6259860,74.3002720"
"3506","Lahore kite hub","Kite Flying - Seller","C8JH+6MF, Chandrāi Chandrai, Lahore, Pakistan, Model Town","Model Town","03184911184","https://www.google.com/maps?q=31.4305650,74.3291510"
"3507","Mian kite trader","Kite Flying - Trader","Street No 20 Rasheed Pura Rd, Lahore, 54000, Pakistan, Shalimar Town","Shalimar Town","03008880948","https://www.google.com/maps?q=31.5791950,74.3947930"
"3508","Shah g kite House","Kite Flying - Trader","206 Street B, Shera Kot Gulshan-e-Ravi, Lahore, 54920, Pakistan, Lahore City","Lahore City","03014192386","https://www.google.com/maps?q=31.5386490,74.2793870"
"3509","Ahil Kites","Kite Flying - Trader","Plot 798, Sabzazar Block H Sabzazar Housing Scheme Phase 1 & 2 Lahore, Pakistan, Lahore City","Lahore City","03244123366","https://www.google.com/maps?q=31.5127980,74.2675440"
"3510","Chaudhary seller","Kite Flying - Seller","J7GX+PRP، Jhalaran Road، Muslim Park Shahdara Town, Shahdara, Pakistan, Ravi Town","Ravi Town","03304591220","https://www.google.com/maps?q=31.6266610,74.2997460"
"3511","Rakshan kite Trades","Kite Flying - Trader","350 Street 7, Sector CC Dha Phase 4, Lahore, Pakistan, Lahore Cantt","Lahore Cantt","03434453094","https://www.google.com/maps?q=31.4637000,74.3804440"
"3512","AKD manufacturer","Kite Flying - Manufacturer","C9G7+CMX, Sufiabad Main Rd, Sufiabad Lahore, Pakistan, Nishter Town","Nishter Town","03084914950","https://www.google.com/maps?q=31.4262240,74.3641450"
"3513","M.s kites","Kite Flying - Trader","118 Street Number 3, Township Block 3 Twp Sector C 1 Lahore, 54770, Pakistan, Model Town","Model Town","03074787064","https://www.google.com/maps?q=31.4433810,74.3026280"
"3514","Umair kite","Kite Flying - Seller","J776+2XP, Sharaqpur Road, Begum Kot Shahdara Town, Shahdara, Pakistan, Ravi Town","Ravi Town","03215461471","https://www.google.com/maps?q=31.6124810,74.2623660"
"3515","Township Bakery","Kite Flying - Seller","F835+3X9, Township Block 1 Sector A 2 Lahore, Pakistan, Model Town","Model Town","03224345917","https://www.google.com/maps?q=31.4526520,74.3100160"
"3516","CHISHTI KITE TRADERS","Kite Flying - Trader","140 Grand Trunk Rd, opposite layers, Baghbanpura, Lahore, 54000, Pakistan, Shalimar Town","Shalimar Town","03014024027","https://www.google.com/maps?q=31.5787910,74.3696390"
"3517","Feroz Traders","Kite Flying - Trader","H8F4+H3F, Lower Mall, Data Gunj Buksh Town, Lahore, 54000, Pakistan, Lahore City","Lahore City","03224783287","https://www.google.com/maps?q=31.5738970,74.3051510"
"3518","Ujjla Kite Centre","Kite Flying - Seller","H93R+8WR، سولنگ روڈ، Usman Colony Lahore, Pakistan, Lahore Cantt","Lahore Cantt","03008108575","https://www.google.com/maps?q=31.5534010,74.3922200"
"3519","SAM Kites","Kite Flying - Seller","H8FC+XMC, Gawalmandi, Lahore, 54000, Pakistan, Shalimar Town","Shalimar Town","03045686104","https://www.google.com/maps?q=31.5750640,74.3214550"
"3520","Ehsham Trader","Kite Flying - Trader","HCM5+Q55, Zaitoon Colony, Lahore, Pakistan, Shalimar Town","Shalimar Town","03281051519","https://www.google.com/maps?q=31.5848860,74.4079860"
"3521","Gudda Traders","Kite Flying - Trader","Plot 320, Punjab Block Chinar Bagh, Lahore, Pakistan, Raiwind","Raiwind","03337007770","https://www.google.com/maps?q=31.3177740,74.2517030"
"3522","Kite flying","Kite Flying - Seller","F85H+FHX, Quaid-e-Azam Industrial Estate Quaid e Azam Industrial Estate, Lahore, Pakistan, Model Town","Model Town","03027205035","https://www.google.com/maps?q=31.4587140,74.3289690"
"3523","K&K KITES","Kite Flying - Trader","Gunpat Rd, New Anarkali, Civil Lines, Lahore, Punjab, H8G6+9WR, Anarkali Bazaar Lahore, 54000, Pakistan, Lahore City","Lahore City","03314033141","https://www.google.com/maps?q=31.5759820,74.3122350"
"3524","Zahid Trader","Kite Flying - Seller","H8RQ+H6V Inqilabi children park, Chah Miran, Lahore, Pakistan, Ravi Town","Ravi Town","03074765685","https://www.google.com/maps?q=31.5916350,74.3380880"
"3525","CHAUDHARY sportswear and garments","Kite Flying - Trader","Panoram centre shop 82g Shahrah-e-Quaid-e-Azam, opp. Masjid-e-Shohda, Mayo Gardens Garhi Shahu, Lahore, 54000, Pakistan, Lahore City","Lahore City","03099868226","https://www.google.com/maps?q=31.5616700,74.3211580"
"3526","Chaudhary traders","Kite Flying - Trader","F927+9RW, Street 2, Sitara Colony Lahore, Pakistan, Model Town","Model Town","03214825399, 03234296938","https://www.google.com/maps?q=31.4509760,74.3645660"
"3527","Haji sabzi wala","Kite Flying - Seller","G7HF+PQF, Nagra Rd, Jhugian Nagra Kot Muhammadi, Lahore, 54000, Pakistan, Lahore City","Lahore City","03024678843","https://www.google.com/maps?q=31.5292970,74.2743980"
"3528","AKD Traders","Kite Flying - Trader","C9G7+CMX, Sufiabad Main Rd, Sufiabad Lahore, Pakistan, Nishter Town","Nishter Town","03084914950","https://www.google.com/maps?q=31.4262240,74.3641450"
"3529","Sheikh kite House","Kite Flying - Trader","05, opposite Himayat islam college, Sabzazar Block B Sabzazar Housing Scheme Phase 1 & 2 Lahore, 54000, Pakistan, Lahore City","Lahore City","03004376273","https://www.google.com/maps?q=31.5251350,74.2821120"
"3530","Cyber Kites","Kite Flying - Manufacturer","430 Ali Town Rd, A Ali Town, Lahore, Pakistan, Allama Iqbal","Allama Iqbal","03020123777","https://www.google.com/maps?q=31.4625750,74.2460270"
"3531","Fatima and Sadia garments","Kite Flying - Seller","F9VF+HGR, Service Rd, Super Town Lahore, Pakistan, Lahore Cantt","Lahore Cantt","03208442232","https://www.google.com/maps?q=31.4939690,74.3737080"
"3532","Moazz kites","Kite Flying - Manufacturer","CFVF+5C6, Dera Chahal, Lahore, Pakistan, Lahore Saddar","Lahore Saddar","03296004554","https://www.google.com/maps?q=31.4427750,74.4735940"
"3533","S.A kite","Kite Flying - Trader","2 Lajpat Rd, Chattha Park Shahdara Town, Shahdara, Pakistan, Ravi Town","Ravi Town","03234680725","https://www.google.com/maps?q=31.6252620,74.2804220"
"3534","Abdul Haq & Sons","Kite Flying - Seller","H7QX+2GX, Karim Park Lahore, Pakistan, Lahore City","Lahore City","03456299293","https://www.google.com/maps?q=31.5875370,74.2988470"
"3535","Awais Kite","Kite Flying - Seller","C79V+79G, Bagrian Hakim Town, Lahore, Pakistan, Model Town","Model Town","03234240431","https://www.google.com/maps?q=31.4181990,74.2934450"
"3536","Shahmeer kite flying","Kite Flying - Manufacturer","H9MM+Q4 Lahore, Pakistan, Shalimar Town","Shalimar Town","03234471581","https://www.google.com/maps?q=31.5843850,74.3827630"
"3537","Anthone Younas","Kite Flying - Trader","G7RC+JQP, 60 Feet Rd, Babu Sabu Lahore, 54000, Pakistan, Lahore City","Lahore City","03074522772","https://www.google.com/maps?q=31.5413380,74.2716330"
"3538","Haji Naan Shop","Kite Flying - Seller","20, Satluj Block Allama Iqbal Town, Lahore, 54570, Pakistan, Lahore City","Lahore City","03215176417","https://www.google.com/maps?q=31.5216860,74.2932200"
"3539","Lahore Online","Kite Flying - Seller","H972+3MR, Road, Railway Colony Garhi Shahu, Lahore, 54000, Pakistan, Shalimar Town","Shalimar Town","03334407305","https://www.google.com/maps?q=31.5626490,74.3517840"
"3540","M.A Kite Makers","Kite Flying - Manufacturer","G7XF+V2H, Block H Gulshan-e-Ravi, Lahore, 54000, Pakistan, Lahore City","Lahore City","03214089710","https://www.google.com/maps?q=31.5497220,74.2724620"
"3541","Mian Sheroze","Kite Flying - Seller","C67C+J9F, Talib Ganj Sher Shah Colony, Lahore, Pakistan, Allama Iqbal","Allama Iqbal","03224339037, 03234319656","https://www.google.com/maps?q=31.4140680,74.2205850"
"3542","Umaid kites","Kite Flying - Trader","Last Bus Stop, Krishan Nagar Lahore, 54000, Pakistan, Lahore City","Lahore City","03234453181","https://www.google.com/maps?q=31.5643690,74.2904010"
"3543","Shakeel trader","Kite Flying - Trader","H7RX+5Q4, Makkah Rd, Karim Park Lahore, Pakistan, Lahore City","Lahore City","03424063506","https://www.google.com/maps?q=31.5904610,74.2993690"
"3544","alnoor trading","Kite Flying - Seller","J7MH+7RJ, Wandala Rd, Shahdara Town, Shahdara, Pakistan, Ravi Town","Ravi Town","03284242004","https://www.google.com/maps?q=31.6332150,74.2796210"
"3545","Kite","Kite Flying - Seller","bhatti chowk, shadab town, main gate، C9C7+G36، opposite nishter main bazar، Nishter Colony, Lahore, Pakistan, Nishter Town","Nishter Town","03224765987","https://www.google.com/maps?q=31.4212890,74.3626310"
"3546","JS kite centre","Kite Flying - Seller","53 Multan Rd, Nawankot Samanabad Town, Lahore, 54000, Pakistan, Lahore City","Lahore City","03234820501","https://www.google.com/maps?q=31.5429640,74.2941670"
"3547","SOFTELLOGICS","Kite Flying - Manufacturer","HCF8+QMP, Canal Point Society Canal Bank Housing Scheme, Lahore, Pakistan, Shalimar Town","Shalimar Town","03219603667","https://www.google.com/maps?q=31.5745160,74.4166730"
"3548","Chand Kite Maker","Kite Flying - Seller","H8PV+2G9, Mohalla Sadaat Misri Shah, Lahore, Pakistan, Ravi Town","Ravi Town","03094728046","https://www.google.com/maps?q=31.5848830,74.3435570"
"3549","Danish kite house","Kite Flying - Seller","F927+RRC, Main Bazar, Muft pura Gul Colony, Lahore, Pakistan, Model Town","Model Town","03054888784","https://www.google.com/maps?q=31.4521750,74.3645340"
"3550","Ibrahim traders","Kite Flying - Trader","C7VR+CRH, Allah Baksh Rd, Ahmad Avenue Mateen Avenue, Lahore, 54600, Pakistan, Model Town","Model Town","03234290084","https://www.google.com/maps?q=31.4436230,74.2921280"
"3551","Shakeel firm","Kite Flying - Seller","H8MM+HV7, Misri Shah, Lahore, 54000, Pakistan, Ravi Town","Ravi Town","03014405002","https://www.google.com/maps?q=31.5838270,74.3345680"
"3552","Super kites","Kite Flying - Seller","G728+VQH, Kakkezai Awan Town, Lahore, Pakistan, Lahore City","Lahore City","03014796778","https://www.google.com/maps?q=31.5021250,74.2669960"
"3553","Numan kites","Kite Flying - Seller","J7GV+3F8, near sangeet cinema, Qazi Park Shahdara Town, Lahore, Pakistan, Ravi Town","Ravi Town","03146539314","https://www.google.com/maps?q=31.6251500,74.2936920"
"3554","Lahore Kite Club","Kite Flying - Trader","H823+25W, Islamia Park Lahore, 54000, Pakistan, Lahore City","Lahore City","03244283493","https://www.google.com/maps?q=31.5500920,74.3029350"
"3555","Dream's Valley Photocopy, Printing, Mobile & Kite Center","Kite Flying - Seller","HC98+6P9, Ghazi Pul Muslimabad Sami Town Taj Bagh Scheme, Lahore, Pakistan, Shalimar Town","Shalimar Town","03224579223","https://www.google.com/maps?q=31.5680200,74.4168850"
"3556","Moon kite maker","Kite Flying - Manufacturer","993R+QC Lahore, Pakistan, Nishter Town","Nishter Town","03229894985","https://www.google.com/maps?q=31.3544230,74.3911150"
"3557","Moli Kite House","Kite Flying - Manufacturer","68-A Last Bus Stop Main Sanda Road Lahore, Lahore City","Lahore City","03234873672","https://www.google.com/maps?q=31.5632570,74.2920270"
"3558","Leo Book Shop","Kite Flying - Manufacturer","G983+VXG, Plot 16, Block B1 Ghalib Market Gulberg III, Lahore, Pakistan, Lahore Cantt","Lahore Cantt","03328411102","https://www.google.com/maps?q=31.5136250,74.3546250"
"3559","Kite Karigar","Kite Flying - Manufacturer","C8G2+2VF, Bagrian Lahore, Pakistan, Model Town","Model Town","03283167252","https://www.google.com/maps?q=31.4249550,74.3026230"
"3560","RJ Trading","Kite Flying - Seller","H8F7+Q29, Paisa Akhbar St, Anarkali Bazaar Lahore, 54000, Pakistan, Lahore City","Lahore City","03434639844","https://www.google.com/maps?q=31.5744130,74.3125930"
"3561","Yasir kite saller","Kite Flying - Seller","C9C7+PV3, Nishter Colony, Lahore, Pakistan, Nishter Town","Nishter Town","03134441112","https://www.google.com/maps?q=31.4217250,74.3648610"
"3562","AtoZ kite traders","Kite Flying - Seller","H9M6+5C4, Ghaus Park Begumpura, Lahore, 54000, Pakistan, Shalimar Town","Shalimar Town","03221486163","https://www.google.com/maps?q=31.5828490,74.3609870"
"3563","Chaudhary seller","Kite Flying - Trader","J7GX+PRP، Jhalaran Road، Muslim Park Shahdara Town, Shahdara, Pakistan, Ravi Town","Ravi Town","03304591220","https://www.google.com/maps?q=31.6266880,74.2997500"
"3564","786 KITE","Kite Flying - Seller","HC85+CRV, Noori Darbar Rd, Ghazi Pul Muslimabad Tajpura, Lahore, Pakistan, Shalimar Town","Shalimar Town","03224945741","https://www.google.com/maps?q=31.5657390,74.4096290"
"3565","UA kite shop","Kite Flying - Seller","G8F6+36H, Shah Kamal Rd, Auqaf Colony Combo Colony, Lahore, 54000, Pakistan, Model Town","Model Town","03084910698","https://www.google.com/maps?q=31.5227590,74.3106960"
"3566","Self Business","Kite Flying - Manufacturer","G7QF+WH4, Band Rd, Shera Kot Lahore, 54000, Pakistan, Lahore City","Lahore City","03084069635","https://www.google.com/maps?q=31.5399410,74.2741080"
"3567","Rx pharmacy","Kite Flying - Trader","Plot 75, Block C1 Block C 1 Faisal Town, Lahore, Pakistan, Model Town","Model Town","03310468036","https://www.google.com/maps?q=31.4755530,74.3069710"
"3568","Chaudhary seller","Kite Flying - Manufacturer","J7GX+PRP، Jhalaran Road، Muslim Park Shahdara Town, Shahdara, Pakistan, Ravi Town","Ravi Town","03304591220","https://www.google.com/maps?q=31.6266530,74.2997650"
"3569","SOFTELLOGICS","Kite Flying - Trader","HCF8+QMP, Canal Point Society Canal Bank Housing Scheme, Lahore, Pakistan, Shalimar Town","Shalimar Town","03219603667","https://www.google.com/maps?q=31.5744940,74.4166800"
"3570","AR VISTA","Kite Flying Association","GFQ4+VGC, 64 Orchard 1, Paragon City, Lahore, 54000, Pakistan, Lahore Cantt","Lahore Cantt","03226426046","https://www.google.com/maps?q=31.5398470,74.4562830"
"3571","A.M Kites Store","Kite Flying - Seller","JC49+G6J, Shareef Pura Wahga Town, Lahore, Pakistan, Wahgah Town","Wahgah Town","03481609268","https://www.google.com/maps?q=31.6059200,74.4179710"
"3572","kiteflying","Kite Flying - Seller","43-Kilometer, Multan Road, Maraghzar Colony Thokar Niaz Baig, Lahore, Pakistan, Allama Iqbal","Allama Iqbal","03203182002","https://www.google.com/maps?q=31.4980400,74.2401580"
"3573","Shahryar Enterprises","Kite Flying - Seller","96JW+MR Lahore, Pakistan, Nishter Town","Nishter Town","03244403957","https://www.google.com/maps?q=31.3816390,74.2470580"
"3574","Sheikh Kites","Kite Flying - Seller","H77M+X85, Bahadur St, Sanda Khurd Lahore, 54000, Pakistan, Lahore City","Lahore City","03214041643","https://www.google.com/maps?q=31.5646120,74.2833610"
"3575","diamond kite house","Kite Flying - Trader","47 Ameer Rd, Data Gunj Buksh Town, Lahore, Pakistan, Lahore City","Lahore City","03334201857","https://www.google.com/maps?q=31.5802230,74.2976470"
"3576","Mehar Kites","Kite Flying - Trader","Main rod Qainchi Amer Sidhu Rd, near hajveery net, Amar Sidhu Nishtar Town, Lahore, Pakistan, Model Town","Model Town","03180429006","https://www.google.com/maps?q=31.4650520,74.3522050"
"3577","Hasnain enterprises","Kite Flying - Seller","F7Q6+76Q, Hanjarwal, Lahore, 54030, Pakistan, Allama Iqbal","Allama Iqbal","03224414468","https://www.google.com/maps?q=31.4881060,74.2608270"
"3578","Bhatti kites","Kite Flying - Trader","F88Q+XXW, Modern Colony Kot Lakhpat, Lahore, Pakistan, Model Town","Model Town","03174947265","https://www.google.com/maps?q=31.4675450,74.3399330"
"3579","Signature kites","Kite Flying - Seller","Plot 286, Sabzazar Block M Sabzazar Housing Scheme Phase 1 & 2 Lahore, Pakistan, Lahore City","Lahore City","03345252769","https://www.google.com/maps?q=31.5181930,74.2593510"
"3580","Lahore Kite Club","Kite Flying - Seller","H823+25W, Islamia Park Lahore, 54000, Pakistan, Lahore City","Lahore City","03244283493","https://www.google.com/maps?q=31.5500500,74.3029240"
"3581","Zaheer Kite Maker","Kite Flying - Seller","H8JC+R42, Mohalla Kakezian Walled City of Lahore, Lahore, 54000, Pakistan, Lahore City","Lahore City","03215922653","https://www.google.com/maps?q=31.5818270,74.3198570"
"3582","Moeez trader","Kite Flying - Seller","G9C6+Q34, St 6, Jinnah Park Lahore, Pakistan, Lahore Cantt","Lahore Cantt","03225922258","https://www.google.com/maps?q=31.5220100,74.3600950"
"3583","AR Printers Raiwind","Kite Flying - Trader","862F+4Q2, Raiwind Rd, Pajian, Lahore, Pakistan, Raiwind","Raiwind","03054694786","https://www.google.com/maps?q=31.3001470,74.2243230"
"3584","Kite Hub","Kite Flying - Seller","H88F+PF9, Royal Park Lahore, 54000, Pakistan, Lahore City","Lahore City","03233611722","https://www.google.com/maps?q=31.5666050,74.3240940"
"3585","Moon kites","Kite Flying - Seller","H8VQ+QH8, Shadbagh Rd, Shad Bagh, Lahore, Pakistan, Ravi Town","Ravi Town","03214861140","https://www.google.com/maps?q=31.5944420,74.3389350"
"3586","Saddique Kites","Kite Flying - Seller","House no. 08, Street no. 16, near Niazi Adda, Ameen Park, Bund Road, Lahore, Lahore City","Lahore City","03244410370","https://www.google.com/maps?q=31.5540000,74.2750000"
"3587","Hamza stationary","Kite Flying - Manufacturer","G7R9+83Q, Main Bazar Babu Sabu Rd, Babu Sabu Lahore, 54000, Pakistan, Lahore City","Lahore City","03261144192","https://www.google.com/maps?q=31.5408520,74.2677370"
"3588","Kite flyng","Kite Flying - Trader","H8VV+M8X, Road, Makhan Pura Chah Miran, Lahore, Pakistan, Ravi Town","Ravi Town","03229494146","https://www.google.com/maps?q=31.5942460,74.3432380"
"3589","Abbas General Store","Kite Flying - Trader","Shalimar Medical College Stop, Mughalpura, Lahore, 54840, Pakistan, Shalimar Town","Shalimar Town","03019846144, 03128833200","https://www.google.com/maps?q=31.5763160,74.3811000"
"3590","Kashif kite centre","Kite Flying - Seller","H75J+M36, Main Bazar Sanda, Sanda Lahore, 54000, Pakistan, Lahore City","Lahore City","03097178400","https://www.google.com/maps?q=31.5591610,74.2801270"
"3591","Sheikh Kites","Kite Flying - Manufacturer","H823+25W, Islamia Park Lahore, 54000, Pakistan, Lahore City","Lahore City","03334959852","https://www.google.com/maps?q=31.5500500,74.3029250"
"3592","Mitho kites","Kite Flying - Trader","FCR5+J92, Bedian Rd, Nadirabad, Lahore, 54792, Pakistan, Lahore Cantt","Lahore Cantt","03214090285","https://www.google.com/maps?q=31.5092800,74.3688420"
"3593","Mian kite house","Kite Flying - Trader","HC52+V3M, Tajpura Main Rd, Tajpura, Lahore, Pakistan, Shalimar Town","Shalimar Town","03054557003","https://www.google.com/maps?q=31.5597040,74.4001620"
"3594","Butt kite house","Kite Flying - Seller","HC53+CJX, Tajpura Bazar, Ghaziabad, Lahore, Pakistan, Shalimar Town","Shalimar Town","03213353443","https://www.google.com/maps?q=31.5586330,74.4042540"
"3595","Umer kites house","Kite Flying - Seller","45-B block Amna park mansoorah multan road lahore, Allama Iqbal","Allama Iqbal","03348036614","https://www.google.com/maps?q=31.4891290,74.2484680"
"3596","1816 Rentals","Kite Flying - Seller","16, Civic Centre Block D 2 Phase 1 Johar Town, Lahore, 54782, Pakistan, Model Town","Model Town","03324320777","https://www.google.com/maps?q=31.4609510,74.2862480"
"3597","numan kites traders","Kite Flying - Trader","H8J7+66H, Awami Bazaar, Kucha Baili Ram Walled City of Lahore, Lahore, 54000, Pakistan, Lahore City","Lahore City","03434683700","https://www.google.com/maps?q=31.5805370,74.3130540"
"3598","Nauman INC","Kite Flying - Seller","490 Street 10, Township Sector A 1 Lahore, Pakistan, Model Town","Model Town","03214496677","https://www.google.com/maps?q=31.4577800,74.3175060"
"3599","Saddique Kites","Kite Flying - Manufacturer","House no. 08, Street no. 16, Near Niazi Adda, Bund Road, Lahore, Lahore City","Lahore City","03244410370","https://www.google.com/maps?q=31.5458000,74.2750000"
"3600","Kite Vibe","Kite Flying - Seller","G764+QRV, Main 80 Feet Rd, Maraghzar Colony Shadiwal, Lahore, Pakistan, Lahore City","Lahore City","03184271396","https://www.google.com/maps?q=31.5119230,74.2571840"
"3601","Mr crispoo fast food","Kite Flying - Seller","F82V+GVP, Kacha Jail Rd, Quaid e Millat Colony, Lahore, Pakistan, Model Town","Model Town","03095483424","https://www.google.com/maps?q=31.4512830,74.3446850"
"3602","numan kites","Kite Flying - Seller","H8H7+V73, Lohari Mandi Bazaar, Kucha Baili Ram Walled City of Lahore, Lahore, 54000, Pakistan, Lahore City","Lahore City","03434683700","https://www.google.com/maps?q=31.5797330,74.3131990"
"3603","Kite lover","Kite Flying - Seller","J7RJ+JV3, Faisal Park Rd, Mehmood Colony Ferozewala, Pakistan, Ravi Town","Ravi Town","03110222668","https://www.google.com/maps?q=31.6415910,74.2822620"
"3604","Usama scrape dealer and commission agent","Kite Flying - Trader","J83H+R6X, Siddiqia Colony Badami Bagh, Lahore, Pakistan, Ravi Town","Ravi Town","03406740144","https://www.google.com/maps?q=31.6045140,74.3279370"
"3605","Back Basant official kite sellers","Kite Flying - Seller","House No 02, Streat, 28 Wandala Rd, Shahdara Town, Shahdara, Pakistan, Ravi Town","Ravi Town","03164401919","https://www.google.com/maps?q=31.6333660,74.2788380"
"3606","Umer official kites seller","Kite Flying - Seller","H7VX+25X, Makkah Rd, Karim Park Lahore, Pakistan, Lahore City","Lahore City","03065286148","https://www.google.com/maps?q=31.5925260,74.2980310"
"3607","Imran Kite Traders","Kite Flying - Seller","862F+J9X, Pajian, Lahore, Pakistan, Raiwind","Raiwind","03188093293","https://www.google.com/maps?q=31.3015440,74.2235860"
"3608","Kite flyng","Kite Flying - Seller","H8VV+M8X, Road, Makhan Pura Chah Miran, Lahore, Pakistan, Ravi Town","Ravi Town","03229494146","https://www.google.com/maps?q=31.5942460,74.3432380"
"3609","Sheikh official kites saler","Kite Flying - Trader","H9PX+V66, Aurangzeb Rd, Daroghe Wala, Lahore, 54000, Pakistan, Shalimar Town","Shalimar Town","03355779776","https://www.google.com/maps?q=31.5874040,74.3979780"
"3610","Butt kites house","Kite Flying - Trader","H8Q5+87M, Walled City of Lahore, Lahore, Pakistan, Lahore City","Lahore City","03284144447","https://www.google.com/maps?q=31.5883570,74.3087420"
"3611","Advantic Engineering","Kite Flying - Seller","Plot 252, Sutlej Block Satluj Block Allama Iqbal Town, Lahore, 54000, Pakistan, Lahore City","Lahore City","03244394259","https://www.google.com/maps?q=31.5230110,74.2928120"
"3612","Umer official kites seller","Kite Flying - Trader","H7QX+MJ2, near Sheikh Halwai, Karim Park Lahore, 54000, Pakistan, Lahore City","Lahore City","03065286148","https://www.google.com/maps?q=31.5891710,74.2988770"
"3613","Ayan save basant","Kite Flying - Trader","Lasani homes rajgarh road, H842+96Q, Chauburji Chowk, Sham Nagar Sanda, Lahore, 54000, Pakistan, Lahore City","Lahore City","03225558433","https://www.google.com/maps?q=31.5559350,74.3004630"
"3614","TAJ DIN STORE","Kite Flying - Trader","91/13 Grand Trunk Rd, Shahdara Town, Shahdara, Pakistan, Ravi Town","Ravi Town","03244784004","https://www.google.com/maps?q=31.6274910,74.2880470"
"3615","Hafiz Tech","Kite Flying - Seller","GC3Q+PM Lahore, Pakistan, Lahore Cantt","Lahore Cantt","03001200393","https://www.google.com/maps?q=31.5042600,74.4391290"
"3616","Malik kites","Kite Flying - Trader","4 Major Jameel Shaheed Rd, Madina Colony Baghbanpura, Lahore, Pakistan, Shalimar Town","Shalimar Town","03104171296","https://www.google.com/maps?q=31.5907060,74.3793730"
"3617","Khan brother kite house","Kite Flying - Seller","Plot 122, Township Block 8 Sector B 1 Lahore, 54600, Pakistan, Model Town","Model Town","03224200093","https://www.google.com/maps?q=31.4631060,74.3128640"
"3618","kite House","Kite Flying - Seller","H74R+JJV, Sham Nagar Sanda, Lahore, 54000, Pakistan, Lahore City","Lahore City","03706151437","https://www.google.com/maps?q=31.5566770,74.2911990"
"3619","Vip Kite Trader","Kite Flying - Seller","HCC8+34Q, Canal Rd, Canal Bank Housing Scheme, Lahore, Pakistan, Shalimar Town","Shalimar Town","03044143120","https://www.google.com/maps?q=31.5701100,74.4152260"
"3620","Mr crispoo fast food","Kite Flying - Seller","F82V+GVP, Kacha Jail Rd, Quaid e Millat Colony, Lahore, Pakistan, Model Town","Model Town","03095483424","https://www.google.com/maps?q=31.4512830,74.3446850"
"3621","Nadeem Flying Kites","Kite Flying - Seller","Sharshar Town, F6HQ+5WX, Niazbeg Rd, Gulshan Town, Lahore, Pakistan, Allama Iqbal","Allama Iqbal","03074467506","https://www.google.com/maps?q=31.4777800,74.2397640"
"3622","General Store","Kite Flying - Seller","G9VG+F35, sadar bazzar, Lal Kurti Lahore, Pakistan, Lahore Cantt","Lahore Cantt","03344208697","https://www.google.com/maps?q=31.5438190,74.3750800"
"3623","ABDUL MANAN TRADERS","Kite Flying - Seller","HC52+V3M, Tajpura Main Rd, Tajpura, Lahore, Pakistan, Shalimar Town","Shalimar Town","03024816420","https://www.google.com/maps?q=31.5597040,74.4001620"
"3624","fp kites sellers","Kite Flying - Seller","muhallah new madina colony kharak lahore, Lahore City","Lahore City","03044260566","https://www.google.com/maps?q=31.5112580,74.2629380"
"3625","Rana Kites","Kite Flying - Seller","E.303/4 stret no 2 new iqbal park waltn road lahore cantt, Model Town","Model Town","03070146513","https://www.google.com/maps?q=31.5252510,74.3495040"
"3626","Mehar treader","Kite Flying - Trader","G8H3+QXJ, Chauhdry Colony Combo Colony, Lahore, 54000, Pakistan, Model Town","Model Town","03084262725","https://www.google.com/maps?q=31.5295510,74.3047970"
"3627","Khalad Trader's","Kite Flying - Trader","F8XC+P62, Gali Badral Rd, Commercial Area Garden Town, Lahore, Pakistan, Model Town","Model Town","03004557134","https://www.google.com/maps?q=31.4992160,74.3205410"
"3628","Lahore kite traders","Kite Flying - Trader","Block 6 Sector A 2, Township Block 6 Sector A 2 Lahore, Pakistan, Model Town","Model Town","03356666789","https://www.google.com/maps?q=31.4525540,74.3230350"
"3629","Raiwind Kite Shop","Kite Flying - Seller","865F+8WP, Tibba Bur Singh, Lahore, Pakistan, Raiwind","Raiwind","03084548519","https://www.google.com/maps?q=31.3083600,74.2246390"
"3630","AB KITE MANUFACTURER","Kite Flying - Manufacturer","J92M+C7J, Shalimar Housing Scheme Mehmood Booti, Lahore, Pakistan, Shalimar Town","Shalimar Town","03075440887","https://www.google.com/maps?q=31.6011640,74.3830910"
"3631","H&H Co.","Kite Flying - Trader","F86M+F2 Lahore, Pakistan, Model Town","Model Town","03164356329","https://www.google.com/maps?q=31.4612350,74.3325560"
"3632","Doctor kite shop","Kite Flying - Seller","C5C9+JV5, Multan Rd, Chung, Lahore, Pakistan, Allama Iqbal","Allama Iqbal","03064593168","https://www.google.com/maps?q=31.4215130,74.1697230"
"3633","SRP TRADERS","Kite Flying - Seller","H7JX+V37, Data Gunj Buksh Town, Lahore, Pakistan, Lahore City","Lahore City","03087222266","https://www.google.com/maps?q=31.5821070,74.2975610"
"3634","Husnain Kite Works","Kite Flying - Manufacturer","H8JR+RMP, Sultan Pura Sultanpura Misri Shah, Lahore, 54900, Pakistan, Ravi Town","Ravi Town","03331343337","https://www.google.com/maps?q=31.5824100,74.3415840"
"3635","Haseed trader","Kite Flying - Trader","97CM+J68, Halloki, Pakistan, Nishter Town","Nishter Town","03224882539","https://www.google.com/maps?q=31.3715870,74.2830250"
"3636","Kabeer Patangh baaz","Kite Flying - Seller","24a Arain St 1, Sadaat Town Saqib Town, Lahore, Pakistan, Nishter Town","Nishter Town","03075554442","https://www.google.com/maps?q=31.4723000,74.4256700"
"3637","Colorful Kite House","Kite Flying - Seller","J7WQ+9QV, Bhatti Street Number 2, Jameel Park Ferozewala, Pakistan, Ravi Town","Ravi Town","03004097352","https://www.google.com/maps?q=31.6458010,74.2894290"
"3638","MJ TRADER","Kite Flying - Seller","House No.92, waseem street No.3, Amir Rd, near azeem park, Karnal Pura Shad Bagh, Lahore, Pakistan, Ravi Town","Ravi Town","03454255867","https://www.google.com/maps?q=31.6030520,74.3438960"
"3639","RAJAB TRADERS","Kite Flying - Trader","Shop no F3, first floor, Rafi Plaza, Hall Rd, Garhi Shahu, Lahore, 54000, Pakistan, Lahore City","Lahore City","03234946286","https://www.google.com/maps?q=31.5636030,74.3188770"
"3640","School Time","Kite Flying - Seller","Main Bedian Rd, Nadirabad, Lahore, Pakistan, Lahore Cantt","Lahore Cantt","03217112370","https://www.google.com/maps?q=31.4954740,74.4015540"
"3641","Self Employee","Kite Flying - Seller","Ground Floor, M M Tower, MM Alam Rd, Block K Gulberg 2, Lahore, Pakistan, Model Town","Model Town","03164072370","https://www.google.com/maps?q=31.5228600,74.3491840"
"3642","Khuram Traders","Kite Flying - Trader","J7WV+JM2, Barkat Town, Shahdara, Pakistan, Ravi Town","Ravi Town","03004097352","https://www.google.com/maps?q=31.6464090,74.2941380"
"3643","SK KITE","Kite Flying - Seller","C9M9+5P3, Malik Shahid St, Chaudhry Colony, Lahore, Pakistan, Nishter Town","Nishter Town","03071476175","https://www.google.com/maps?q=31.4329110,74.3694080"
"3644","Patang Point","Kite Flying - Seller","HCQV+XX, Tamhara Kot Pind, Lahore, Pakistan, Wahgah Town","Wahgah Town","03104650626","https://www.google.com/maps?q=31.5900660,74.4448600"
"3645","Shaszad Caan (SMC-Private)limited","Kite Flying - Seller","47 M Quaid e azam Industrial Estate KotLahk Pat Lahore, Model Town","Model Town","03174242122","https://www.google.com/maps?q=31.5497200,74.3436100"
"3646","Iqra Kite","Kite Flying - Seller","G9X6+J33, Mian Mir Darbar Road, Umar Colony, Lahore, Pakistan, Lahore Cantt","Lahore Cantt","03168492866","https://www.google.com/maps?q=31.5490080,74.3601650"
"3647","Jutt kite sho","Kite Flying - Seller","H8MC+8RV, Mohalla Zeeshan Kucha Jamadaran Walled City of Lahore, Lahore, Pakistan, Lahore City","Lahore City","03241461270","https://www.google.com/maps?q=31.5833280,74.3223650"
"3648","Wali Kites","Kite Flying - Seller","86 Chanadin Rd, Block F Phase 1 Johar Town, Lahore, 54600, Pakistan, Model Town","Model Town","03234197369","https://www.google.com/maps?q=31.4673900,74.2931630"
"3649","Kite seller","Kite Flying - Seller","Chauburji Station, Chauburji Quarters, Lahore, 54000, Pakistan, Lahore City","Lahore City","03244770858","https://www.google.com/maps?q=31.5521720,74.3025540"
"3650","Shahdara Kite Association","Kite Flying - Trader","Ravi Toll Plaza, Lahore, Punjab, J76W+C69, Saeed Park Shahdara Town, Shahdara, Pakistan, Ravi Town","Ravi Town","03285999980","https://www.google.com/maps?q=31.6115290,74.2954770"
"3651","Shafqat Traders","Kite Flying - Seller","J7WR+3WC, Barkat Town Ferozewala, Pakistan, Ravi Town","Ravi Town","03092326761","https://www.google.com/maps?q=31.6453030,74.2923680"
"3652","ayan kite house","Kite Flying - Seller","J7VQ+QHP, Barkat Town Ferozewala, Pakistan, Ravi Town","Ravi Town","03104142399","https://www.google.com/maps?q=31.6446030,74.2889240"
"3653","Cyber Kites","Kite Flying - Seller","430 Ali Town Rd, A Ali Town, Lahore, Pakistan, Allama Iqbal","Allama Iqbal","03020123777","https://www.google.com/maps?q=31.4625750,74.2460270"
"3654","Muzzamal Kite House","Kite Flying - Seller","Liaqat Chowk Bus Stop, G7C9+9VV, Sabzazar Block C Sabzazar Housing Scheme Phase 1 & 2 Lahore, 54000, Pakistan, Lahore City","Lahore City","03248404302","https://www.google.com/maps?q=31.5210800,74.2697600"
"3655","Khan Baba Kites Traders","Kite Flying - Trader","Plot 131, Block C Sher Shah Colony, Lahore, Pakistan, Allama Iqbal","Allama Iqbal","03464686983","https://www.google.com/maps?q=31.4077560,74.2225990"
"3656","Shafqat Traders","Kite Flying - Trader","J7VQ+QCR, Barkat Town, Ferozewala, Pakistan, Ravi Town","Ravi Town","03092326761","https://www.google.com/maps?q=31.6445550,74.2883770"
"3657","Hamza Traders","Kite Flying - Trader","FCPC+2C4, Gohawa, Lahore, Pakistan, Lahore Cantt","Lahore Cantt","03144900099","https://www.google.com/maps?q=31.4848980,74.4210530"
"3658","U1 KITES","Kite Flying - Seller","J7HX+52F, Muslim Park Shahdara Town, Shahdara, Pakistan, Ravi Town","Ravi Town","03060421990","https://www.google.com/maps?q=31.6284770,74.2976260"
"3659","Asghar Ali Dor Maker","Kite Flying - Manufacturer","CFQW+W9H, Karbath, Lahore, Pakistan, Lahore Saddar","Lahore Saddar","03054311055","https://www.google.com/maps?q=31.4394180,74.4962200"
"3660","Best kites manufacturing company","Kite Flying - Manufacturer","F82W+78R, Quaid e Millat Colony, Lahore, Pakistan, Model Town","Model Town","03037229860","https://www.google.com/maps?q=31.4506920,74.3457120"
"3661","AL Rehman Evolution","Kite Flying - Trader","J7FM+2JC, Aqsa Rd, Shahdara Town, Shahdara, Pakistan, Ravi Town","Ravi Town","03216104882","https://www.google.com/maps?q=31.6225700,74.2840600"
"3662","Fahad Kit","Kite Flying - Seller","99R7+Q2Q, Lahore – Kasur Rd, Gajju Matah, Pakistan, Nishter Town","Nishter Town","03004993137","https://www.google.com/maps?q=31.3919520,74.3626080"
"3663","H Sons Traders","Kite Flying - Trader","H949+GM3, Gulistan Colony Mustafabad, Lahore, Pakistan, Lahore Cantt","Lahore Cantt","03211148420","https://www.google.com/maps?q=31.5563000,74.3691810"
"3664","Fatima kites","Kite Flying - Seller","F947+842, Gul Colony Lahore, Pakistan, Model Town","Model Town","03168922102, 03211483534","https://www.google.com/maps?q=31.4556160,74.3628950"
"3665","Faraz kites","Kite Flying - Seller","Main Bazar Sidiqia colony, Khokhar Rd, Siddiqia Colony Badami Bagh, Lahore, Pakistan, Ravi Town","Ravi Town","03094687449","https://www.google.com/maps?q=31.6037500,74.3291720"
"3666","Essa Traders","Kite Flying - Trader","114 Khawaja Fareed Rd, Block D 1 Gulshan-e-Ravi, Lahore, 54000, Pakistan, Lahore City","Lahore City","03204835140","https://www.google.com/maps?q=31.5536710,74.2830210"
"3667","Arham International Traders","Kite Flying - Seller","HC59+WCV, Manzoor Colony Phase 3 Taj Bagh Scheme, Lahore, Pakistan, Shalimar Town","Shalimar Town","03214533914","https://www.google.com/maps?q=31.5600460,74.4185550"
"3668","Lahore Online","Kite Flying - Trader","H972+3MM, Garhi Shahu, Lahore, 54000, Pakistan, Shalimar Town","Shalimar Town","03334407305","https://www.google.com/maps?q=31.5626530,74.3515980"
"3669","Goll godda","Kite Flying - Seller","32 Gulberg Rd, Iqbal Colony, Lahore, Pakistan, Model Town","Model Town","03187274835","https://www.google.com/maps?q=31.5294170,74.3594810"
"3670","Waqas Kite Hosue","Kite Flying - Seller","JC22+C5H, Mehmood Booti, Lahore, Pakistan, Shalimar Town","Shalimar Town","03235400285","https://www.google.com/maps?q=31.6012960,74.4003770"
"3671","Danish Ali Kite Trader","Kite Flying - Trader","CFQW+W9H, Karbath, Lahore, Pakistan, Lahore Saddar","Lahore Saddar","03284537854","https://www.google.com/maps?q=31.4394180,74.4962200"
"3672","Mian Sheroze Kites","Kite Flying - Seller","Main Bazar Sher Shah Link Rd, near Model Bazar, Block B Talib Ganj, Lahore, Pakistan, Allama Iqbal","Allama Iqbal","03234319656","https://www.google.com/maps?q=31.4139800,74.2209940"
"3673","Khokhar brothers kite whole seller","Kite Flying - Manufacturer","G7PQ+W7J, Sodiwal Rd, Sodhiwal, Lahore, 54000, Pakistan, Lahore City","Lahore City","03234357329","https://www.google.com/maps?q=31.5373330,74.2881340"
"3674","Babu Kite House","Kite Flying - Seller","G7JJ+32W, Shahalam St, Dholanwal Nagra Town, Lahore, 54000, Pakistan, Lahore City","Lahore City","03223995625","https://www.google.com/maps?q=31.5300000,74.2800000"
"3675","MH kite house","Kite Flying - Manufacturer","GCW2+RP7, Al-Faisal Town, Lahore, Pakistan, Shalimar Town","Shalimar Town","03068680161","https://www.google.com/maps?q=31.5468770,74.4022190"
"3676","ALI KITE","Kite Flying - Manufacturer","HFRG+4FC, Manāwān Bata Pur, Lahore, Pakistan, Wahgah Town","Wahgah Town","03208413733","https://www.google.com/maps?q=31.5900840,74.4761490"
"3677","Patang Baaz Sajna","Kite Flying - Seller","H9JF+RMG, Baghbanpura, Lahore, 54000, Pakistan, Shalimar Town","Shalimar Town","03214375540","https://www.google.com/maps?q=31.5820500,74.3741180"
"3678","Furqan Trader","Kite Flying - Manufacturer","32 Shama Road Ichhra، Ichhra Lahore, 54000, Pakistan, Model Town","Model Town","03054007186","https://www.google.com/maps?q=31.5402460,74.3159710"
"3679","Hafeez Kites","Kite Flying - Seller","602 Y-3 St 6, Near Decent Public School, Madina Colony, Lahore, 54000, Pakistan, Lahore Cantt","Lahore Cantt","03094711991","https://www.google.com/maps?q=31.4902140,74.3657020"
"3680","KiteNest","Kite Flying - Trader","300 Meter Shahrah-e-Quaid-e-Azam, Victoria Park, Lahore, 54000, Pakistan, Lahore City","Lahore City","03214327444","https://www.google.com/maps?q=31.5630660,74.3223160"
"3681","SS Kites","Kite Flying - Manufacturer","H8H6+PWG Mori Gate, Kucha Baili Ram Walled City of Lahore, Lahore, 54000, Pakistan, Lahore City","Lahore City","03244350760, 03256411732, 03261461462, 03440470930, 03184031288, 03054757450","https://www.google.com/maps?q=31.5793240,74.3123480"
"3682","AH kites","Kite Flying - Seller","99P7+CHR, Gajju Matah, Pakistan, Nishter Town","Nishter Town","03226875352","https://www.google.com/maps?q=31.3861490,74.3639350"
"3683","MN Hair saloon","Kite Flying - Seller","Ghass Mandi Stop, opp. huqa paani, Baghbanpura, Lahore, 54000, Pakistan, Shalimar Town","Shalimar Town","03244282526","https://www.google.com/maps?q=31.5807590,74.3732110"
"3684","Gastroenterology","Kite Flying - Seller","C52R+RG Lahore, Pakistan, Allama Iqbal","Allama Iqbal","03349946194","https://www.google.com/maps?q=31.4020100,74.1913710"
"3685","Ali Kite HOuse","Kite Flying - Manufacturer","J97V+9X Lahore, Pakistan, Wahgah Town","Wahgah Town","03014477556","https://www.google.com/maps?q=31.6132940,74.3959930"
"3686","Shah g kite House","Kite Flying - Manufacturer","C Block, Jaffria Colony, Shera Kot Lahore, 54000, Pakistan, Lahore City","Lahore City","03014192386","https://www.google.com/maps?q=31.5386720,74.2793660"
"3687","S.B Kites","Kite Flying - Seller","J935+98C, China Rd, China Scheme, Lahore, Pakistan, Ravi Town","Ravi Town","03004708209","https://www.google.com/maps?q=31.6032450,74.3582670"
"3688","Sharif Kites","Kite Flying - Trader","G7PF+RPJ, Street 16, Shera Kot Lahore, 54000, Pakistan, Lahore City","Lahore City","03094775612","https://www.google.com/maps?q=31.5368240,74.2741290"
"3689","Karmawala Kite Fly","Kite Flying - Seller","Plot 27, Extension Cavalry Ground, Lahore, Pakistan, Lahore Cantt","Lahore Cantt","03024534026","https://www.google.com/maps?q=31.5024690,74.3604930"
"3690","AH kites","Kite Flying - Manufacturer","99P7+CHR, Gajju Matah, Pakistan, Nishter Town","Nishter Town","03226875352","https://www.google.com/maps?q=31.3861120,74.3638910"
"3691","MALIK HAMZA KITES","Kite Flying - Seller","G8J7+5Q6, Zaildar Rd, Ichhra Lahore, 54000, Pakistan, Model Town","Model Town","03046000026","https://www.google.com/maps?q=31.5303610,74.3144060"
"3692","HAJVERY KITES TRADER","Kite Flying - Trader","H#93 ST#2 BHUTTO COLONY GT ROAD SHAHADARA, Shahdara Town, Lahore, Pakistan, Ravi Town","Ravi Town","03004337747","https://www.google.com/maps?q=31.6361450,74.2881040"
"3693","Kashif Kites Store","Kite Flying - Trader","F924+H2X, Main Bazar, Muft pura Gul Colony, Lahore, Pakistan, Model Town","Model Town","03219418241","https://www.google.com/maps?q=31.4514860,74.3551080"
"3694","Faizan Kite Club","Kite Flying - Trader","H97J+797, Gunj, Lahore, 54840, Pakistan, Shalimar Town","Shalimar Town","03176072081","https://www.google.com/maps?q=31.5631510,74.3809120"
"3695","Nasir Pan Shop","Kite Flying - Trader","5, Sector D2 Sector D Green Town, Lahore, 46600, Pakistan, Lahore Saddar","Lahore Saddar","03035848144","https://www.google.com/maps?q=31.4619320,74.4495090"
"3696","Star Kite","Kite Flying - Trader","896W+P48, Service Road, Sue Asil, Lahore, Pakistan, Nishter Town","Nishter Town","03174009447","https://www.google.com/maps?q=31.3126960,74.3957520"
"3697","MRH kites","Kite Flying - Trader","J79M+HX2, Bahto Colony Shahdara Town, Lahore, Pakistan, Ravi Town","Ravi Town","03091461743","https://www.google.com/maps?q=31.6187860,74.2847690"
"3698","Waseem Kite Store","Kite Flying - Seller","F88J+8XF, Pindi Rajputan Liaquatabad (Dhalla), Lahore, Pakistan, Model Town","Model Town","03044783303","https://www.google.com/maps?q=31.4658770,74.3324640"
"3699","refile kite house","Kite Flying - Trader","G7R9+83Q, Main Bazar Babu Sabu Rd, Babu Sabu Lahore, 54000, Pakistan, Lahore City","Lahore City","03070606064","https://www.google.com/maps?q=31.5408720,74.2677470"
"3700","zdbenterprises","Kite Flying - Trader","Zeeshan Plaza Urdu Bazar Lahore, Anarkali Bazaar Lahore, 54000, Pakistan, Lahore City","Lahore City","03044401206","https://www.google.com/maps?q=31.5762200,74.3097880"
"3701","Ibrahim kite house","Kite Flying - Manufacturer","H845+9VM, Bahawal Sher Rd, Muslim Gunj Mozang Chungi, Lahore, 54000, Pakistan, Lahore City","Lahore City","03054337104","https://www.google.com/maps?q=31.5560180,74.3091620"
"3702","ARG Stationary","Kite Flying - Seller","28 Kabeer St, Urdu Bazar Lahore, 54000, Pakistan, Lahore City","Lahore City","03224615354","https://www.google.com/maps?q=31.5735350,74.3098100"
"3703","Star Kite","Kite Flying - Manufacturer","1008, Central Park Housing Scheme, Lahore, Pakistan, Nishter Town","Nishter Town","03174009447","https://www.google.com/maps?q=31.3268580,74.3751920"
"3704","Muhammad Zunair Kite Flying Manufacturer","Kite Flying - Manufacturer","FFWQ+W7C, Padri Rd, Lahore, Pakistan, Lahore Cantt","Lahore Cantt","03224054799","https://www.google.com/maps?q=31.4974900,74.4884500"
"3705","Ustad billa","Kite Flying - Trader","HC32+P25, Main Bazar Nizamabad, Ghaziabad, Lahore, Pakistan, Shalimar Town","Shalimar Town","03285181764","https://www.google.com/maps?q=31.5542690,74.4000790"
"3706","BF KITE","Kite Flying - Seller","H856+HJC, Begum Road, Mozang Chungi, Lahore, 54000, Pakistan, Lahore City","Lahore City","03224383830","https://www.google.com/maps?q=31.5588700,74.3115010"
"3707","Shahzad Kite House","Kite Flying - Trader","C9R6+RVC, Gulshan Yaseen Colony Lahore, Pakistan, Model Town","Model Town","03233498600","https://www.google.com/maps?q=31.4422050,74.3620200"
"3708","Kite Studio","Kite Flying - Manufacturer","J767+QGM, Mian Rd, Shahdara Town, Lahore, Pakistan, Ravi Town","Ravi Town","03315360088, 03355090020","https://www.google.com/maps?q=31.6117350,74.2636820"
"3709","Zubair kite Club","Kite Flying - Seller","H9GV+X6W, Baghbanpura, Lahore, Pakistan, Shalimar Town","Shalimar Town","03164147820","https://www.google.com/maps?q=31.5774610,74.3929820"
"3710","Xtreme Kite Shop","Kite Flying - Trader","Shop#13, main Shalimar Link Road, opposite tahir optical, Shalimar Larechs Colony, Lahore, 54000, Pakistan, Shalimar Town","Shalimar Town","03091140774","https://www.google.com/maps?q=31.5689800,74.3807860"
"3711","Akif kite","Kite Flying - Trader","648/6 Sarfaraz Rafiqui Rd, Saddar Town, Lahore, Pakistan, Lahore Cantt","Lahore Cantt","03394060635","https://www.google.com/maps?q=31.5489020,74.3830210"
"3712","Syed Kites Traders","Kite Flying - Trader","H9FJ+34C, Shalimar Larechs Colony, Lahore, 54840, Pakistan, Shalimar Town","Shalimar Town","03018464566","https://www.google.com/maps?q=31.5727320,74.3803750"
"3713","RANA KITE","Kite Flying - Seller","Badami Bagh, Qila Lachman Singh, Lahore, Pakistan, Lahore City","Lahore City","03094509928","https://www.google.com/maps?q=31.5985140,74.3034120"
"3714","The N.N Kite","Kite Flying - Seller","G7WR+X5C, A Block Block A Gulshan-e-Ravi, Lahore, 54000, Pakistan, Lahore City","Lahore City","03096372279","https://www.google.com/maps?q=31.5473900,74.2903520"
"3715","Junaid Kite House","Kite Flying - Seller","36 Sabzazar Stadium Rd, Sabzazar Block G Sabzazar Housing Scheme Phase 1 & 2 Lahore, 54000, Pakistan, Lahore City","Lahore City","03224606122","https://www.google.com/maps?q=31.5195790,74.2673780"
"3716","Danish Ali Kite Seller","Kite Flying - Seller","CFQW+W9H, Karbath, Lahore, Pakistan, Lahore Saddar","Lahore Saddar","03284537854","https://www.google.com/maps?q=31.4394180,74.4962200"
"3717","Safe Eye","Kite Flying - Manufacturer","G7PH+9WH, Shera Kot Lahore, 54000, Pakistan, Lahore City","Lahore City","03045421370","https://www.google.com/maps?q=31.5359160,74.2798100"
"3718","TALHA KITE MAKER","Kite Flying - Manufacturer","Plot 98, Neelum Block Neelam Block Allama Iqbal Town, Lahore, 54000, Pakistan, Model Town","Model Town","03004595550","https://www.google.com/maps?q=31.5208940,74.2990510"
"3719","Taqwa Enterprises","Kite Flying - Seller","113D, near Malik Munir Road, D Block Block D Gulshan-e-Ravi, Lahore, 54000, Pakistan, Lahore City","Lahore City","03204667538","https://www.google.com/maps?q=31.5546120,74.2880570"
"3720","Deer Kite","Kite Flying - Trader","G9WG+Q4R, Delhi Rd, Bazaz Mohalla, Lahore, Pakistan, Lahore Cantt","Lahore Cantt","03214397676","https://www.google.com/maps?q=31.5470620,74.3751530"
"3721","kite Zone","Kite Flying - Trader","Canal Rd, Mustafabad, Mughalpura, Lahore, Punjab, H958+245, Chobacha, Lahore, Pakistan, Lahore Cantt","Lahore Cantt","03284830540","https://www.google.com/maps?q=31.5573190,74.3655520"
"3722","NS kites pakistan","Kite Flying - Seller","H8CJ+86V, McLeod Rd, Garhi Shahu, Lahore, 54000, Pakistan, Shalimar Town","Shalimar Town","03244777416","https://www.google.com/maps?q=31.5710030,74.3305780"
"3723","AZ JEANS","Kite Flying - Trader","J7JP+4XR, near bajwa hospital, Shahdara Town, Shahdara, Pakistan, Ravi Town","Ravi Town","03234881224","https://www.google.com/maps?q=31.6303640,74.2873730"
"3724","Kite Trader (Ghulam Mustafa)","Kite Flying - Trader","H9JF+76X, Baghbanpura, Lahore, 54000, Pakistan, Shalimar Town","Shalimar Town","03009491978","https://www.google.com/maps?q=31.5808050,74.3731890"
"3725","Khan Brothers","Kite Flying - Manufacturer","G79G+FF6, Saeed Pur Block A Sabzazar Housing Scheme Phase 1 & 2 Lahore, Pakistan, Lahore City","Lahore City","03205920015","https://www.google.com/maps?q=31.5186020,74.2760750"
"3726","kite fly","Kite Flying - Seller","22 Main Bazar Islampura, Islampura, Lahore, 54000, Pakistan, Lahore City","Lahore City","03174839036","https://www.google.com/maps?q=31.5660950,74.2975100"
"3727","fly high kites","Kite Flying - Seller","Shop#2 Al-Mumtaz Rd, near buns road station, Samanabad Town, Lahore, 54000, Pakistan, Lahore City","Lahore City","03350484561","https://www.google.com/maps?q=31.5304970,74.2925830"
"3728","AB KITE MANUFACTURER","Kite Flying - Trader","J92M+C7J, Shalimar Housing Scheme Mehmood Booti, Lahore, Pakistan, Shalimar Town","Shalimar Town","03075440887","https://www.google.com/maps?q=31.6011640,74.3830910"
"3729","Bm Kite","Kite Flying - Seller","Mian Bazar Kot Kamboh Bund Road Lahore, 54000, Pakistan, Lahore City","Lahore City","03204676948","https://www.google.com/maps?q=31.5323580,74.2701350"
"3730","Awan Kite House","Kite Flying - Seller","H8MG+VGR, Gali, Mian Ghous Kucha Deputy Alam Shah Walled City of Lahore, Lahore, Pakistan, Lahore City","Lahore City","03044947723","https://www.google.com/maps?q=31.5846120,74.3266080"
"3731","Uniqespot","Kite Flying - Seller","39 Grand Trunk Rd, Sultan Pura Sultanpura Misri Shah, Lahore, Pakistan, Ravi Town","Ravi Town","03083408340","https://www.google.com/maps?q=31.5800000,74.3400000"
"3732","Cloudy Kites","Kite Flying - Seller","J7CH+39X, Shahdara Town, Lahore, Pakistan, Ravi Town","Ravi Town","03230096080","https://www.google.com/maps?q=31.6202890,74.2784130"
"3733","Bright solution","Kite Flying - Seller","F8P2+WGQ, Usmani Rd, near Jinnah Hospital, Quaid-i-Azam Campus, Lahore, 54800, Pakistan, Model Town","Model Town","03074130242","https://www.google.com/maps?q=31.4873550,74.3013710"
"3734","BAJWA KITE SHOP","Kite Flying - Seller","99F3+RQF, Kahna Kacha Rd, Kahna Nau, Kahna, Pakistan, Nishter Town","Nishter Town","03078642623","https://www.google.com/maps?q=31.3746220,74.3544850"
"3735","Kite Store","Kite Flying - Seller","233-234 Westwood Rd, Westwood Colony Lahore, Pakistan, Allama Iqbal","Allama Iqbal","03084275453","https://www.google.com/maps?q=31.4647660,74.2394930"
"3736","Kite hill","Kite Flying - Seller","F88M+575, Talaah Bazar, Liaquatabad (Dhalla), Lahore, Pakistan, Model Town","Model Town","03064670254","https://www.google.com/maps?q=31.4658030,74.3332890"
"3737","Ustad badshah","Kite Flying - Trader","HC32+P25, Main Bazar Nizamabad, Ghaziabad, Lahore, Pakistan, Shalimar Town","Shalimar Town","03234347140","https://www.google.com/maps?q=31.5542690,74.4000790"
"3738","Lucky book shop","Kite Flying - Seller","108satulaj block Allama Iqbal Town, Lahore, 54000, Pakistan, Lahore City","Lahore City","03234506089","https://www.google.com/maps?q=31.5208040,74.2905770"
"3739","Defence Thread & Kites","Kite Flying - Seller","45 A commercial, Phase 6, Lahore, Pakistan, Lahore Saddar","Lahore Saddar","03018442511","https://www.google.com/maps?q=31.4692950,74.4393850"
"3740","ZAHIR KITE SELLER","Kite Flying - Seller","H8X3+588, Street Number 43, Qila Lachman Singh, Lahore, Pakistan, Lahore City","Lahore City","03118265430","https://www.google.com/maps?q=31.5979450,74.3032420"
"3741","Sikandar kites","Kite Flying - Seller","Plot 804, Sabzazar Block H Sabzazar Housing Scheme Phase 1 & 2 Lahore, Pakistan, Lahore City","Lahore City","03090099095","https://www.google.com/maps?q=31.5135300,74.2676350"
"3742","Metaphor (SMC-Private) Limited","Kite Flying - Trader","Plot 166, Block M Gulberg III, Lahore, Pakistan, Model Town","Model Town","03134827021","https://www.google.com/maps?q=31.4912020,74.3403450"
"3743","Back Basant official kite sellers","Kite Flying - Seller","House No 02, Streat, 28 Wandala Rd, Shahdara Town, Shahdara, Pakistan, Ravi Town","Ravi Town","03164401919","https://www.google.com/maps?q=31.6332090,74.2788230"
"3744","Basant Kite Store","Kite Flying - Seller","233-234 Westwood Rd, Westwood Colony Lahore, Pakistan, Allama Iqbal","Allama Iqbal","03087775305","https://www.google.com/maps?q=31.4647660,74.2394930"
"3745","ZAHIR KITE TRADER","Kite Flying - Trader","H8X3+588, Street Number 43, Qila Lachman Singh, Lahore, Pakistan, Lahore City","Lahore City","03118265430","https://www.google.com/maps?q=31.5979430,74.3032180"
"3746","LALA KITE","Kite Flying - Seller","Shop#3A iftikhar building, Chauburji Chowk, Block B New Chauburji Park, Lahore, 54000, Pakistan, Lahore City","Lahore City","03001555805","https://www.google.com/maps?q=31.5540000,74.3047000"
"3747","RAJAB TRADERS","Kite Flying - Trader","H8FJ+5W6, McLeod Rd, Garhi Shahu, Lahore, 54000, Pakistan, Shalimar Town","Shalimar Town","03234945286","https://www.google.com/maps?q=31.5729020,74.3322720"
"3748","Haji kites","Kite Flying - Seller","H8FH+C29, Dil Mohammad Rd, Garhi Shahu, Lahore, 54000, Pakistan, Shalimar Town","Shalimar Town","03270979014","https://www.google.com/maps?q=31.5735360,74.3275600"
"3749","Buraq Kites","Kite Flying - Trader","Office no 1 1st floor singhar centre , 16 Maclagon road, Shahrah-e-Quaid-e-Azam, Anarkali Bazaar Lahore, 54000, Pakistan, Lahore City","Lahore City","03078829018","https://www.google.com/maps?q=31.5650250,74.3113810"
"3750","Gujjar Mobile and Repairing Center","Kite Flying - Seller","H9VP+R58, St. 2, Khizarabad, Pakistan, Shalimar Town","Shalimar Town","03051533331","https://www.google.com/maps?q=31.5941230,74.3860480"
"3751","Nouman Kite Seller","Kite Flying - Seller","H9VH+6M3, Madina Colony, Baghbanpura, Lahore, Pakistan, Shalimar Town","Shalimar Town","03075126692","https://www.google.com/maps?q=31.5930320,74.3790940"
"3752","Bismillah","Kite Flying - Seller","J83G+57C, Masoom Shah Rd, Badami Bagh, Lahore, 54000, Pakistan, Ravi Town","Ravi Town","03244882371","https://www.google.com/maps?q=31.6029160,74.3255470"
"3753","Mohsin kite","Kite Flying - Seller","F6CW+P29, Thokar Niaz Baig Flyover, Irrigation Colony, Lahore, Pakistan, Allama Iqbal","Allama Iqbal","03064515577","https://www.google.com/maps?q=31.4721270,74.2450290"
"3754","ZS Trader","Kite Flying - Trader","12 Hashmi St, Ali Town Lahore, Pakistan, Allama Iqbal","Allama Iqbal","03074363174","https://www.google.com/maps?q=31.4613050,74.2452920"
"3755","Awan Kite House","Kite Flying - Trader","H8MG+WHJ, Yakki Gate Bazar, Kucha Khair Din Kucha Deputy Alam Shah Walled City of Lahore, Lahore, Pakistan, Lahore City","Lahore City","03044947723","https://www.google.com/maps?q=31.5847720,74.3266780"
"3756","School shop","Kite Flying - Seller","37g Street 123, G Sector G Dha Phase 1, Lahore, Pakistan, Lahore Cantt","Lahore Cantt","03250053777","https://www.google.com/maps?q=31.4829540,74.3945780"
"3757","Kites Hub","Kite Flying - Seller","32 street 28, Bahar Colony Kot Lakhpat, Lahore, Pakistan, Model Town","Model Town","03084166542","https://www.google.com/maps?q=31.4719700,74.3426140"
"3758","francis kite house","Kite Flying - Trader","F689+CX, Gopi Rai, Lahore, Pakistan, Allama Iqbal","Allama Iqbal","03014108113","https://www.google.com/maps?q=31.4662430,74.2198290"
"3759","MK kite Trader","Kite Flying - Seller","F7W6+97X, Cinema wali St, Maraghzar Colony Cresent Town, Lahore, Pakistan, Allama Iqbal","Allama Iqbal","03236661110","https://www.google.com/maps?q=31.4960470,74.2606860"
"3760","Bilal Kite House","Kite Flying - Seller","G74H+JCH, Karim Block Allama Iqbal Town, Lahore, Pakistan, Lahore City","Lahore City","03218857504","https://www.google.com/maps?q=31.5065270,74.2786100"
"3761","Hafiz Kite's","Kite Flying - Trader","F9VR+V7H, Nishat Colony Lahore, Pakistan, Lahore Cantt","Lahore Cantt","03454225769","https://www.google.com/maps?q=31.4946890,74.3907320"
"3762","MJ Kite Trader","Kite Flying - Trader","HCC6+X3F, Salamat Pura Rd, Fatehgarh, Lahore, Pakistan, Shalimar Town","Shalimar Town","03238454363","https://www.google.com/maps?q=31.5724840,74.4102370"
"3763","bahadur kites","Kite Flying - Seller","H8J2+653, Bilal Ganj Lahore, Pakistan, Lahore City","Lahore City","03134633551","https://www.google.com/maps?q=31.5804000,74.3004510"
"3764","PAK SANZAR CARGO","Kite Flying - Seller","Lahore Junction, Swami Nagar, Lahore, Pakistan, Ravi Town","Ravi Town","03337934965","https://www.google.com/maps?q=31.5777140,74.3356190"
"3765","francis kite house","Kite Flying - Seller","F689+CX, Gopi Rai, Lahore, Pakistan, Allama Iqbal","Allama Iqbal","03014108113","https://www.google.com/maps?q=31.4662290,74.2198290"
"3766","RANA KITE","Kite Flying - Trader","C99F+52W, Rohi Nala Road, Lahore, Pakistan, Nishter Town","Nishter Town","03036320983","https://www.google.com/maps?q=31.4179640,74.3723770"
"3767","Malik kite shop","Kite Flying - Seller","Basement, Al Hassan Plaza Jamia Ashrafia 149 Ferozpur Road, Muslim Town Mor Flyover, Fazlia Colony, Lahore, 54000, Pakistan, Model Town","Model Town","03430877774","https://www.google.com/maps?q=31.5218780,74.3250780"
"3768","School Shop","Kite Flying - Seller","Masjid Chowk, Plot 168, near Bismillah General Store, Sector G Dha Phase 1, Lahore, Pakistan, Lahore Cantt","Lahore Cantt","03314175459","https://www.google.com/maps?q=31.4841460,74.3928410"
"3769","MSWAKITES","Kite Flying - Manufacturer","House No. 241, Block C, Palm Housing Scheme, Tehsil Nishter Town, Lahore., Nishter Town","Nishter Town","03334123009","https://www.google.com/maps?q=31.3312690,74.3768630"
"3770","Haider Kite Shop","Kite Flying - Seller","Khatam-e-Nabuwat Station, Sabzazar Block A Sabzazar Housing Scheme Phase 1 & 2 Lahore, 54000, Pakistan, Lahore City","Lahore City","03074104843","https://www.google.com/maps?q=31.5175320,74.2775340"
"3771","Bilal Bashir Malik Kite Flying - Trader","Kite Flying - Trader","13/32 Dev Samaj Road, Sant Nagar St Nagar, Lahore, 54000, Pakistan, Lahore City","Lahore City","03131457615","https://www.google.com/maps?q=31.5689840,74.2982500"
"3772","MSWAKITES","Kite Flying - Trader","House No. 241, Block C, Palm Housing Scheme, Tehsil Nishter Town, Lahore., Nishter Town","Nishter Town","03334123009","https://www.google.com/maps?q=31.3312560,74.3768560"
"3773","Neamat kite seller","Kite Flying - Seller","Imamia Colony, Ali Park, Ferozewala, Pakistan, Ravi Town","Ravi Town","03464114368","https://www.google.com/maps?q=31.6462130,74.2844010"
"3774","Zeeshan pan shop","Kite Flying - Seller","Main Sher Shah Rd, near Attock petrol pump, Data Nagar Badami Bagh, Lahore, Pakistan, Ravi Town","Ravi Town","03214842978","https://www.google.com/maps?q=31.5955290,74.3224390"
"3775","Home","Kite Flying - Manufacturer","Plot 199, D Block Block D Gulshan-e-Ravi, Lahore, 54000, Pakistan, Lahore City","Lahore City","03239949183","https://www.google.com/maps?q=31.5544090,74.2863830"
"3776","HGN TRADERS","Kite Flying - Trader","H88H+C2V, Montgomery Rd, Montgomery Park Garhi Shahu, Lahore, 54000, Pakistan, Shalimar Town","Shalimar Town","03233659999","https://www.google.com/maps?q=31.5660660,74.3275080"
"3777","Muhammad Zahid","Kite Flying - Trader","H73C+5XF, Band Rd, Sanda Bhatiyan Block E Gulshan-e-Ravi, Lahore, 54000, Pakistan, Lahore City","Lahore City","03334296778","https://www.google.com/maps?q=31.5529470,74.2724980"
"3778","Lucky book shop","Kite Flying - Trader","Plot 107, Sutlej Block Satluj Block Allama Iqbal Town, Lahore, 54000, Pakistan, Lahore City","Lahore City","03216721153","https://www.google.com/maps?q=31.5226700,74.2911010"
"3779","Turbo Kite Traders","Kite Flying - Trader","H834+R79, Mozang Chungi, Lahore, 54000, Pakistan, Lahore City","Lahore City","03493936460","https://www.google.com/maps?q=31.5545500,74.3056900"
"3780","Metaphor (SMC-Private) Limited","Kite Flying - Seller","Plot 166, Block M Gulberg III, Lahore, Pakistan, Model Town","Model Town","03134827021","https://www.google.com/maps?q=31.4912130,74.3402880"
"3781","AK Traders","Kite Flying - Trader","H97P+R22, Gunj Lahore, 54840, Pakistan, Shalimar Town","Shalimar Town","03354766735","https://www.google.com/maps?q=31.5645160,74.3850170"
"3782","Saqib Traders","Kite Flying - Trader","952F+75F, Bahria Town, Lahore, Pakistan, Raiwind","Raiwind","03165072185","https://www.google.com/maps?q=31.3507780,74.1729930"
"3783","Metaphor (SMC-Private) Limited","Kite Flying - Manufacturer","Plot 166, Block M Gulberg III, Lahore, Pakistan, Model Town","Model Town","03134827021","https://www.google.com/maps?q=31.4912310,74.3403420"
"3784","Ustad Shahbaz Guddi Farosh","Kite Flying - Seller","Near masjid jamia Qasmia lajpat road shadhara, Shahdara Town, Lahore, Pakistan, Ravi Town","Ravi Town","03154656414","https://www.google.com/maps?q=31.6275340,74.2804180"
"3785","Visible Winner","Kite Flying - Trader","Plot 188, Abbas Block Mustafa Town, Lahore, Pakistan, Allama Iqbal","Allama Iqbal","03054467340","https://www.google.com/maps?q=31.4906330,74.2690490"
"3786","Malik kite shop","Kite Flying - Trader","149 Lahore – Kasur Rd, Fazlia Colony, Lahore, 54000, Pakistan, Model Town","Model Town","03430877774","https://www.google.com/maps?q=31.5220200,74.3250990"
"3787","Taqwa Enterprises","Kite Flying - Trader","Malik Munir Rd, H74P+3X7, Sanda Kalan, Sanda, D Block Block D Gulshan-e-Ravi, Lahore, 54000, Pakistan, Lahore City","Lahore City","03204667538","https://www.google.com/maps?q=31.5550960,74.2873910"
"3788","Dawn Books","Kite Flying - Seller","GCX4+62F, Al-Faisal Town, Lahore, Pakistan, Shalimar Town","Shalimar Town","03233067685","https://www.google.com/maps?q=31.5480660,74.4050280"
"3789","Aqeel Kite Seller","Kite Flying - Trader","H857+FFC, Mozang Main Bazar, Mozang Chungi, Lahore, 54000, Pakistan, Lahore City","Lahore City","03007571322, 03238564920","https://www.google.com/maps?q=31.5559310,74.3140290"
"3790","MZH kite house","Kite Flying - Trader","H8J9+JJ2, Sadakaran Bazaar, Shah Alam Walled City of Lahore, Lahore, 54000, Pakistan, Lahore City","Lahore City","03226754001","https://www.google.com/maps?q=31.5817050,74.3190390"
"3791","Ustad Shahbaz Guddi Farosh","Kite Flying - Manufacturer","Near masjid jamia Qasmia lajpat road shadhara, Shahdara Town, Lahore, Pakistan, Ravi Town","Ravi Town","03154656414","https://www.google.com/maps?q=31.6275340,74.2804180"
"3792","AZAM KITE SELLER","Kite Flying - Seller","H9W3+26H, Scheme No. 2 Scheme No 2, Lahore, Pakistan, Ravi Town","Ravi Town","03004498872","https://www.google.com/maps?q=31.5951260,74.3531290"
"3793","faisal kite maker","Kite Flying - Seller","F8MM+7QC maHi jutt, Block A Model Town, Lahore, Pakistan, Model Town","Model Town","03064042088","https://www.google.com/maps?q=31.4832000,74.3344000"
"3794","Bismillah General Store","Kite Flying - Seller","H8HC+CXM, Lal Khoo Bazaar, Sher Galiyan Mochi Gate Walled City of Lahore, Lahore, 54000, Pakistan, Lahore City","Lahore City","03234521038","https://www.google.com/maps?q=31.5784840,74.3223950"
"3795","Kites Lahore","Kite Flying - Seller","PL 67 Siddiq Trade Center, Model Town","Model Town","03444556055","https://www.google.com/maps?q=31.5314080,74.3527680"
"3796","Pouch House","Kite Flying - Trader","11 Bedian Road, Sector A DHA Phase 6, Lahore, Pakistan, Lahore Saddar","Lahore Saddar","03071639167","https://www.google.com/maps?q=31.4639540,74.4349120"
"3797","School Shop","Kite Flying - Manufacturer","38-g, h block market, Sector G Dha Phase 1, Lahore, Pakistan, Lahore Cantt","Lahore Cantt","03250053777","https://www.google.com/maps?q=31.4830640,74.3947050"
"3798","Kashoo foodies","Kite Flying - Seller","G7JR+795, Al-Mumtaz Rd, Baitul Raza Colony, Lahore, 54000, Pakistan, Lahore City","Lahore City","03204717131","https://www.google.com/maps?q=31.5305900,74.2909390"
"3799","Kite_Mania","Kite Flying - Manufacturer","J79X+PG5, Jahangir Tomb Rd, Shahdara Town, Shahdara, Pakistan, Ravi Town","Ravi Town","03290043208","https://www.google.com/maps?q=31.6193850,74.2989720"
"3800","Amir kite shop","Kite Flying - Manufacturer","Plot 34, Block N Gulberg III, Lahore, Pakistan, Lahore Cantt","Lahore Cantt","03235577380","https://www.google.com/maps?q=31.5213970,74.3589410"
"3801","Haji traders","Kite Flying - Trader","34 Ravi Rd, Ravi Park, Lahore, Pakistan, Lahore City","Lahore City","03124195985","https://www.google.com/maps?q=31.5933690,74.3035200"
"3802","World Mobile & computer","Kite Flying - Seller","dollarland, F9FG+7W, Sector Y DHA Phase 3, Lahore, Pakistan, Lahore Cantt","Lahore Cantt","03004744440","https://www.google.com/maps?q=31.4731600,74.3773790"
"3803","Faiq Kite House","Kite Flying - Trader","Main Gazi Road near Bantii Hotel Lahore, Pakistan, Model Town","Model Town","03004217963","https://www.google.com/maps?q=31.4590900,74.3542350"
"3804","MUHAMMAD ILYAS KITE SELLER","Kite Flying - Seller","J7MH+7RJ, Wandala Rd, Shahdara Town, Shahdara, Pakistan, Ravi Town","Ravi Town","03014294366","https://www.google.com/maps?q=31.6332150,74.2796210"
"3805","Nadeem's Kite House","Kite Flying - Manufacturer","F899+29J, Umar St, Bhatti Colony, Lahore, 54600, Pakistan, Model Town","Model Town","03214898062","https://www.google.com/maps?q=31.4674740,74.3183040"
"3806","Kites Lahore","Kite Flying - Trader","PL 67 Siddiq Trade Center, Model Town","Model Town","03444556055","https://www.google.com/maps?q=31.5313000,74.3528000"
"3807","Infinity Crop","Kite Flying - Seller","F68V+Q54, Westwood Colony, Lahore, Pakistan, Allama Iqbal","Allama Iqbal","03218555566","https://www.google.com/maps?q=31.4669930,74.2429870"
"3808","PRIVATE","Kite Flying - Seller","F8CR+78J, Bahar Colony Lahore, Pakistan, Model Town","Model Town","03224431966","https://www.google.com/maps?q=31.4707290,74.3405850"
"3809","Kites Lahore","Kite Flying - Manufacturer","PL 67 Siddiq Trade Center, Model Town","Model Town","03444556055","https://www.google.com/maps?q=31.5313000,74.3528000"
"3810","AMMAR KITE SELLER","Kite Flying - Seller","J7MH+7RJ, Wandala Rd, Shahdara Town, Shahdara, Pakistan, Ravi Town","Ravi Town","03204358810","https://www.google.com/maps?q=31.6332150,74.2796210"
"3811","Khan Kite House","Kite Flying - Trader","Plot 27, Township Block 6 Sector B 1 Lahore, Pakistan, Model Town","Model Town","03026072579","https://www.google.com/maps?q=31.4564830,74.3106690"
"3812","Ahsan kite","Kite Flying - Manufacturer","House # 67, Mohala Shuja road, Clifton colony, Lahore, Model Town","Model Town","03097329525","https://www.google.com/maps?q=31.5208260,74.3055820"
"3813","Hamza Kites","Kite Flying - Trader","House 53-A, Street 10, Muhallah Gurumanget, Gulberg 3, LHR, Lahore Cantt","Lahore Cantt","03089455553","https://www.google.com/maps?q=31.5110250,74.3548110"
"3814","Trust Kite Dealer","Kite Flying - Seller","24, near GOVT MAO COLLEGE, Rewaz Garden Rewaz Gardens, Lahore, 54000, Pakistan, Lahore City","Lahore City","03324666434","https://www.google.com/maps?q=31.5619560,74.3040310"
"3815","Lahore kite seller","Kite Flying - Trader","Shahzad Furniture 162/46s old Dhobi Ghat, Makhan Pura Chah Miran, Lahore, Pakistan, Ravi Town","Ravi Town","03224132311","https://www.google.com/maps?q=31.5889900,74.3426060"
"3816","HM Kites","Kite Flying - Seller","H8PQ+QF3, Chah Miran, Lahore, 54900, Pakistan, Ravi Town","Ravi Town","03204580637","https://www.google.com/maps?q=31.5869000,74.3385200"
"3817","Imtiaz Kite Trader","Kite Flying - Trader","FGH7+XJQ, Barki Rd, Barki Lahore, Pakistan, Lahore Saddar","Lahore Saddar","03244264463","https://www.google.com/maps?q=31.4800960,74.5141540"
"3818","Murtaza Ijaz Kite Flying - Seller","Kite Flying - Seller","Delhi Gate, Main Nurian Bazar, near Shahi Hammam, Akbari Mandi Walled City of Lahore, Lahore, 54000, Pakistan, Lahore City","Lahore City","03004742741","https://www.google.com/maps?q=31.5822300,74.3258500"
"3819","Abdullah Kites Traders","Kite Flying - Trader","95F9+JXP, AA-Block Aa Block Sector D Bahria Town, Lahore, Pakistan, Raiwind","Raiwind","03494540916","https://www.google.com/maps?q=31.3740640,74.1699080"
"3820","Joyed3","Kite Flying - Trader","C9RQ+453, Kamahan - Lidher Rd, State Life Phase 1 State Life, Lahore, Pakistan, Nishter Town","Nishter Town","03104338687","https://www.google.com/maps?q=31.4406470,74.3880040"
"3821","Rehman Kite Centre","Kite Flying - Seller","HC32+P25, Main Bazar Nizamabad, Ghaziabad, Lahore, Pakistan, Shalimar Town","Shalimar Town","03194225440","https://www.google.com/maps?q=31.5542690,74.4000790"
"3822","Lahore kites","Kite Flying - Seller","F83F+382, Township Block 6 Sector A 2 Lahore, Pakistan, Model Town","Model Town","03356666789","https://www.google.com/maps?q=31.4525620,74.3231550"
"3823","Babar Patang Zone","Kite Flying - Seller","34 Street Number 3, Ameen Park Karim Park, Lahore, Pakistan, Ravi Town","Ravi Town","03284027187","https://www.google.com/maps?q=31.5889540,74.2952130"
"3824","Al Meraj","Kite Flying - Seller","H8RV+PQP, beeco Chowk, Makhan Pura Chah Miran, Lahore, Pakistan, Ravi Town","Ravi Town","03352383309","https://www.google.com/maps?q=31.5918240,74.3444200"
"3825","Kite Center","Kite Flying - Seller","J925+5JC Nageena park, Nageena St, China Scheme, Lahore, Pakistan, Shalimar Town","Shalimar Town","03021946821","https://www.google.com/maps?q=31.6006820,74.3591920"
"3826","AZIB KITES HOUSE","Kite Flying - Trader","J82F+524, Road, Data Nagar Badami Bagh, Lahore, Pakistan, Ravi Town","Ravi Town","03235187976","https://www.google.com/maps?q=31.6003480,74.3226090"
"3827","basan kite seler","Kite Flying - Seller","F82R+VQX, Kacha Jail Rd, Quaid e Millat Colony, Lahore, Pakistan, Model Town","Model Town","03285974456","https://www.google.com/maps?q=31.4522980,74.3421010"
"3828","Azam kite onlineshop","Kite Flying - Seller","H839+22P, Mozang Chungi, Lahore, 54000, Pakistan, Lahore City","Lahore City","03114121772","https://www.google.com/maps?q=31.5525970,74.3175640"
"3829","SHAHZAD KITES","Kite Flying - Seller","Rahmat Ali Rd, Samanabad Town, Lahore, 54000, Pakistan, Lahore City","Lahore City","03349768843","https://www.google.com/maps?q=31.5388960,74.2977200"
"3830","Rehman Kite Centre","Kite Flying - Manufacturer","HC32+P25, Main Bazar Nizamabad, Ghaziabad, Lahore, Pakistan, Shalimar Town","Shalimar Town","03194225440","https://www.google.com/maps?q=31.5542690,74.4000790"
"3831","Waqar","Kite Flying - Seller","Bazaar Laal khoh، inside Mochi Gate، Kucha Chagtah Walled City of Lahore, Lahore, 54000, Pakistan, Lahore City","Lahore City","03124044614","https://www.google.com/maps?q=31.5777730,74.3220350"
"3832","Faisal Traders","Kite Flying - Trader","H8WW+QVG, Sher Shah Rd, Scheme No. 2 Scheme No 2, Lahore, Pakistan, Ravi Town","Ravi Town","03214819320","https://www.google.com/maps?q=31.5967640,74.3475540"
"3833","Umer Shahzad","Kite Flying - Manufacturer","H74R+JJV, Sham Nagar Sanda, Lahore, 54000, Pakistan, Lahore City","Lahore City","03706151437","https://www.google.com/maps?q=31.5567660,74.2912070"
"3834","Kite Expert","Kite Flying - Seller","Plot 166, Sector D2 Sector D 2 Block 1 Green Town, Lahore, Pakistan, Model Town","Model Town","03084598008","https://www.google.com/maps?q=31.4320290,74.3024360"
"3835","The Kite Runner","Kite Flying - Seller","F89J+W4P, SMA Hai Rd, Liaquatabad (Dhalla), Lahore, Pakistan, Model Town","Model Town","03009466836","https://www.google.com/maps?q=31.4699130,74.3301070"
"3836","Abdullah Kites Seller","Kite Flying - Seller","95F9+JXP, AA-Block Aa Block Sector D Bahria Town, Lahore, Pakistan, Raiwind","Raiwind","03494540916","https://www.google.com/maps?q=31.3740640,74.1699080"
"3837","JANI PAN SHOP","Kite Flying - Seller","C9J7+637, Awan Market, Lahore, Pakistan, Nishter Town","Nishter Town","03274795005","https://www.google.com/maps?q=31.4304800,74.3623000"
"3838","Shahid Kite Manufacturing","Kite Flying - Manufacturer","H8MW+XRW, Iqbal Rd, Chah Miran, Lahore, Pakistan, Ravi Town","Ravi Town","03008869507","https://www.google.com/maps?q=31.5849760,74.3470980"
"3839","Rana Anwar kite store","Kite Flying - Trader","7 Gurumangat Rd, Industrial Area Industrial Plots, Lahore, Pakistan, Lahore Cantt","Lahore Cantt","03070491130","https://www.google.com/maps?q=31.5156600,74.3588410"
"3840","Anees kites and flying","Kite Flying - Trader","H7GV+JRG, Ibrahim Rd, Data Gunj Buksh Town, Lahore, 54000, Pakistan, Lahore City","Lahore City","03124162596","https://www.google.com/maps?q=31.5766620,74.2945430"
"3841","Khan General store","Kite Flying - Seller","H9QP+JVQ, 27/D Sultan Mehmood Rd, Shalamar Town, Lahore, 54000, Pakistan, Shalimar Town","Shalimar Town","03164104285","https://www.google.com/maps?q=31.5892820,74.3875790"
"3842","Mian Kites","Kite Flying - Seller","C8FX+8J4, Gillani Park Sherwani Town, Lahore, Pakistan, Model Town","Model Town","03085792846","https://www.google.com/maps?q=31.4235010,74.3489480"
"3843","Village pharmacy","Kite Flying - Seller","9 Main Bazar, Sitara Colony, Lahore, Pakistan, Model Town","Model Town","03334035735","https://www.google.com/maps?q=31.4489000,74.3605780"
"3844","HS Kite Sales Point","Kite Flying - Seller","Plot 643, Sector D2 Sector D 2 Block 3 Green Town, Lahore, Pakistan, Model Town","Model Town","03084559084","https://www.google.com/maps?q=31.4354560,74.3046000"
"3845","Shahbaz Shop","Kite Flying - Seller","House No 23-A Street 54-S Muhalla Touheeda Bad new Sabzi Mandi Lahore, Ravi Town","Ravi Town","03074676484","https://www.google.com/maps?q=31.6007450,74.3160670"
"3846","Village pharmacy","Kite Flying - Trader","G996+WF4, Khan Colony Lahore, Pakistan, Lahore Cantt","Lahore Cantt","03334035735","https://www.google.com/maps?q=31.5197730,74.3622710"
"3847","kite seller and manufacoturing","Kite Flying - Trader","C966+GQ9, Yohanabad Main Bazar Rd, Main Bazar Youhanabad, Lahore, Pakistan, Nishter Town","Nishter Town","03237388561","https://www.google.com/maps?q=31.4112690,74.3620670"
"3848","Hashim Kite House","Kite Flying - Seller","F955+Q89, near alshifa hospital, Shoukat Town Gul Colony, Lahore, 54800, Pakistan, Model Town","Model Town","03228477007","https://www.google.com/maps?q=31.4590870,74.3581270"
"3849","Khurram khan Kite seller","Kite Flying - Seller","H8PC+64Q, Shisha Moti Bazaar, Kucha Jamadaran Walled City of Lahore, Lahore, Pakistan, Lahore City","Lahore City","03244027966","https://www.google.com/maps?q=31.5856780,74.3202560"
"3850","The Book Shop and Stationary","Kite Flying - Seller","shop#1410 Sarwar Rd, Saddar Town, Lahore, Pakistan, Lahore Cantt","Lahore Cantt","03365350680","https://www.google.com/maps?q=31.5400530,74.3770350"
"3851","ASLAM KHAN WHOLE SALE KITE","Kite Flying - Manufacturer","C7GQ+GXX, Sheraz Town Rd, Bagrian Block B Shiraz Town, Lahore, Pakistan, Model Town","Model Town","03014257493","https://www.google.com/maps?q=31.4263510,74.2899970"
"3852","Malik kite trader","Kite Flying - Trader","H8CX+VHQ, Garhi Shahu Bridge, Swami Nagar, Lahore, Pakistan, Shalimar Town","Shalimar Town","03274666640","https://www.google.com/maps?q=31.5722080,74.3491910"
"3853","Faraz Kites Traders","Kite Flying - Trader","H79Q+Q7G, St Nagar, Lahore, 54000, Pakistan, Lahore City","Lahore City","03291402308","https://www.google.com/maps?q=31.5697400,74.2879600"
"3854","KM kites'","Kite Flying - Seller","J8J6+VCC, Jada Rd, Shahdara Town, Lahore, Pakistan, Ravi Town","Ravi Town","03111494254","https://www.google.com/maps?q=31.6321710,74.3110210"
"3855","Skyler Traders","Kite Flying - Trader","Plot 26, Main Market, Lahore, Pakistan, Model Town","Model Town","03322942728","https://www.google.com/maps?q=31.5242690,74.3468800"
"3856","Mota Bhai Kites","Kite Flying - Manufacturer","H9HW+W6G, Rasheed Pura Rd, Shahid Park, Lahore, Pakistan, Shalimar Town","Shalimar Town","03096552725","https://www.google.com/maps?q=31.5798680,74.3956020"
"3857","costly paper sticker and decoration house","Kite Flying - Trader","C8J2+67M, Bagrian Green Town, Lahore, Pakistan, Model Town","Model Town","03014134647","https://www.google.com/maps?q=31.4299520,74.3005050"
"3858","Pervaiz Manufacturer","Kite Flying - Manufacturer","H7VX+XWH, Qasurpura, Lahore, Pakistan, Lahore City","Lahore City","03128770022","https://www.google.com/maps?q=31.5946860,74.3000370"
"3859","Bao kite","Kite Flying - Seller","H9R4+HQH, Kot Khawaja Saeed, Lahore, Pakistan, Shalimar Town","Shalimar Town","03008194307","https://www.google.com/maps?q=31.5914030,74.3570070"
"3860","Sandhu","Kite Flying - Seller","13 CCA, FAIRWAYS COMMERCIAL, Defence Raya Golf Resort Sector M DHA Phase 6, Lahore, Pakistan, Lahore Cantt","Lahore Cantt","03222263563","https://www.google.com/maps?q=31.4683230,74.4678430"
"3861","R A kites","Kite Flying - Seller","C976+823, Youhanabad, Lahore, 54600, Pakistan, Nishter Town","Nishter Town","03078754396","https://www.google.com/maps?q=31.4135250,74.3604050"
"3862","Sheikh kite house","Kite Flying - Trader","F925+GX5, Shanghai Rd, Sitara Colony, Lahore, Pakistan, Model Town","Model Town","03224202724","https://www.google.com/maps?q=31.4513780,74.3601950"
"3863","KitesFirm","Kite Flying - Trader","F8GP+9WM, Model Town, Lahore, Pakistan, Model Town","Model Town","03224314487","https://www.google.com/maps?q=31.4760010,74.3371780"
"3864","Hussnain kite and cold drink corner","Kite Flying - Trader","C5C9+JV5, Multan Rd, Chung, Lahore, Pakistan, Allama Iqbal","Allama Iqbal","03123604629","https://www.google.com/maps?q=31.4215130,74.1697230"
"3865","Umair kite Trades","Kite Flying - Seller","G8V5+VG9, Fateh Sher Rd, Bagh Gul Begum Islamia Park, Lahore, 54000, Pakistan, Lahore City","Lahore City","03278556383","https://www.google.com/maps?q=31.5446250,74.3088260"
"3866","Aslam Babu Kite House","Kite Flying - Trader","The Grill planet 17 Q, near ayoob Chowk, Block P Block Q Phase 2 Johar Town, Lahore, Pakistan, Allama Iqbal","Allama Iqbal","03044973942","https://www.google.com/maps?q=31.4595280,74.2670340"
"3867","Anas Bhatti Trader","Kite Flying - Seller","862F+54J, opposite gourmet boys high school, Pajian, Lahore, Pakistan, Raiwind","Raiwind","03060427720","https://www.google.com/maps?q=31.3004630,74.2227750"
"3868","Kite Flying - Seller","Kite Flying - Seller","House No 678, Fazlia Colony Feroze Pur Road Lahore, Model Town","Model Town","03244153622","https://www.google.com/maps?q=31.5253800,74.3232080"
"3869","MM SPORTS","Kite Flying - Trader","225, Township Block 1 Sector D1 Lahore, Pakistan, Model Town","Model Town","03078866775","https://www.google.com/maps?q=31.4433910,74.3061150"
"3870","Empirical Solutions (Private) Limited","Kite Flying - Seller","2nd Floor, Park View Tower, 32 Commercial, Central Block, Bahria Orchard, Lahore, Pakistan, Raiwind","Raiwind","03008866474, 03329911177","https://www.google.com/maps?q=31.3194320,74.2211480"
"3871","AW kites","Kite Flying - Seller","146-a sir syed street shujah road clifton colony lahore, Lahore City","Lahore City","03374188611","https://www.google.com/maps?q=31.5716320,74.2936390"
"3872","Maier Diaper & Toys","Kite Flying - Seller","Plot 3, Sector D2 Sector D 2 Block 5 Green Town, Lahore, Pakistan, Model Town","Model Town","03214802771","https://www.google.com/maps?q=31.4346480,74.3099630"
"3873","Amir kites","Kite Flying - Seller","H79P+GV7, Outfall Rd, St Nagar, Lahore, 54000, Pakistan, Lahore City","Lahore City","03249433443","https://www.google.com/maps?q=31.5687220,74.2871180"
"3874","Aqib trader","Kite Flying - Trader","750, Kashmir Block Allama Iqbal Town, Lahore, 54000, Pakistan, Model Town","Model Town","03077089458","https://www.google.com/maps?q=31.5161620,74.2884050"
"3875","ADD ENGINEER WORKS","Kite Flying - Seller","J8R4+3PC, Shahdara Town, Shahdara, Pakistan, Ravi Town","Ravi Town","03014885959","https://www.google.com/maps?q=31.6394070,74.3063010"
"3876","OZA Kites","Kite Flying - Trader","314 Ravi Rd, Data Gunj Buksh Town, Lahore, 54900, Pakistan, Lahore City","Lahore City","03223746045","https://www.google.com/maps?q=31.5898230,74.3061480"
"3877","AA kites","Kite Flying - Trader","H8P7+CCW Ali Park, Fort Rd, Walled City of Lahore, Lahore, Pakistan, Lahore City","Lahore City","03294470008","https://www.google.com/maps?q=31.5862360,74.3136240"
"3878","AB Kite House","Kite Flying - Seller","F8CJ+22R, Model Town Extension Block Q Flats Liaquatabad (Dhalla), Lahore, Pakistan, Model Town","Model Town","03271447736","https://www.google.com/maps?q=31.4700550,74.3300980"
"3879","Rehmanbaba","Kite Flying - Seller","H8H7+8FG, Mohalla Chiri Maran Walled City of Lahore, Lahore, 54000, Pakistan, Lahore City","Lahore City","03066484961","https://www.google.com/maps?q=31.5783520,74.3136760"
"3880","Basnat Bazaar","Kite Flying - Trader","Plot 153 B, Block B Model Town, Lahore, Pakistan, Model Town","Model Town","03338162226","https://www.google.com/maps?q=31.4914320,74.3328220"
"3881","Kite string","Kite Flying - Trader","Plot 595, Township Block 2 Sector D1 Lahore, Pakistan, Model Town","Model Town","03234467326","https://www.google.com/maps?q=31.4443900,74.3110070"
"3882","I&B kite Trader","Kite Flying - Trader","8 New Shalimar Rd, Shera Kot Lahore, 54000, Pakistan, Lahore City","Lahore City","03224943413","https://www.google.com/maps?q=31.5412660,74.2830340"
"3883","AB KITE MANUFACTURER","Kite Flying - Seller","J92M+C7J, Shalimar Housing Scheme Mehmood Booti, Lahore, Pakistan, Shalimar Town","Shalimar Town","03075440887","https://www.google.com/maps?q=31.6011640,74.3830910"
"3884","RanaKiteHouse","Kite Flying - Seller","G737+PGR, Main Rd Awan Town, Awan Town, Lahore, 54780, Pakistan, Lahore City","Lahore City","03038547826","https://www.google.com/maps?q=31.5043410,74.2638360"
"3885","Ahtsham sultan kite manufacturer","Kite Flying - Manufacturer","1 Ahlu Rd, Phase Kahna Nau, Lahore, 53100, Pakistan, Nishter Town","Nishter Town","03011320438","https://www.google.com/maps?q=31.3772650,74.3829140"
"3886","Ahmad Kite flying","Kite Flying - Seller","G725+28F, Al-Hamd Park Block N Marghzar Housing Scheme, Lahore, Pakistan, Allama Iqbal","Allama Iqbal","03184286386","https://www.google.com/maps?q=31.5002000,74.2583000"
"3887","SS kite","Kite Flying - Seller","H87W+H2M, Allama Iqbal Rd, near gourmet bakers, Muhammad Nagar Garhi Shahu, Lahore, 54000, Pakistan, Shalimar Town","Shalimar Town","03244306546","https://www.google.com/maps?q=31.5639200,74.3451140"
"3888","Assistant","Kite Flying - Seller","Plot 288, Block A Muslim Town, Lahore, Pakistan, Model Town","Model Town","03225105230","https://www.google.com/maps?q=31.5094970,74.3147520"
"3889","Ik Kite Maker","Kite Flying - Trader","H8PV+2G9, Mohalla Sadaat Misri Shah, Lahore, Pakistan, Ravi Town","Ravi Town","03364421663","https://www.google.com/maps?q=31.5848880,74.3440740"
"3890","Farooq Trader","Kite Flying - Trader","H833+QR7, Chauburji Chowk, Block B New Chauburji Park, Lahore, 54000, Pakistan, Lahore City","Lahore City","03134822494","https://www.google.com/maps?q=31.5543240,74.3045030"
"3891","The Kites Studio","Kite Flying - Manufacturer","J767+QGM, Mian Rd, Shahdara Town, Lahore, Pakistan, Ravi Town","Ravi Town","03355090020","https://www.google.com/maps?q=31.6117200,74.2637030"
"3892","ALKARAM DIPARTMENT STORE","Kite Flying - Seller","FCV7+PPC, Gulshan Ali Colony Gulshan e Ali Colony, Lahore, Pakistan, Lahore Cantt","Lahore Cantt","03322392609","https://www.google.com/maps?q=31.4943160,74.4142750"
"3893","Waseem Akram","Kite Flying - Seller","F89J+W4P, SMA Hai Rd, Liaquatabad (Dhalla), Lahore, Pakistan, Model Town","Model Town","03024760500","https://www.google.com/maps?q=31.4697350,74.3304680"
"3894","Butt Kite Flying","Kite Flying - Manufacturer","9985+3HM, Lahore, Pakistan, Nishter Town","Nishter Town","03214340012","https://www.google.com/maps?q=31.3647590,74.3587080"
"3895","Ali Ahmed Baloch Kite Flying","Kite Flying - Trader","H857+FFC, Mozang Main Bazar, Mozang Chungi, Lahore, 54000, Pakistan, Lahore City","Lahore City","03214574815","https://www.google.com/maps?q=31.5559310,74.3140290"
"3896","Shanam store","Kite Flying - Seller","HCC9+XG9, Main Amir Town Rd, Canal Bank Housing Scheme, Lahore, Pakistan, Shalimar Town","Shalimar Town","03344208365","https://www.google.com/maps?q=31.5725020,74.4188730"
"3897","SAEED KITE FLYING","Kite Flying - Seller","25 Poonch Rd, Islamia Park Lahore, 54000, Pakistan, Lahore City","Lahore City","03464240516","https://www.google.com/maps?q=31.5493210,74.3027200"
"3898","Rana traders","Kite Flying - Seller","Plot 164, Maraghzar Colony Block C Marghzar Housing Scheme, Lahore, Pakistan, Allama Iqbal","Allama Iqbal","03004442301","https://www.google.com/maps?q=31.5049600,74.2476010"
"3899","NADEEM GENERAL STORE","Kite Flying - Seller","J63R+8HX, Naain Sukh, Lahore, Pakistan, Lahore City","Lahore City","03119903996","https://www.google.com/maps?q=31.6034680,74.2414440"
"3900","Butt kites","Kite Flying - Seller","H8Q4+645, Data Gunj Buksh Town, Lahore, Pakistan, Lahore City","Lahore City","03023029090","https://www.google.com/maps?q=31.5879410,74.3053390"
"3901","Haji General Store","Kite Flying - Seller","Sunny Flour Mill Mosque, 42, Block N Gulberg III, Lahore, 56000, Pakistan, Lahore Cantt","Lahore Cantt","03014215485","https://www.google.com/maps?q=31.5194470,74.3590510"
"3902","Majid tarder","Kite Flying - Trader","J932+PHG, Bhagat Pura Bhagatpura, Lahore, 54000, Pakistan, Ravi Town","Ravi Town","03295307944","https://www.google.com/maps?q=31.6043930,74.3516700"
"3903","Saeed kites","Kite Flying - Seller","3 Bajwa St, Block H Gulberg 2, Lahore, Pakistan, Lahore City","Lahore City","03334277144","https://www.google.com/maps?q=31.5305680,74.3555170"
"3904","Mhammad Usman Kite Flying - Trader","Kite Flying - Trader","H9R4+H9X, Kot Khawaja Saeed, Lahore, Pakistan, Shalimar Town","Shalimar Town","03088159017","https://www.google.com/maps?q=31.5915000,74.3557200"
"3905","shamroz kite association","Kite Flying - Seller","F87W+368, Bostan Colony, Lahore, Pakistan, Model Town","Model Town","03154025732","https://www.google.com/maps?q=31.4626240,74.3457680"
"3906","Rehan Azeem","Kite Flying - Trader","H74R+VJ3, Street 40, Sham Nagar Sanda, Lahore, 54000, Pakistan, Lahore City","Lahore City","03208214659","https://www.google.com/maps?q=31.5570610,74.2910690"
"3907","Sheikh G Kite House","Kite Flying - Trader","Murghzar Road, Lalazar Housing Society, Block A, House 26A, Phase 2, Murghzar Road, Multan Rd, Maraghzar Colony R Block Cresent Town, Lahore, Pakistan, Allama Iqbal","Allama Iqbal","03324472688","https://www.google.com/maps?q=31.4941000,74.2579590"
"3908","IQBAL KITE HOUSE","Kite Flying - Seller","C9X5+WF9, Sitara Colony, Lahore, Pakistan, Model Town","Model Town","03224659131","https://www.google.com/maps?q=31.4487030,74.3588920"
"3909","Sahil cosmetics and mobile center","Kite Flying - Seller","C64H+85G, Raiwind Rd, Mumtaz Bakhtawar Hospital II Bhobtian, Lahore, Pakistan, Allama Iqbal","Allama Iqbal","03153100061","https://www.google.com/maps?q=31.4060110,74.2277530"
"3910","Nisar Kabab Wala","Kite Flying - Trader","Bhabra Stop, Model Town, Lahore, Pakistan, Model Town","Model Town","03224168124","https://www.google.com/maps?q=31.4916320,74.3367300"
"3911","Bakhtawar Traders","Kite Flying - Seller","C998+MW4, Nishter Colony, Lahore, Pakistan, Nishter Town","Nishter Town","03008146425","https://www.google.com/maps?q=31.4191610,74.3673810"
"3912","Muhammad Azhar Kite Flying - Trader","Kite Flying - Trader","H7M4+XQP, Lahore, Pakistan, Ravi Town","Ravi Town","03244700362","https://www.google.com/maps?q=31.5852700,74.2565100"
"3913","Prince kite house","Kite Flying - Seller","Gunpat Rd, New Anarkali, Civil Lines, Lahore, Punjab, H8G6+9WR, Anarkali Bazaar Lahore, 54000, Pakistan, Lahore City","Lahore City","03224114012","https://www.google.com/maps?q=31.5759820,74.3122350"
"3914","Faraz Kites Seller","Kite Flying - Seller","H79Q+Q7G, St Nagar, Lahore, 54000, Pakistan, Lahore City","Lahore City","03291402308","https://www.google.com/maps?q=31.5697400,74.2879400"
"3915","Zahid Kites","Kite Flying - Seller","HFWX+HQ2, Jallo More Bata Pur, Lahore, Pakistan, Wahgah Town","Wahgah Town","03228075815","https://www.google.com/maps?q=31.5963250,74.4994970"
"3916","AWAN PRINTING PRESS","Kite Flying - Seller","C9Q4+QRX, Kamahan - Lidher Rd, Gulshan Yaseen Colony, Lahore, Pakistan, Nishter Town","Nishter Town","03030305959","https://www.google.com/maps?q=31.4395080,74.3570990"
"3917","Faisal Kite Makker","Kite Flying - Manufacturer","H96X+V23, Tajpura, Lahore, Pakistan, Shalimar Town","Shalimar Town","03231456765, 03225847021","https://www.google.com/maps?q=31.5614640,74.3983750"
"3918","Zee Kites","Kite Flying - Seller","Plot 16 D, Chauburji Quarters Lahore, 54000, Pakistan, Lahore City","Lahore City","03400741637","https://www.google.com/maps?q=31.5470380,74.3006740"
"3919","Samanabadi Kites","Kite Flying - Trader","G7GX+WR6, 01-Zrafar Colony Rd, National Bank Staff Colony Samanabad Town, Lahore, 54000, Pakistan, Lahore City","Lahore City","03214090977","https://www.google.com/maps?q=31.5273640,74.2994900"
"3920","Afzal kites","Kite Flying - Seller","HC84+VPX, Ghazi Pul Muslimabad Tajpura, Lahore, Pakistan, Shalimar Town","Shalimar Town","03214547838","https://www.google.com/maps?q=31.5674170,74.4066670"
"3921","Majid Kites","Kite Flying - Seller","HCFG+V6P, Harbanspura, Lahore, Pakistan, Shalimar Town","Shalimar Town","03014712101","https://www.google.com/maps?q=31.5747770,74.4255460"
"3922","Nazar German paper kite Mela","Kite Flying - Trader","111, Main Blvd Allama Iqbal Town, Huma Block Allama Iqbal Town, Lahore, 54000, Pakistan, Lahore City","Lahore City","03030150013","https://www.google.com/maps?q=31.5236550,74.2889420"
"3923","Pakistan Kite Seller","Kite Flying - Seller","HGV2+F2H, Jallo More Lahore, Pakistan, Wahgah Town","Wahgah Town","03297242400","https://www.google.com/maps?q=31.5937480,74.5004290"
"3924","BASRAW KITE FLYING","Kite Flying - Manufacturer","F9G6+G52, Main Bazaar AL Noor Town Rd, Al-Noor Town Al Noor Town, Lahore, Pakistan, Model Town","Model Town","03213035246","https://www.google.com/maps?q=31.4762990,74.3604340"
"3925","Kite","Kite Flying - Manufacturer","H78Q+623, Saadi Rd, Sanda Islampura, Lahore, 54000, Pakistan, Lahore City","Lahore City","03224696341","https://www.google.com/maps?q=31.5652100,74.2878270"
"3926","MRH Kites","Kite Flying - Seller","J79M+7W4, Shahdara Town, Lahore, Pakistan, Ravi Town","Ravi Town","03091461743","https://www.google.com/maps?q=31.6182050,74.2848790"
"3927","Amir saeed","Kite Flying - Trader","G8J9+G73, Ichhra Shah Din Scheme Lahore, 54000, Pakistan, Model Town","Model Town","03158188867","https://www.google.com/maps?q=31.5313210,74.3182040"
"3928","Riasat Ali Kite Flying - Seller","Kite Flying - Seller","Plot 31, Gopal Nagar Block P Gulberg III, Lahore, Pakistan, Model Town","Model Town","03144352933","https://www.google.com/maps?q=31.4867600,74.3448800"
"3929","Kite flying slaer","Kite Flying - Seller","G9QR+R5 Lahore, Pakistan, Lahore Cantt","Lahore Cantt","03234033782","https://www.google.com/maps?q=31.5395030,74.3904750"
"3930","Riasat Ali Kite Flying - Trader","Kite Flying - Trader","Plot 31, Gopal Nagar Block P Gulberg III, Lahore, Pakistan, Model Town","Model Town","03144352933","https://www.google.com/maps?q=31.4867600,74.3448800"
"3931","Shoes Shop","Kite Flying - Seller","G7RP+PC9, New Shalimar Rd, Shera Kot Lahore, 54000, Pakistan, Lahore City","Lahore City","03206208465","https://www.google.com/maps?q=31.5417770,74.2860850"
"3932","Hamza Trader","Kite Flying - Seller","CFQC+84X, Bedian Rd, Sector Z 2 Phase 7, Lahore, Pakistan, Lahore Saddar","Lahore Saddar","03353406610","https://www.google.com/maps?q=31.4382950,74.4702770"
"3933","Naveed Traders","Kite Flying - Trader","H7FG+R87, Sagian Wala Bypass, Kalid Town Mughal Park Lahore, 54000, Pakistan, Lahore City","Lahore City","03334419497","https://www.google.com/maps?q=31.5744670,74.2757850"
"3934","MS Kites","Kite Flying - Seller","4 Lower Mall, Anarkali Bazaar St Nagar, Lahore, 54000, Pakistan, Lahore City","Lahore City","03010014554","https://www.google.com/maps?q=31.5721530,74.3054510"
"3935","Sutureline Kites","Kite Flying - Manufacturer","HFJ6+3C3, Tulspura Lahore, Pakistan, Wahgah Town","Wahgah Town","03201492458, 03224530354","https://www.google.com/maps?q=31.5807420,74.4611970"
"3936","Rajpoot Kite House","Kite Flying - Seller","Gulshan-e-Ravi Captain Jamal Rd, D2 Block Block D 2 Gulshan-e-Ravi, Lahore, 54000, Pakistan, Lahore City","Lahore City","03046677625","https://www.google.com/maps?q=31.5547670,74.2801650"
"3937","Travizon Trekker.PK","Kite Flying - Manufacturer","Plot 44, Defence Raya Golf Resort Sector M DHA Phase 6, Lahore, Pakistan, Lahore Cantt","Lahore Cantt","03200038007","https://www.google.com/maps?q=31.4739420,74.4700840"
"3938","Anas Bhatti Trader","Kite Flying - Trader","862F+54J, opposite gourmet boys high school, Pajian, Lahore, Pakistan, Raiwind","Raiwind","03060427720","https://www.google.com/maps?q=31.3004630,74.2227750"
"3939","ONLINE TICKETING AGENCY","Kite Flying - Seller","Qartaba Chowk, Jinnah Town, Lahore, 54000, Pakistan, Lahore City","Lahore City","03204595312","https://www.google.com/maps?q=31.5489490,74.3147790"
"3940","Malik Kite House","Kite Flying - Manufacturer","5, Bhadru, Pakistan, Lahore City","Lahore City","03004443362","https://www.google.com/maps?q=31.5446790,74.2530840"
"3941","Hamza Kites Centre","Kite Flying - Seller","F7P4+35M, Hanjarwal, Lahore, Pakistan, Lahore Cantt","Lahore Cantt","03374889234","https://www.google.com/maps?q=31.4851500,74.2552400"
"3942","Qr. Associates Kites","Kite Flying - Seller","H8F8+2MP, Anarkali Bazaar Lahore, 54000, Pakistan, Lahore City","Lahore City","03224506406","https://www.google.com/maps?q=31.5725550,74.3167550"
"3943","Talha Kite Maker","Kite Flying - Seller","Plot 629, Neelum Block Neelam Block Allama Iqbal Town, Lahore, 54000, Pakistan, Model Town","Model Town","03004595550","https://www.google.com/maps?q=31.5242990,74.3007940"
"3944","Essa kites","Kite Flying - Seller","H8V3+PW9, Road, Ravi Park, Lahore, 54000, Pakistan, Lahore City","Lahore City","03224912380","https://www.google.com/maps?q=31.5943190,74.3048450"
"3945","Adnan Kite Seller","Kite Flying - Seller","974J+XVF, Rasul Pura, Lahore, Pakistan, Nishter Town","Nishter Town","03035793205","https://www.google.com/maps?q=31.3573660,74.2820480"
"3946","Chuhan Kite House","Kite Flying - Trader","Kahna Rd, Kahna Nau, Kahna, Pakistan, Nishter Town","Nishter Town","03214326230","https://www.google.com/maps?q=31.3738380,74.3675290"
"3947","Sandal Kite Trader","Kite Flying - Trader","Gulgashat Colony Rustam Park Rd, Gulzaib Colony Samanabad Town, Lahore, 54500, Pakistan, Lahore City","Lahore City","03023333826","https://www.google.com/maps?q=31.5453230,74.2888960"
"3948","Umaid Kites","Kite Flying - Manufacturer","Last Bus Stop, Krishan Nagar Lahore, 54000, Pakistan, Lahore City","Lahore City","03234453181","https://www.google.com/maps?q=31.5643690,74.2904010"
"3949","Ab kites","Kite Flying - Seller","H8P2+G75, Rehman Rd, near Jali Wali Building, Karim Park Data Gunj Buksh Town, Lahore, Pakistan, Lahore City","Lahore City","03225980463","https://www.google.com/maps?q=31.5863390,74.3010040"
"3950","Faizu kite house","Kite Flying - Seller","99J5+PV9, Faisal Town Rd, Kahna Nau, Kahna, Pakistan, Nishter Town","Nishter Town","03167211663","https://www.google.com/maps?q=31.3818020,74.3600980"
"3951","Former","Kite Flying - Seller","865G+FG6, Tibba Bur Singh, Lahore, Pakistan, Raiwind","Raiwind","03030010466","https://www.google.com/maps?q=31.3083650,74.2265510"
"3952","Talha Tabish","Kite Flying - Seller","96 Canal Bank Ext Rd, Larechs Colony Mughalpura, Lahore, 54000, Pakistan, Lahore Cantt","Lahore Cantt","03164433911","https://www.google.com/maps?q=31.5610450,74.3614390"
"3953","Malik Kite House","Kite Flying - Seller","G7Q3+G95, Babu Sabu interchange, Lahore, 54500, Pakistan, Lahore City","Lahore City","03004443362","https://www.google.com/maps?q=31.5391050,74.2531900"
"3954","Ali rent a car","Kite Flying - Seller","HC52+V3M, Tajpura Main Rd, Tajpura, Lahore, Pakistan, Shalimar Town","Shalimar Town","03390467866","https://www.google.com/maps?q=31.5597040,74.4001620"
"3955","Adnan Kite Seller & Trader","Kite Flying - Trader","974J+XVF, Rasul Pura, Lahore, Pakistan, Nishter Town","Nishter Town","03035793205","https://www.google.com/maps?q=31.3573650,74.2820480"
"3956","YOUSAF QAMAR KITE TRADER","Kite Flying - Trader","H8M7+WRQ, Walled City of Lahore, Lahore, Pakistan, Lahore City","Lahore City","03054132964","https://www.google.com/maps?q=31.5848330,74.3146100"
"3957","RANA KITE SHOP","Kite Flying - Seller","F9WG+F8M، Walton Road، Cantt, Lahore, Pakistan, Lahore Cantt","Lahore Cantt","03008035141","https://www.google.com/maps?q=31.4962080,74.3757910"
"3958","PAK SANZAR CARGO","Kite Flying - Manufacturer","Lahore Junction, Swami Nagar, Lahore, Pakistan, Ravi Town","Ravi Town","03337934965","https://www.google.com/maps?q=31.5772950,74.3356020"
"3959","Qusia mobile","Kite Flying - Trader","8 Rasool park multan road lahore, Lahore City","Lahore City","03004121404","https://www.google.com/maps?q=31.5139240,74.2738470"
"3960","Waseem Kite Store","Kite Flying - Seller","F88J+8XF, Pindi Rajputan Liaquatabad (Dhalla), Lahore, Pakistan, Model Town","Model Town","03155860990","https://www.google.com/maps?q=31.4658110,74.3325330"
"3961","Kite zone","Kite Flying - Trader","H8PP+H4W, Misri Shah, Lahore, 54000, Pakistan, Ravi Town","Ravi Town","03098484904","https://www.google.com/maps?q=31.5864890,74.3352540"
"3962","Kite seller company lahore","Kite Flying - Seller","H9R6+39Q, Begum Pura Kot Khawaja Saeed, Lahore, 54000, Pakistan, Shalimar Town","Shalimar Town","03214370154","https://www.google.com/maps?q=31.5903110,74.3608040"
"3963","KITES SELLER","Kite Flying - Seller","Bilal Rd, Farooq Colony, Lahore, Pakistan, Model Town","Model Town","03074358414","https://www.google.com/maps?q=31.4773180,74.3640250"
"3964","Phmma kite house","Kite Flying - Seller","Plot 170 ‫صدیق اکبر روڈ‬‎، Sector Q Phase 7, Lahore, Pakistan, Lahore Cantt","Lahore Cantt","03116007552","https://www.google.com/maps?q=31.4874040,74.4789530"
"3965","Khan kites","Kite Flying - Seller","C9PC+963, Gulshan Yaseen Colony, Lahore, Pakistan, Nishter Town","Nishter Town","03045199193","https://www.google.com/maps?q=31.4362520,74.3707410"
"3966","Zeeshan trader","Kite Flying - Seller","H8HJ+R9F, Landa Bazaar, Naulakha, Lahore, 54000, Pakistan, Ravi Town","Ravi Town","03164049834","https://www.google.com/maps?q=31.5796610,74.3308980"
"3967","Subhan Kite Seller","Kite Flying - Seller","Ferozpur Road House No. 4 Mohallah Rehmat Street Muhammadi Park Chakia Lahore, Model Town","Model Town","03217607269","https://www.google.com/maps?q=31.5042130,74.3195520"
"3968","Zain Ul Abideen Kite Flying - Seller","Kite Flying - Seller","G8Q2+376, Poonch Rd, Samanabad Town, Lahore, 54000, Pakistan, Lahore City","Lahore City","03236663136","https://www.google.com/maps?q=31.5376900,74.3006500"
"3969","Akber kite canter","Kite Flying - Manufacturer","H9JC+FW3, Baghbanpura, Lahore, 54000, Pakistan, Shalimar Town","Shalimar Town","03003716166","https://www.google.com/maps?q=31.5814260,74.3721950"
"3970","Zebcol","Kite Flying - Seller","746, Kashmir Block Allama Iqbal Town, Lahore, 54000, Pakistan, Model Town","Model Town","03234411374","https://www.google.com/maps?q=31.5158950,74.2881130"
"3971","Abrar Kite House","Kite Flying - Seller","294, Kashmir Block Allama Iqbal Town, Lahore, 54000, Pakistan, Model Town","Model Town","03294016225","https://www.google.com/maps?q=31.5195650,74.2910480"
"3972","Mehar Kite House","Kite Flying - Seller","H8HC+2RW, Mochi Gate Bazar, Kucha Chagtah Walled City of Lahore, Lahore, 54000, Pakistan, Lahore City","Lahore City","03004245006","https://www.google.com/maps?q=31.5777290,74.3220800"
"3973","Butt kite house","Kite Flying - Trader","HC53+CJX, Tajpura Bazar, Ghaziabad, Lahore, Pakistan, Shalimar Town","Shalimar Town","03213353443","https://www.google.com/maps?q=31.5587100,74.4040780"
"3974","New kite house","Kite Flying - Trader","H8J3+F8R, Shish Mahal Rd, Data Gunj Buksh Town, Lahore, Pakistan, Lahore City","Lahore City","03019891774","https://www.google.com/maps?q=31.5812670,74.3033400"
"3975","Black bird kites","Kite Flying - Trader","Tufail and son market Shahdara town, Ravi Town","Ravi Town","03224741397","https://www.google.com/maps?q=31.6270850,74.3052860"
"3976","MM collections","Kite Flying - Seller","G7RM+RPQ, Shera Kot Lahore, 54000, Pakistan, Lahore City","Lahore City","03201002871","https://www.google.com/maps?q=31.5421190,74.2840060"
"3977","Saood Offical Basant Kite seller","Kite Flying - Seller","H7CR+JCW, Outfall Rd, Data Gunj Buksh Town, Lahore, 54000, Pakistan, Lahore City","Lahore City","03221147697","https://www.google.com/maps?q=31.5717330,74.2911820"
"3978","ROHTAS LPG PRIVATE LIMITRED","Kite Flying - Trader","Plot 111-C, Abu Bakar Block Garden Town, Lahore, Pakistan, Model Town","Model Town","03220000806","https://www.google.com/maps?q=31.5116060,74.3259590"
"3979","Abbas Kite","Kite Flying - Seller","F7P4+562, Hanjarwal, Lahore, Pakistan, Allama Iqbal","Allama Iqbal","03004791178","https://www.google.com/maps?q=31.4855530,74.2554550"
"3980","Farming","Kite Flying - Seller","H8M7+2VV, Walled City of Lahore, Lahore, Pakistan, Lahore City","Lahore City","03004353213","https://www.google.com/maps?q=31.5826000,74.3146000"
"3981","Lucky Kite","Kite Flying - Seller","H No. 3 Madina Park Abdul Karim Rd, Qila Gujjar Singh, Lahore, 54000, Pakistan, Shalimar Town","Shalimar Town","03224998695","https://www.google.com/maps?q=31.5670900,74.3293520"
"3982","360 Traders","Kite Flying - Seller","6 College Block Allama Iqbal Town Lahore, Lahore Cantt","Lahore Cantt","03214027270","https://www.google.com/maps?q=31.5189090,74.3598270"
"3983","ABS KITEs HUB","Kite Flying - Seller","H8CF+297, Gawalmandi, Lahore, 54000, Pakistan, Shalimar Town","Shalimar Town","03224180930","https://www.google.com/maps?q=31.5699460,74.3232800"
"3984","Ali Kite Shop","Kite Flying - Seller","J7CJ+4XV, Shahdara Town, Shahdara, Pakistan, Ravi Town","Ravi Town","03104695431","https://www.google.com/maps?q=31.6205570,74.2822360"
"3985","Proparty deler","Kite Flying - Manufacturer","9733+794, Sector M7 Lake City, Lahore, Pakistan, Raiwind","Raiwind","03004666402","https://www.google.com/maps?q=31.3533100,74.2532410"
"3986","Sky Solar","Kite Flying - Seller","47 C1 Faisal Town, Lahore, Nishter Town","Nishter Town","03084513822","https://www.google.com/maps?q=31.3794740,74.3600070"
"3987","Sunny Akhtar","Kite Flying - Seller","Shan coloni darbar baba Kareem majeed park Shahdara Lahore, Ravi Town","Ravi Town","03706269677","https://www.google.com/maps?q=31.6141020,74.2922200"
"3988","ABS Network","Kite Flying - Trader","H8CF+297, Gawalmandi, Lahore, 54000, Pakistan, Shalimar Town","Shalimar Town","03224180930","https://www.google.com/maps?q=31.5699460,74.3232800"
"3989","Sadiq Kites","Kite Flying - Manufacturer","J86J+WXJ, Khokhar Pind, Lahore, Pakistan, Ravi Town","Ravi Town","03008008052, 03050215456","https://www.google.com/maps?q=31.6123410,74.3320250"
"3990","Asia decoration","Kite Flying - Seller","First Floor, Midland Plaza, Defence Chowk,, F9V9+WHR, Zaman Colony, Lahore, Pakistan, Lahore Cantt","Lahore Cantt","03064342465","https://www.google.com/maps?q=31.4948830,74.3688090"
"3991","Awais Bhai Dopata House","Kite Flying - Seller","J83H+GHG, Siddiqia Colony Badami Bagh, Lahore, Pakistan, Ravi Town","Ravi Town","03214745043","https://www.google.com/maps?q=31.6038200,74.3289070"
"3992","Innam Traders","Kite Flying - Trader","Bazaar Laal khoh، inside Mochi Gate، Kucha Chagtah Walled City of Lahore, Lahore, 54000, Pakistan, Lahore City","Lahore City","03364170568","https://www.google.com/maps?q=31.5777730,74.3220350"
"3993","Sabir Ali Kite Flying - Seller","Kite Flying - Seller","H9R3+HRF, Kot Khawaja Saeed, Lahore, Pakistan, Shalimar Town","Shalimar Town","03044718778","https://www.google.com/maps?q=31.5915300,74.3542000"
"3994","Subhan trader","Kite Flying - Seller","H8H9+QX9, Shah Alam Dhal Mohalla Walled City of Lahore, Lahore, 54000, Pakistan, Lahore City","Lahore City","03111808182","https://www.google.com/maps?q=31.5794280,74.3198870"
"3995","Kite Station 2","Kite Flying - Trader","H78W+4PX, Qari Rd, Islampura, Lahore, 54000, Pakistan, Lahore City","Lahore City","03246639055","https://www.google.com/maps?q=31.5653080,74.2967970"
"3996","Sabir Ali Kite Flying - Trader","Kite Flying - Trader","H9R3+HRF, Kot Khawaja Saeed, Lahore, Pakistan, Shalimar Town","Shalimar Town","03044718778","https://www.google.com/maps?q=31.5915300,74.3542000"
"3997","Haseeb kites","Kite Flying - Seller","HCJ5+9VF, Shalimar Housing Rd, Shalimar Housing Scheme Lahore, Pakistan, Shalimar Town","Shalimar Town","03238809865","https://www.google.com/maps?q=31.5809360,74.4096720"
"3998","Breeze Blown Kites","Kite Flying - Seller","House 11, Street 13, Mohallah Gurumanget, Gulberg 3, Lhr, Model Town","Model Town","03004291454","https://www.google.com/maps?q=31.5188850,74.3273740"
"3999","Haroon Traders","Kite Flying - Trader","J82F+524, Road, Data Nagar Badami Bagh, Lahore, Pakistan, Ravi Town","Ravi Town","03174004211","https://www.google.com/maps?q=31.6003480,74.3226090"
"4000","stylo kite shop","Kite Flying - Seller","Shahdara Metro Sation (RT18), Saeed Park Shahdara Town, Shahdara, Pakistan, Ravi Town","Ravi Town","03224213007","https://www.google.com/maps?q=31.6167310,74.2908760"
"4001","Soorma Kites Store","Kite Flying - Trader","Purana Kahna, Old Kahna, Lahore, Pakistan, Nishter Town","Nishter Town","03160882438","https://www.google.com/maps?q=31.3509330,74.3735530"
"4002","Hammad kites","Kite Flying - Seller","165 Westwood Rd, Westwood Colony Lahore, 54600، پاکستان, Allama Iqbal","Allama Iqbal","03390626564","https://www.google.com/maps?q=31.4636700,74.2386170"
"4003","M.Z","Kite Flying - Trader","63, Kashmir Block Allama Iqbal Town, Lahore, 54000, Pakistan, Model Town","Model Town","03214523313","https://www.google.com/maps?q=31.5178680,74.2897290"
"4004","Shahab Traders","Kite Flying - Seller","Plot 251, Sector D2 Sector D 2 Block 1 Green Town, Lahore, Pakistan, Model Town","Model Town","03035773013","https://www.google.com/maps?q=31.4338890,74.3030400"
"4005","Ahsan kite House","Kite Flying - Seller","H7GQ+P7F, Humayun Babur St, Data Gunj Buksh Town, Lahore, 54000, Pakistan, Lahore City","Lahore City","03067984007","https://www.google.com/maps?q=31.5767830,74.2882170"
"4006","1816 Rentals","Kite Flying - Trader","Shop 2 civic Center Karam Elahi plaza, Johar Twon, Lahore., Allama Iqbal","Allama Iqbal","03324320777","https://www.google.com/maps?q=31.4699150,74.2727840"
"4007","Rizwan kite","Kite Flying - Trader","H836+4Q2, Alamgir St, Saadi Park Mozang Chungi, Lahore, 54000, Pakistan, Lahore City","Lahore City","03234102493","https://www.google.com/maps?q=31.5528280,74.3119290"
"4008","Abdul Star Kite Flying - Seller","Kite Flying - Seller","G9WF+XHH, Saddar Town, Lahore, Pakistan, Lahore Cantt","Lahore Cantt","03334246306","https://www.google.com/maps?q=31.5474400,74.3739600"
"4009","Gudu Bhai kite shop","Kite Flying - Seller","House no 19 st no 24 mohala raja ram st , Railway Rd, Gawalmandi, Lahore, 54000, Pakistan, Shalimar Town","Shalimar Town","03091853212","https://www.google.com/maps?q=31.5730190,74.3214110"
"4010","kite dha lahore","Kite Flying - Seller","F9PM+5MJ, Khayaban-e-Jinnah, Sector A Dha Phase 1, Lahore, Pakistan, Lahore Cantt","Lahore Cantt","03151459091","https://www.google.com/maps?q=31.4854630,74.3841420"
"4011","Bawa g seller","Kite Flying - Seller","J8H2+Q5C Ittehad Park, Shahdara Town, Shahdara, Pakistan, Ravi Town","Ravi Town","03078896626","https://www.google.com/maps?q=31.6294320,74.3003870"
"4012","Kite","Kite Flying - Manufacturer","3 Gurumangat Rd, opposite suzuki madina motors and, beside sunny flour mills, Block N Gulberg, Lahore, Pakistan, Lahore Cantt","Lahore Cantt","03287011788","https://www.google.com/maps?q=31.5206660,74.3593690"
"4013","RJ Boutique","Kite Flying - Seller","Youhanabad Feroze Pur Road Lahore, Nishter Town","Nishter Town","03259761421","https://www.google.com/maps?q=31.4109000,74.3631000"
"4014","Awais Arif Kite Flying - Seller","Kite Flying - Seller","F9WX+33W, Main Qazi Rd, Nishat Colony, Lahore, Pakistan, Lahore Cantt","Lahore Cantt","03014013136","https://www.google.com/maps?q=31.4952600,74.3976100"
"4015","Raheel enterprises","Kite Flying - Seller","C9X9+PFC, Maisuma Rd, Bahadrabad, Lahore, Pakistan, Model Town","Model Town","03227527725","https://www.google.com/maps?q=31.4493140,74.3686330"
"4016","ABID KITE HOUSE","Kite Flying - Seller","G8M5+QPP, Rasool Park Lahore, 54000, Pakistan, Model Town","Model Town","03204709784","https://www.google.com/maps?q=31.5343880,74.3093640"
"4017","Lahore Book Center","Kite Flying - Seller","C8J4+RJP, Sector D2 Sector D 2 Block 5 Green Town, Lahore, Pakistan, Model Town","Model Town","03367199790","https://www.google.com/maps?q=31.4319710,74.3066980"
"4018","kite hub","Kite Flying - Seller","H8R9+GX3, Data Nagar Badami Bagh, Lahore, Pakistan, Ravi Town","Ravi Town","03256777924","https://www.google.com/maps?q=31.5917080,74.3199240"
"4019","PEHCHAN KITES","Kite Flying - Trader","862F+54J, opposite gourmet boys high school, Pajian, Lahore, Pakistan, Raiwind","Raiwind","03015400275","https://www.google.com/maps?q=31.3004630,74.2227750"
"4020","IDEAL DEVELOPERS","Kite Flying - Seller","Plot 445, Sabzazar Block G Sabzazar Housing Scheme Phase 1 & 2 Lahore, Pakistan, Lahore City","Lahore City","03224836562","https://www.google.com/maps?q=31.5236100,74.2640160"
"4021","I kites","Kite Flying - Seller","32, WAPDA Town Block J 3 Wapda Town Phase 1 Lahore, Pakistan, Model Town","Model Town","03238829920","https://www.google.com/maps?q=31.4275860,74.2673520"
"4022","Nawaz Kites","Kite Flying - Seller","H8RW+9M4, Issa Nagri Chah Miran, Lahore, Pakistan, Ravi Town","Ravi Town","03291092775","https://www.google.com/maps?q=31.5908810,74.3464740"
"4023","Ahmed Fabrics","Kite Flying - Seller","H8C7+82R, Fayyaz Rd, Anarkali Bazaar Lahore, 54000, Pakistan, Lahore City","Lahore City","03126364163","https://www.google.com/maps?q=31.5707840,74.3124670"
"4024","Khurram kite","Kite Flying - Trader","G7W9+W42, Band Rd, Block I Gulshan-e-Ravi, Lahore, 54000, Pakistan, Lahore City","Lahore City","03097011002","https://www.google.com/maps?q=31.5472540,74.2677750"
"4025","School Shop","Kite Flying - Manufacturer","37g Street 123, G Sector G Dha Phase 1, Lahore, Pakistan, Lahore Cantt","Lahore Cantt","03250053777","https://www.google.com/maps?q=31.4830140,74.3945690"
"4026","Kite shop","Kite Flying - Seller","J934+H65, Shehbaz Rd, Bhagat Pura Bhagatpura, Lahore, Pakistan, Ravi Town","Ravi Town","03091076528","https://www.google.com/maps?q=31.6038870,74.3556040"
"4027","Subhan Kites","Kite Flying - Seller","H8GC+RMG, Tung Bazar, Mohalla Porbian Mochi Gate Walled City of Lahore, Lahore, 54000, Pakistan, Lahore City","Lahore City","03434442044","https://www.google.com/maps?q=31.5770050,74.3215850"
"4028","Nain. Kite sabzazar","Kite Flying - Trader","Plot 839, Sabzazar Block L Sabzazar Housing Scheme Phase 1 & 2 Lahore, Pakistan, Lahore City","Lahore City","03338916439","https://www.google.com/maps?q=31.5160530,74.2530450"
"4029","Hafiz Printers","Kite Flying - Trader","F9Q8+M3W, Madina Colony, Lahore, Pakistan, Lahore Cantt","Lahore Cantt","03424409817","https://www.google.com/maps?q=31.4892750,74.3649500"
"4030","D kites","Kite Flying - Seller","FCP6+MHQ, Rehman Villas, Lahore, Pakistan, Lahore Cantt","Lahore Cantt","03258707260","https://www.google.com/maps?q=31.4864080,74.4117860"
"4031","Next Flying","Kite Flying - Seller","GCVC+X23, Zarrar Shaheed Rd, Guldasht Town, Lahore, Pakistan, Lahore Cantt","Lahore Cantt","03244355605","https://www.google.com/maps?q=31.5448850,74.4200400"
"4032","Kite lover","Kite Flying - Trader","H8GC+VJ6, Mochi Gate Walled City of Lahore, Lahore, 54000, Pakistan, Lahore City","Lahore City","03035956108","https://www.google.com/maps?q=31.5771780,74.3215770"
"4033","Patangbaz kites","Kite Flying - Trader","F9MC+JRG, Qadri Colony, Lahore, Pakistan, Lahore Cantt","Lahore Cantt","03234267520","https://www.google.com/maps?q=31.4840700,74.3720770"
"4034","ABU BAKAR KITE FLYING","Kite Flying - Trader","H75P+F6M, Joyshah Rd, Sanda Lahore, 54000, Pakistan, Lahore City","Lahore City","03230470075","https://www.google.com/maps?q=31.5586070,74.2854960"
"4035","Ghosia Kite","Kite Flying - Seller","H9V3+VQ9, Kot Khawaja Saeed, Lahore, Pakistan, Shalimar Town","Shalimar Town","03214164321","https://www.google.com/maps?q=31.5949220,74.3545750"
"4036","Kasha Kite Seller","Kite Flying - Seller","H848+FJG, Temple Rd, Mozang Chungi, Lahore, 54000, Pakistan, Lahore City","Lahore City","03004553381","https://www.google.com/maps?q=31.5562160,74.3165340"
"4037","Waqas kite house","Kite Flying - Seller","Shop 23, Shah Faisal Market, Jogi Mohalla, Mochi Gate Walled City of Lahore, Lahore, 54000, Pakistan, Lahore City","Lahore City","03271108060","https://www.google.com/maps?q=31.5763050,74.3211650"
"4038","Al-Aziz General Store","Kite Flying - Seller","Sher Shah Colony Shoukat Bazar, Opposite Model Bazar Lahore, Pakistan, Allama Iqbal","Allama Iqbal","03291188744","https://www.google.com/maps?q=31.4087700,74.2239440"
"4039","Subhan Kites","Kite Flying - Trader","Bazaar Laal khoh، inside Mochi Gate، Kucha Chagtah Walled City of Lahore, Lahore, 54000, Pakistan, Lahore City","Lahore City","03434442044","https://www.google.com/maps?q=31.5777730,74.3220350"
"4040","Shabbir Kite Seller","Kite Flying - Seller","12 Ravi Rd, Qasurpura, Lahore, Pakistan, Ravi Town","Ravi Town","03064414173","https://www.google.com/maps?q=31.5980750,74.2973420"
"4041","indepent","Kite Flying - Manufacturer","106, near Awan Tow, Al-Hamd Park Block A Marghzar Housing Scheme, Lahore, Pakistan, Allama Iqbal","Allama Iqbal","03314125920","https://www.google.com/maps?q=31.5024360,74.2575060"
"4042","SHEIKH KITES","Kite Flying - Trader","220-B New Sample Road, Shalimar Larechs Colony, Lahore, 54840, Pakistan, Shalimar Town","Shalimar Town","03214032783","https://www.google.com/maps?q=31.5677460,74.3720570"
"4043","Kite Manufacture","Kite Flying - Manufacturer","H9WP+J82, Moeen Road, Asif Colony Lahore, Pakistan, Shalimar Town","Shalimar Town","03104168900, 03274952745","https://www.google.com/maps?q=31.5966200,74.3860730"
"4044","Subhan Kites","Kite Flying - Manufacturer","H8GC+PPM Miyawaki, Circular Garden Park, Tung Bazar, Mochi Gate Walled City of Lahore, Lahore, 54000, Pakistan, Lahore City","Lahore City","03434442044","https://www.google.com/maps?q=31.5768770,74.3215850"
"4045","Al Azeem Kite Shop","Kite Flying - Seller","H8VQ+QH8, Shadbagh Rd, Shad Bagh, Lahore, Pakistan, Ravi Town","Ravi Town","03074723599","https://www.google.com/maps?q=31.5944420,74.3389350"
"4046","Javed Electric Store Bedian Road Jamu Stop Near attock Pump","Kite Flying - Seller","FCCH+M85, Bedian Rd, Jamun, Lahore, Pakistan, Lahore Saddar","Lahore Saddar","03204061293","https://www.google.com/maps?q=31.4712970,74.4285260"
"4047","Ali Kites","Kite Flying - Seller","Nil Lahore, Pakistan, Cantt, Lahore, Pakistan, Lahore Cantt","Lahore Cantt","03229133739","https://www.google.com/maps?q=31.5200160,74.3665640"
"4048","kite trade","Kite Flying - Trader","G995+GC9, Gurumangat Rd, Block S Gulberg 2, Lahore, Pakistan, Lahore Cantt","Lahore Cantt","03104661436","https://www.google.com/maps?q=31.5187570,74.3585160"
"4049","Travizon Trekker","Kite Flying - Seller","FF9C+HJQ, Defence Raya Golf Resort Sector M DHA Phase 6, Lahore, Pakistan, Lahore Cantt","Lahore Cantt","03200038007","https://www.google.com/maps?q=31.4690000,74.4716000"
"4050","khan kites","Kite Flying - Seller","1015 b block sabzazar lahore, Lahore City","Lahore City","03156170716","https://www.google.com/maps?q=31.5261980,74.2693550"
"4051","Waqar mobile","Kite Flying - Seller","CCWP+WV7, Roran Wala, Roranwala, Pakistan, Lahore Saddar","Lahore Saddar","03000021285","https://www.google.com/maps?q=31.4471670,74.4367650"
"4052","Good Way Tailor","Kite Flying - Trader","27 mola baksh road shop no 4 kanak mandi mozang lahore, Lahore Cantt","Lahore Cantt","03270522595","https://www.google.com/maps?q=31.5207260,74.3591150"
"4053","Muhammad Razzaq Kite Flying - Seller","Kite Flying - Seller","H8J3+6W3, Data Gunj Buksh Town, Lahore, Pakistan, Lahore City","Lahore City","03214283385","https://www.google.com/maps?q=31.5805850,74.3047920"
"4054","Kashif Kites","Kite Flying - Seller","212-D Rizwan Block Awan Town Rd, Rizwan Block Awan Town, Lahore, Pakistan, Allama Iqbal","Allama Iqbal","03034555898","https://www.google.com/maps?q=31.5059510,74.2597690"
"4055","Ehsan Kite House","Kite Flying - Seller","F926+JC2, Shanghai Rd, Sitara Colony, Lahore, Pakistan, Model Town","Model Town","03224604835","https://www.google.com/maps?q=31.4515060,74.3610020"
"4056","MZM TRANSPORTATION SMC PVT LTD","Kite Flying - Seller","Muslim chowk Near Yango Registration Office Township Lahore, Pakistan, Model Town","Model Town","03244656457","https://www.google.com/maps?q=31.5236130,74.3559530"
"4057","Adnan Kite House","Kite Flying - Seller","524 Street 12, Raza Block Allama Iqbal Town, Lahore, Pakistan, Model Town","Model Town","03074077650","https://www.google.com/maps?q=31.5062780,74.2832850"
"4058","Butt Kite House","Kite Flying - Seller","G7RV+GGH, Nawankot Samanabad Town, Lahore, 54000, Pakistan, Lahore City","Lahore City","03083285086","https://www.google.com/maps?q=31.5412520,74.2938720"
"4059","Butt & Sheikh Kite Dealer","Kite Flying - Trader","Rahat Market, Urdu Bazar Bazar, Anarkali Bazaar Lahore, 54000, Pakistan, Lahore City","Lahore City","03224139427","https://www.google.com/maps?q=31.5763580,74.3111240"
"4060","Syed kites sellers","Kite Flying - Seller","HCFV+C49, Asim Town, Lahore, Pakistan, Shalimar Town","Shalimar Town","03364775047","https://www.google.com/maps?q=31.5738420,74.4432790"
"4061","Shoaib Kites","Kite Flying - Seller","G7V9+7WF, Sherakot St, Babu Sabu Lahore, 54000, Pakistan, Lahore City","Lahore City","03241441669","https://www.google.com/maps?q=31.5436910,74.2702310"
"4062","Hashmi janar stor","Kite Flying - Manufacturer","H8WQ+Q64, Amir Rd, Shad Bagh, Lahore, Pakistan, Ravi Town","Ravi Town","03204515705","https://www.google.com/maps?q=31.5969710,74.3379620"
"4063","Awan Kite House","Kite Flying - Seller","FCR9+3PP, Khuda Buksh Colony KB Society, Lahore, 54810, Pakistan, Lahore Cantt","Lahore Cantt","03218355553","https://www.google.com/maps?q=31.4900250,74.4188610"
"4064","Moon kites traders","Kite Flying - Trader","H7H9+C4M, Justice A. R. Kayani Bridge, Lahore, Pakistan, Shalimar Town","Shalimar Town","03214861140","https://www.google.com/maps?q=31.5793680,74.2675330"
"4065","Murshad kite manufacturer","Kite Flying - Manufacturer","H9XF+G88, Shalimar Link Road, Gujjarpura, Lahore, 54000, Pakistan, Shalimar Town","Shalimar Town","03004532999","https://www.google.com/maps?q=31.5986960,74.3735280"
"4066","khan kite house","Kite Flying - Seller","H875+3C7, Old Anarkali Rd, Anarkali Bazaar Lahore, 54000, Pakistan, Lahore City","Lahore City","03224447421","https://www.google.com/maps?q=31.5629590,74.3085320"
"4067","Perfumer","Kite Flying - Seller","H74X+82F, Sanda Lahore, 54000, Pakistan, Lahore City","Lahore City","03224824606","https://www.google.com/maps?q=31.5560000,74.2980000"
"4068","Butt & Sheikh Kite Dealer","Kite Flying - Seller","Rahat Market, Urdu Bazar Bazar, Anarkali Bazaar Lahore, 54000, Pakistan, Lahore City","Lahore City","03224139427","https://www.google.com/maps?q=31.5763580,74.3111240"
"4069","Furqan Trader","Kite Flying - Trader","32 Shama Road Ichhra، Ichhra Lahore, 54000, Pakistan, Model Town","Model Town","03054007186","https://www.google.com/maps?q=31.5402460,74.3159710"
"4070","A&J KITE SELLING POINT","Kite Flying - Seller","H72J+9XQ, E Block Block E Gulshan-e-Ravi, Lahore, 54000, Pakistan, Lahore City","Lahore City","03214375006","https://www.google.com/maps?q=31.5508880,74.2825160"
"4071","Amir Kite House","Kite Flying - Seller","H8VM+VGP, Ganda Nala Rd, Misri Shah, Lahore, Pakistan, Ravi Town","Ravi Town","03234540303","https://www.google.com/maps?q=31.5945110,74.3338420"
"4072","Shafique trader","Kite Flying - Trader","H7HQ+J67, Band Rd, Khokar Town gandi bombiya, Lahore, Pakistan, Lahore City","Lahore City","03009461066","https://www.google.com/maps?q=31.5794160,74.2881560"
"4073","N,N kites","Kite Flying - Trader","Plot 47, A Block Block A Gulshan-e-Ravi, Lahore, 54000, Pakistan, Lahore City","Lahore City","03096372279","https://www.google.com/maps?q=31.5472940,74.2904570"
"4074","Rana kites","Kite Flying - Trader","53 Chamberlain Rd, Anarkali Bazaar Lahore, 54000, Pakistan, Lahore City","Lahore City","03054114004","https://www.google.com/maps?q=31.5700050,74.3185530"
"4075","Muhammad Shahbza kite shop","Kite Flying - Seller","Plot 36, D1 Block Block D 1 Gulshan-e-Ravi, Lahore, 54000, Pakistan, Lahore City","Lahore City","03020483579","https://www.google.com/maps?q=31.5542110,74.2812640"
"4076","Mustafa Kite Selling Point","Kite Flying - Seller","F7R3+XJQ, Ittefaq Town, Lahore, Pakistan, Allama Iqbal","Allama Iqbal","03237180064","https://www.google.com/maps?q=31.4925870,74.2540780"
"4077","Zemil Kite Center","Kite Flying - Seller","H.No. 8, Block-D, Waris Colony Lahore, Pakistan, Allama Iqbal","Allama Iqbal","03209460329","https://www.google.com/maps?q=31.4955830,74.2689400"
"4078","ADD Engineering Works","Kite Flying - Trader","J8R4+3PC, Shahdara Town, Shahdara, Pakistan, Ravi Town","Ravi Town","03014885959","https://www.google.com/maps?q=31.6394070,74.3062980"
"4079","Moon kites manufacturers","Kite Flying - Manufacturer","H7H9+C4M, Justice A. R. Kayani Bridge, Lahore, Pakistan, Lahore City","Lahore City","03214861140","https://www.google.com/maps?q=31.5793680,74.2675330"
"4080","Asif kite point","Kite Flying - Seller","76, Township Block 3 Sector D1 Lahore, Pakistan, Model Town","Model Town","03222333982","https://www.google.com/maps?q=31.4384830,74.3092680"
"4081","Kite seller","Kite Flying - Seller","H9VP+QMG, Janipura Lahore, Pakistan, Shalimar Town","Shalimar Town","03334374979","https://www.google.com/maps?q=31.5943790,74.3869020"
"4082","Mian Patangbaz","Kite Flying - Seller","Plot 293, Block B Engineers Town, Lahore, Pakistan, Nishter Town","Nishter Town","03094732218","https://www.google.com/maps?q=31.3946730,74.2849620"
"4083","Up kite","Kite Flying - Trader","Shop 125 model town courts near arfa creem tower, Model Town","Model Town","03187947607","https://www.google.com/maps?q=31.4634520,74.3488800"
"4084","Property Dealer","Kite Flying - Seller","8, Phase DHA, Lahore, 54792, Pakistan, Lahore Cantt","Lahore Cantt","03267751881","https://www.google.com/maps?q=31.5065070,74.4349650"
"4085","Nauman inc","Kite Flying - Trader","490 Street 10, Township Sector A 1 Lahore, Pakistan, Model Town","Model Town","03214496677","https://www.google.com/maps?q=31.4577320,74.3176580"
"4086","MD kites","Kite Flying - Trader","J78R+FG7 Lahore, Saeed Park Shahdara Town, Shahdara, Pakistan, Ravi Town","Ravi Town","03114674999","https://www.google.com/maps?q=31.6121870,74.2930080"
"4087","Sandhu","Kite Flying - Trader","43 Street 1, Sector A DHA Phase 6, Lahore, Pakistan, Lahore Saddar","Lahore Saddar","03222263563","https://www.google.com/maps?q=31.4703800,74.4412260"
"4088","Abdullah kite","Kite Flying - Seller","F8FP+WG2, Model Town, Lahore, Pakistan, Model Town","Model Town","03120169408","https://www.google.com/maps?q=31.4748170,74.3362920"
"4089","AR","Kite Flying - Seller","F7X7+QXC, Kakazai, Lahore, Pakistan, Lahore City","Lahore City","03334586143","https://www.google.com/maps?q=31.4994470,74.2649870"
"4090","Hamza Kites Centre","Kite Flying - Trader","F7P4+35M, Hanjarwal, Lahore, Pakistan, Allama Iqbal","Allama Iqbal","03374889234","https://www.google.com/maps?q=31.4850060,74.2553200"
"4091","Malik kite shop","Kite Flying - Trader","5 Street No. 5A, Madina Colony, Lahore, 54000, Pakistan, Lahore Cantt","Lahore Cantt","03248453197","https://www.google.com/maps?q=31.4889330,74.3631880"
"4092","Hamza Kites Centre","Kite Flying - Manufacturer","F7P4+35M, Hanjarwal, Lahore, Pakistan, Allama Iqbal","Allama Iqbal","03374889234","https://www.google.com/maps?q=31.4850580,74.2552990"
"4093","UB TRADERS","Kite Flying - Trader","H857+FFC, Mozang Main Bazar, Mozang Chungi, Lahore, 54000, Pakistan, Lahore City","Lahore City","03224691966","https://www.google.com/maps?q=31.5559310,74.3140290"
"4094","Boys Kite Flying Club","Kite Flying - Seller","G74H+M8G, Karim Block Allama Iqbal Town, Lahore, Pakistan, Lahore City","Lahore City","03494213569","https://www.google.com/maps?q=31.5066950,74.2783220"
"4095","Malik brand","Kite Flying - Manufacturer","5 Street No. 5A, Madina Colony, Lahore, 54000, Pakistan, Lahore Cantt","Lahore Cantt","03248453197","https://www.google.com/maps?q=31.4889330,74.3631880"
"4096","ZA Kites","Kite Flying - Manufacturer","131 Shahi Rd, beside thana shilmar, behind darbar madhulal Hussain, Baghbanpura, Lahore, 54000, Pakistan, Shalimar Town","Shalimar Town","03201493881","https://www.google.com/maps?q=31.5874930,74.3744360"
"4097","Muzammil kite traders","Kite Flying - Trader","Plot 980, Omer Block Umer Block Sector B Bahria Town, Lahore, Pakistan, Allama Iqbal","Allama Iqbal","03434775944","https://www.google.com/maps?q=31.3818810,74.1937190"
"4098","Shahzad kite seller","Kite Flying - Seller","H9FM+QW2, Sahowari Rd, Sahowari Ramgarh, Lahore, Pakistan, Shalimar Town","Shalimar Town","03128833200","https://www.google.com/maps?q=31.5743830,74.3847830"
"4099","Khan Kites","Kite Flying - Seller","J828+VXW, Abu Bakar Rd, Sadiq Pura Badami Bagh, Lahore, Pakistan, Ravi Town","Ravi Town","03074118815","https://www.google.com/maps?q=31.6023360,74.3170300"
"4100","Asif Butt kite house","Kite Flying - Trader","HC64+XG6, Street, Tajpura, Lahore, Pakistan, Shalimar Town","Shalimar Town","03004781062","https://www.google.com/maps?q=31.5622860,74.4062940"
"4101","Rajpoot Kites","Kite Flying - Trader","F9M9+3W2, Street No. 2, Peer Colony Qadri Colony, Lahore, Pakistan, Lahore Cantt","Lahore Cantt","03214875741","https://www.google.com/maps?q=31.4827860,74.3696000"
"4102","Sameer Associates","Kite Flying - Trader","C8P3+8RP، چراغ دین روڈ، Sector D2 Sector D 2 Block 3 Green Town, Lahore, 54770, Pakistan, Model Town","Model Town","03004566826","https://www.google.com/maps?q=31.4358380,74.3046080"
"4103","Waqar building material","Kite Flying - Seller","G83W+7WW, Firdous Market Rd, Block G Gulberg III, Lahore, Pakistan, Model Town","Model Town","03000500992","https://www.google.com/maps?q=31.5031570,74.3471820"
"4104","Zee Kites Traders","Kite Flying - Trader","Plot 16 D, Chauburji Quarters Lahore, 54000, Pakistan, Lahore City","Lahore City","03400741637","https://www.google.com/maps?q=31.5470150,74.3007730"
"4105","Umar","Kite Flying - Seller","Moza Tahayat pind, Model Town","Model Town","03012852445","https://www.google.com/maps?q=31.4629890,74.3263590"
"4106","Asim Fast Food","Kite Flying - Trader","F933+PPR, Mast Iqbal Rd, Gulistan Colony Gul Colony, Lahore, Pakistan, Model Town","Model Town","03238860351","https://www.google.com/maps?q=31.4543360,74.3542370"
"4107","Kite manufacture","Kite Flying - Manufacturer","H9WP+J82, Moeen Road, Asif Colony Lahore, Pakistan, Shalimar Town","Shalimar Town","03274952745","https://www.google.com/maps?q=31.5966200,74.3860730"
"4108","BASRAW KITE TRADER","Kite Flying - Trader","F9G6+G58, Main Bazaar AL Noor Town Rd, Al-Noor Town Al Noor Town, Lahore, Pakistan, Model Town","Model Town","03213035246","https://www.google.com/maps?q=31.4763180,74.3604060"
"4109","Golden Kite House","Kite Flying - Trader","132 Temple Rd, Mozang Chungi, Lahore, 54000, Pakistan, Lahore City","Lahore City","03234189425","https://www.google.com/maps?q=31.5518170,74.3154720"
"4110","khokhar kite house","Kite Flying - Trader","F8FQ+9F6, Bahar Colony, Lahore, Pakistan, Model Town","Model Town","03214361698","https://www.google.com/maps?q=31.4734120,74.3386410"
"4111","Ustad Nanna","Kite Flying - Seller","32 Shama Road Ichhra، Ichhra Lahore, 54000, Pakistan, Model Town","Model Town","03134413695","https://www.google.com/maps?q=31.5402460,74.3159710"
"4112","Asghar corner shop","Kite Flying - Trader","F8H9+5RJ, Block F Model Town, Lahore, Pakistan, Model Town","Model Town","03214285819","https://www.google.com/maps?q=31.4778070,74.3195330"
"4113","Garments","Kite Flying - Seller","H8JH+5RM, Landa Bazaar, Naulakha, Lahore, 54000, Lahore Cantt","Lahore Cantt","03080611113","https://www.google.com/maps?q=31.5181790,74.3551080"
"4114","Umar Kites shop","Kite Flying - Trader","F87J+88M, Pindi Rajputan Kot Lakhpat, Lahore, Pakistan, Model Town","Model Town","03154804927","https://www.google.com/maps?q=31.4631340,74.3305780"
"4115","Rana Kitehouse","Kite Flying - Seller","G737+PF9, Kakkezai Awan Town, Lahore, Pakistan, Lahore City","Lahore City","03038547826","https://www.google.com/maps?q=31.5042640,74.2637140"
"4116","Hamza kite Pvt LTD","Kite Flying - Seller","C9W6+5PP, Sitara Colony, Lahore, Pakistan, Model Town","Model Town","03044410873","https://www.google.com/maps?q=31.4455850,74.3615030"
"4117","Ahmad Kite Club","Kite Flying - Trader","H9FV+JV8, Gulshan Farooq Scheme Lahore, Pakistan, Shalimar Town","Shalimar Town","03066490766","https://www.google.com/maps?q=31.5740010,74.3947140"
"4118","Hadi Kites","Kite Flying - Seller","G7QH+4JM, Jaffaria Colony Shera Kot, Lahore, 54000, Pakistan, Lahore City","Lahore City","03138617778","https://www.google.com/maps?q=31.5380340,74.2787840"
"4119","Ahmad & Sons","Kite Flying - Manufacturer","HFVH+G3H, Manāwān Bata Pur, Lahore, 53400, Pakistan, Wahgah Town","Wahgah Town","03092899998","https://www.google.com/maps?q=31.5935780,74.4773540"
"4120","Ahmad Kite Club","Kite Flying - Seller","H9FV+JV8, Gulshan Farooq Scheme Lahore, Pakistan, Shalimar Town","Shalimar Town","03066490766","https://www.google.com/maps?q=31.5740010,74.3947140"
"4121","Accent Solor Energy","Kite Flying - Seller","G995+VHM, Block N Gulberg III, Lahore, 64460, Pakistan, Lahore Cantt","Lahore Cantt","03094423296","https://www.google.com/maps?q=31.5196030,74.3589170"
"4122","Umer Kite","Kite Flying - Seller","HCC4+G9G, Fateh Garh Main Bazar Rd, Fateh Garh Fatehgarh, Lahore, Pakistan, Shalimar Town","Shalimar Town","03094663973","https://www.google.com/maps?q=31.5713070,74.4059080"
"4123","Khan kite house","Kite Flying - Seller","H875+3C7, Old Anarkali Rd, Anarkali Bazaar Lahore, 54000, Pakistan, Lahore City","Lahore City","03004013537","https://www.google.com/maps?q=31.5629590,74.3085320"
"4124","Us trader","Kite Flying - Trader","119, Block B Venus Housing Scheme, Lahore, Pakistan, Model Town","Model Town","03078081183","https://www.google.com/maps?q=31.4338610,74.3504010"
"4125","Ismail Kites","Kite Flying - Trader","H9HR+9F3, Nabi Pura, Lahore, Pakistan, Shalimar Town","Shalimar Town","03234702980","https://www.google.com/maps?q=31.5783910,74.3914970"
"4126","Kites","Kite Flying - Manufacturer","House no 29c gumbad colony daras barai main mughalpura lahore, Lahore Cantt","Lahore Cantt","03209439338","https://www.google.com/maps?q=31.5190320,74.3584040"
"4127","Ghazi Kite house","Kite Flying - Seller","Shahdara Metro Sation (RT18), Saeed Park Shahdara Town, Shahdara, Pakistan, Ravi Town","Ravi Town","03344659242","https://www.google.com/maps?q=31.6167310,74.2908760"
"4128","Malik Kite","Kite Flying - Seller","H9GJ+87F, Shalimar Hospital Ave, Shalimar Larechs Colony, Lahore, 54000, Pakistan, Shalimar Town","Shalimar Town","03217070271","https://www.google.com/maps?q=31.5759140,74.3801360"
"4129","Estate consultant","Kite Flying - Seller","C7XW+WH3, Ghausia Colony, Lahore, 54770, Pakistan, Model Town","Model Town","03078870611","https://www.google.com/maps?q=31.4495930,74.2965980"
"4130","Shah kite","Kite Flying - Manufacturer","H738+6F5, Lahore, 54000, Pakistan, Lahore City","Lahore City","03364426153","https://www.google.com/maps?q=31.5531670,74.2662650"
"4131","The Lost Chapter","Kite Flying - Seller","F8JF+W5W, Model Town Circular Road, Model Town, Lahore, Pakistan, Model Town","Model Town","03218233229","https://www.google.com/maps?q=31.4887430,74.3282390"
"4132","AWAN PRINTING PRESS","Kite Flying - Trader","C9Q4+QRX, Kamahan - Lidher Rd, Gulshan Yaseen Colony, Lahore, Pakistan, Nishter Town","Nishter Town","03030305959","https://www.google.com/maps?q=31.4394860,74.3572770"
"4133","Prince Kite Maker","Kite Flying - Trader","St#20, Building Little Angel school, Street yahya park, Fateh Shadi Hall, Sue Wala Rd, in front of Al, Daroghawala, Lahore, 54000, Pakistan, Shalimar Town","Shalimar Town","03204857980","https://www.google.com/maps?q=31.5810320,74.3989620"
"4134","Shaszad Caan (SMC-Private)limited","Kite Flying - Trader","47 Quaid-E-Azam Boulevard, Quaid-e-Azam Industrial Estate Quaid e Azam Industrial Estate, Lahore, 54000, Pakistan, Model Town","Model Town","03174242122","https://www.google.com/maps?q=31.4557570,74.3272210"
"4135","Bhatti Kites","Kite Flying - Seller","J7MH+CQ Lahore, Pakistan, Ravi Town","Ravi Town","03004089665","https://www.google.com/maps?q=31.6335790,74.2794660"
"4136","Umair kite","Kite Flying - Trader","J766+XWR, Jaranwala Rd, Begum Kot Shahdara Town, Shahdara, 54950, Pakistan, Ravi Town","Ravi Town","03215461471","https://www.google.com/maps?q=31.6124350,74.2624030"
"4137","Ahmad Kite Flying","Kite Flying - Manufacturer","H72J+6WV، Moon Market Road، E Block Block E Gulshan-e-Ravi, Lahore, 54500, Pakistan, Lahore City","Lahore City","03144876287","https://www.google.com/maps?q=31.5506210,74.2822920"
"4138","Uk Kite Trader","Kite Flying - Trader","Muzamil Town, 20-KM Multan Rd, Manowal, Lahore, Pakistan, Allama Iqbal","Allama Iqbal","03214820046","https://www.google.com/maps?q=31.4344770,74.1806870"
"4139","Subah Allah General Stor","Kite Flying - Trader","House NO. E996 DHA Phase 1 Lahore Cantt Lahore, Charrar Charar Pind, Lahore, Pakistan, Lahore Cantt","Lahore Cantt","03034233246","https://www.google.com/maps?q=31.4763200,74.3871580"
"4140","lahore kite house","Kite Flying - Trader","C7JX+7VV, Bagrian Green Town, Lahore, Pakistan, Model Town","Model Town","03110459697","https://www.google.com/maps?q=31.4308820,74.2996120"
"4141","lahori kites","Kite Flying - Seller","862F+J9X, Pajian, Lahore, Pakistan, Raiwind","Raiwind","03059708315","https://www.google.com/maps?q=31.3012670,74.2233160"
"4142","Ahmad kites","Kite Flying - Seller","H7RX+56W, Ravi Rd, Karim Park Block 1 Karim Park, Lahore, Pakistan, Lahore City","Lahore City","03297604402","https://www.google.com/maps?q=31.5902360,74.2982460"
"4143","Sultan Ahmad Bassant kite Saller & Traders","Kite Flying - Trader","F7W5+PWJ, Maraghzar Colony Kakazai, Lahore, Pakistan, Allama Iqbal","Allama Iqbal","03212966760","https://www.google.com/maps?q=31.4967640,74.2598920"
"4144","Private limited","Kite Flying - Manufacturer","Plot 1100, Sector D2 Sector D 2 Block 1 Green Town, Lahore, Pakistan, Model Town","Model Town","03014137593","https://www.google.com/maps?q=31.4309250,74.3053360"
"4145","Haji liaqat kite shop","Kite Flying - Seller","809 D1 gujjar pura scheme lahore, Lahore Cantt","Lahore Cantt","03104585320","https://www.google.com/maps?q=31.5172950,74.3590950"
"4146","moosa kite","Kite Flying - Seller","J8G5+V3F, Main Bazar Rd, Shahdara Town, Lahore, Pakistan, Ravi Town","Ravi Town","03228070203","https://www.google.com/maps?q=31.6271850,74.3076250"
"4147","MIRZA G KITE CENTER","Kite Flying - Seller","GGGV+875، 1، Mansoor Pati Manhala, 53400, Pakistan, Wahgah Town","Wahgah Town","03235126453","https://www.google.com/maps?q=31.5257960,74.5425010"
"4148","Shahmeer kite flying","Kite Flying - Seller","H9JF+76X, Baghbanpura, Lahore, 54000, Pakistan, Shalimar Town","Shalimar Town","03234471581","https://www.google.com/maps?q=31.5809210,74.3730640"
"4149","Prince Kite Maker","Kite Flying - Seller","H9JW+5HC, Rasheed Pura Rd, Shahid Park, Lahore, Pakistan, Shalimar Town","Shalimar Town","03204857980","https://www.google.com/maps?q=31.5798790,74.3964420"
"4150","adil kits","Kite Flying - Trader","65, Commercial Area Block B Pak-Arab Housing Scheme, Lahore, 54000, Pakistan, Nishter Town","Nishter Town","03244600009","https://www.google.com/maps?q=31.4320530,74.3509400"
"4151","moosa kite","Kite Flying - Manufacturer","J8G5+V3F, Main Bazar Rd, Shahdara Town, Lahore, Pakistan, Ravi Town","Ravi Town","03228070203","https://www.google.com/maps?q=31.6271850,74.3076250"
"4152","Malik Kite","Kite Flying - Manufacturer","H9GH+CMF, Shalimar Link Road, Shalimar Larechs Colony, Lahore, 54840, Pakistan, Shalimar Town","Shalimar Town","03217070271","https://www.google.com/maps?q=31.5760720,74.3789430"
"4153","Faizan Kite House","Kite Flying - Seller","F7X6+XH2, Hajvery Rd, Billal Town Kakazai, Lahore, Pakistan, Allama Iqbal","Allama Iqbal","03074011095","https://www.google.com/maps?q=31.4998970,74.2615700"
"4154","Basant back official kite seller","Kite Flying - Trader","Plot 184, Township Block 3 Sector B 1 Lahore, 54600, Pakistan, Model Town","Model Town","03041444356","https://www.google.com/maps?q=31.4602920,74.3138720"
"4155","NOMI KITE HOUSE","Kite Flying - Seller","HOUSE NO 02 STREET NO 03 KAMAHAN METRO STATION NO 22 CHUNGI AMER SIDHU LAHORE, Model Town","Model Town","03149501418","https://www.google.com/maps?q=31.4424330,74.3535720"
"4156","Basant kite","Kite Flying - Seller","CFRW+CHH, Karbath, Lahore, Pakistan, Lahore Saddar","Lahore Saddar","03096446013","https://www.google.com/maps?q=31.4408440,74.4964520"
"4157","Noman Kite House","Kite Flying - Seller","F88M+Q4C, Liaquatabad (Dhalla), Lahore, Pakistan, Model Town","Model Town","03271447736","https://www.google.com/maps?q=31.4668070,74.3327340"
"4158","Friends kite shop","Kite Flying - Seller","F923+F3R, Ismail Nagar Gul Colony, Lahore, Pakistan, Model Town","Model Town","03034114984","https://www.google.com/maps?q=31.4516940,74.3524220"
"4159","Faizan kite house","Kite Flying - Seller","F9H8+Q6W, Pir Colony, Lahore, Pakistan, Model Town","Model Town","03200010172","https://www.google.com/maps?q=31.4793740,74.3658710"
"4160","Kite Seller","Kite Flying - Seller","Plot 361, Sector Q DHA Phase 2, Lahore, Pakistan, Lahore Cantt","Lahore Cantt","03088960155","https://www.google.com/maps?q=31.4828990,74.4116120"
"4161","BZ Kites & Strings","Kite Flying - Trader","Plot 223, DHA Phase 8 - Ex Air Avenue Block M Air Avenue, Lahore, Pakistan, Lahore Cantt","Lahore Cantt","03364441005","https://www.google.com/maps?q=31.5093830,74.4397720"
"4162","Uk Kite Maker","Kite Flying - Manufacturer","Muzamil Town, 20-KM Multan Rd, Manowal, Lahore, Pakistan, Allama Iqbal","Allama Iqbal","03214820046","https://www.google.com/maps?q=31.4344800,74.1806240"
"4163","Asif kite point","Kite Flying - Trader","76, Township Block 3 Sector D1 Lahore, Pakistan, Model Town","Model Town","03222333982","https://www.google.com/maps?q=31.4384860,74.3092650"
"4164","Raza Traders","Kite Flying - Seller","19 main Urdu Bazar, Anarkali Bazaar Lahore, 54000, Pakistan, Lahore City","Lahore City","03213242878","https://www.google.com/maps?q=31.5759530,74.3089340"
"4165","19 Crust Pizza","Kite Flying - Manufacturer","128, Model Town Extension Block S Model Town, Lahore, 54700, Pakistan, Model Town","Model Town","03078742522","https://www.google.com/maps?q=31.4698710,74.3319710"
"4166","Ijaz kites shop","Kite Flying - Seller","FC9J+G43, Bedian Rd, Sultan Colony Jamun, Lahore, Pakistan, Lahore Saddar","Lahore Saddar","03045525442","https://www.google.com/maps?q=31.4687040,74.4303820"
"4167","Tabinda Traders","Kite Flying - Trader","865H+237, Tibba Bur Singh, Lahore, Pakistan, Raiwind","Raiwind","03015400275","https://www.google.com/maps?q=31.3063800,74.2283630"
"4168","khawaja traders","Kite Flying - Seller","F965+6F9, Gul Colony, Lahore, Pakistan, Model Town","Model Town","03006432160","https://www.google.com/maps?q=31.4606990,74.3588520"
"4169","ALLAH MALIK KITES","Kite Flying - Trader","J935+98C, China Rd, China Scheme, Lahore, Pakistan, Ravi Town","Ravi Town","03004708209, 03224248835","https://www.google.com/maps?q=31.6032050,74.3583330"
"4170","FAHAD KITE SHOP","Kite Flying - Seller","15 Jail Rd, Jinnah Town, Lahore, 54000, Pakistan, Model Town","Model Town","03274655311","https://www.google.com/maps?q=31.5453780,74.3193260"
"4171","Basant studio","Kite Flying - Trader","H972+3H4, Garhi Shahu, Lahore, 54000, Pakistan, Shalimar Town","Shalimar Town","03224051771","https://www.google.com/maps?q=31.5627080,74.3514080"
"4172","Flight Zone Kite Traders","Kite Flying - Trader","26 Street 2, Gopal Nagar Block P Gopal Nagar, Lahore, Pakistan, Model Town","Model Town","03204346504","https://www.google.com/maps?q=31.4871090,74.3443820"
"4173","Sharjeel kite house","Kite Flying - Manufacturer","64 AH1, Anarkali Bazaar Mohalla Sathan Walled City of Lahore, Lahore, 54000, Pakistan, Lahore City","Lahore City","03134525245","https://www.google.com/maps?q=31.5776610,74.3088190"
"4174","Seller kites","Kite Flying - Trader","86PP+QH, Kot Araian, Lahore, Pakistan, Raiwind","Raiwind","03001483168","https://www.google.com/maps?q=31.3369350,74.2364540"
"4175","chaudhary traders","Kite Flying - Seller","F7X3+XW6, Maraghzar Colony Block N Kakazai, Lahore, Pakistan, Allama Iqbal","Allama Iqbal","03249698869","https://www.google.com/maps?q=31.4999060,74.2547460"
"4176","Muhammad Afzal Kite Flying - Trader","Kite Flying - Trader","H8GC+WJ3, Kucha Chagtah Walled City of Lahore, Lahore, 54000, Pakistan, Lahore City","Lahore City","03004307278","https://www.google.com/maps?q=31.5772900,74.3215000"
"4177","Waqar mobile","Kite Flying - Trader","CCWR+W85, DHA Phase 9 Town Lahore, Pakistan, Lahore Saddar","Lahore Saddar","03000021285","https://www.google.com/maps?q=31.4466680,74.4387790"
"4178","Sam sports","Kite Flying - Manufacturer","G9V2+PWX, Upper Mall Scheme, Lahore, Pakistan, Lahore Cantt","Lahore Cantt","03074786650","https://www.google.com/maps?q=31.5442290,74.3520460"
"4179","Kite flying","Kite Flying - Seller","Meher Market, Multan Rd, Muridwal, Hanjarwal, Lahore, Punjab, F7P5+H8Q, Hanjarwal, Lahore, Pakistan, Allama Iqbal","Allama Iqbal","03064074456","https://www.google.com/maps?q=31.4864640,74.2583330"
"4180","NS kites pakistan","Kite Flying - Trader","53 McLeod Rd, Garhi Shahu, Lahore, 54000, Pakistan, Shalimar Town","Shalimar Town","03244777416","https://www.google.com/maps?q=31.5710170,74.3308940"
"4181","Fizankite center","Kite Flying - Trader","19 main Urdu Bazar, Anarkali Bazaar Lahore, 54000, Pakistan, Lahore City","Lahore City","03214352915","https://www.google.com/maps?q=31.5759530,74.3089340"
"4182","Golden Kites Traders","Kite Flying - Trader","H8HC+FX5, Lal Khoo Bazar, Sher Galiyan Mochi Gate Walled City of Lahore, Lahore, 54000, Pakistan, Lahore City","Lahore City","03271412411","https://www.google.com/maps?q=31.5786340,74.3225880"
"4183","Kite seller","Kite Flying - Seller","96GJ+Q5P, Raiwind Rd, Chamru Pur Lahore, Pakistan, Raiwind","Raiwind","03001483168","https://www.google.com/maps?q=31.3369540,74.2364690"
"4184","Sharjeel kite house","Kite Flying - Seller","19 main Urdu Bazar, Anarkali Bazaar Lahore, 54000, Pakistan, Lahore City","Lahore City","03134525245","https://www.google.com/maps?q=31.5759530,74.3089340"
"4185","Golden Kites Manufacturer","Kite Flying - Manufacturer","H8HC+FX5, Lal Khoo Bazar, Sher Galiyan Mochi Gate Walled City of Lahore, Lahore, 54000, Pakistan, Lahore City","Lahore City","03271412411","https://www.google.com/maps?q=31.5786340,74.3225880"
"4186","Haider Kites Centre","Kite Flying - Manufacturer","G9C5+4FG, Block N Gulberg III, Lahore, Pakistan, Lahore Cantt","Lahore Cantt","03226582898","https://www.google.com/maps?q=31.5203250,74.3586200"
"4187","M&U kite club","Kite Flying - Seller","J7JJ+443, Sui Gas Rd, Shahdara Town, Lahore, Pakistan, Ravi Town","Ravi Town","03324353637","https://www.google.com/maps?q=31.6306520,74.2802370"
"4188","M&U kite club","Kite Flying - Trader","J7JJ+443, Sui Gas Rd, Shahdara Town, Lahore, Pakistan, Ravi Town","Ravi Town","03324353637","https://www.google.com/maps?q=31.6306520,74.2802370"
"4189","Azmat kite seller","Kite Flying - Seller","J8H2+CC7, Shahdara Town, Shahdara, Pakistan, Ravi Town","Ravi Town","03078770887","https://www.google.com/maps?q=31.6286760,74.3010580"
"4190","FR Trader","Kite Flying - Trader","36, Block C Pia Housing Scheme, Lahore, 54770, Pakistan, Allama Iqbal","Allama Iqbal","03234747762","https://www.google.com/maps?q=31.4483090,74.2797200"
"4191","Raza","Kite Flying - Seller","13 Prem St, Garhi Shahu, Lahore, 54000, Pakistan, Shalimar Town","Shalimar Town","03210599990","https://www.google.com/maps?q=31.5738160,74.3269230"
"4192","SMOKERS ALLEY","Kite Flying - Trader","10d PIA Main Boulevard, Block D Pia Housing Scheme, Lahore, 54770, Pakistan, Model Town","Model Town","03398886336","https://www.google.com/maps?q=31.4465180,74.2812410"
"4193","Rizwan Kites Seller","Kite Flying - Seller","H823+PJJ, Poonch Rd, Pounch House Colony Chauburji Quarters, Lahore, 54000, Pakistan, Lahore City","Lahore City","03214204504","https://www.google.com/maps?q=31.5521800,74.3037300"
"4194","Shahzaib Traders","Kite Flying - Trader","Batapur، GT RD-Burki Rd Link, Khaira, Lahore, 54000, Pakistan, Wahgah Town","Wahgah Town","03094742481","https://www.google.com/maps?q=31.5823540,74.5007760"